Nest_ID,Treatment,Status,Tortoise_ID,Tank,Notch,ExpDay_measure1,Measure_01,Mass_01,Measure_10_Before,CL_10,Mass_10,ExpDay_measure10_Before,DaysBTW1-10_Before,Mass_m10-m1_Before,Growth_rate_Before,Measure_15_During,CL_15,Mass_15,ExpDay_measure15_During,DaysBTW10-15_During,Mass_m15-m10_During,Growth_rate_During,Measure_16_3_Weeks_Post,CL_16,Mass_16,ExpDay_measure16_3_Weeks_Post,DaysBTW15-16_3_Weeks_Post,Mass_m16-m15_3_Weeks_Post,Growth_rate_3_Weeks_Post,Measure_19_3_Months_Post,CL_19,Mass_19,ExpDay_measure19_3_Months_Post,DaysBTW16-19_3_Months_Post,Mass_m19-m16_3_Months_Post,Growth_rate_3_Months_Post,Measure_20_1_Year_Post,CL_20,Mass_20,ExpDay_measure20_1_Year_Post,DaysBTW19-20_1_Year_Post,Mass_m20-m19_1_Year_Post,Growth_rate_1.5_Year_Post
GT2023_N01,NA,Not_Viable,Not_Viable,NA,,,,,,,,,,,,,,,,,,,,,,,,,,,,,,,,,,,,,,,
GT2023_N02,NA,Not_Viable,Not_Viable,NA,,,,,,,,,,,,,,,,,,,,,,,,,,,,,,,,,,,,,,,
GT2023_N02,Cold dormancy,Hatched,GT2023_N02.02,3,304,6,8/19/23,33.14,11/24/23,64.2,66.11,103,97,32.97,0.339896907,2/27/24,68.2,74.4,198,95,8.29,0.087263158,3/17/24,70.6,84.8,217,19,10.4,0.547368421,6/16/24,85.4,156.1,308,91,71.3,0.783516484,7/11/25,94,171,698,390,14.9,0.038205128
GT2023_N02,Cold dormancy,Hatched,GT2023_N02.03,4,311,8,8/21/23,29.27,11/24/23,62.2,58.3,103,95,29.03,0.305578947,2/27/24,64.1,60.5,198,95,2.2,0.023157895,3/17/24,66.8,72.4,217,19,11.9,0.626315789,6/16/24,79.1,114.3,308,91,41.9,0.46043956,,,,,,,
GT2023_N02,Constant heat,Hatched,GT2023_N02.04,5,314,9,8/22/23,31.12,11/24/23,64.2,69.11,103,94,37.99,0.404148936,2/17/24,84.7,136.9,198,95,67.79,0.713578947,3/17/24,87.7,156.6,217,19,19.7,1.036842105,6/16/24,95.5,225.5,308,91,68.9,0.757142857,7/10/25,105,247.3,697,389,21.8,0.056041131
GT2023_N03,Cold dormancy,Hatched,GT2023_N03.01,6,321,11,8/24/23,29.23,11/24/23,68.8,76.07,103,92,46.84,0.509130435,2/27/24,73.5,82.6,198,95,6.53,0.068736842,3/17/24,75.7,97.6,217,19,15,0.789473684,6/16/24,91.6,182.1,308,91,84.5,0.928571429,7/13/25,109,242.2,700,392,60.1,0.153316327
GT2023_N03,Cold dormancy,Hatched,GT2023_N03.02,7,326,12,8/25/23,29.25,11/24/23,68.8,67.72,103,91,38.47,0.422747253,2/27/24,73.7,78.6,198,95,10.88,0.114526316,3/17/24,75.7,87.7,217,19,9.1,0.478947368,6/16/24,91.6,158.1,308,91,70.4,0.773626374,,,,,,,
GT2023_N03,Constant heat,Hatched,GT2023_N03.03,8,315,9,8/22/23,27.83,11/24/23,61.4,52.57,103,94,24.74,0.263191489,2/17/24,79.9,106.8,198,95,54.23,0.570842105,3/17/24,84.6,127.2,217,19,20.4,1.073684211,6/16/24,89.9,147.9,308,91,20.7,0.227472527,,,,,,,
GT2023_N03,Cold dormancy,Hatched,GT2023_N03.04,9,320,10,8/23/23,28.19,11/24/23,64,66.21,103,93,38.02,0.408817204,2/27/24,70,76.1,198,95,9.89,0.104105263,3/17/24,71.9,85.6,217,19,9.5,0.5,6/16/24,83,130.5,308,91,44.9,0.493406593,,,,,,,
GT2023_N04,NA,Not_Viable,Not_Viable,NA,,,,,,,,103,103,0,0,,,,198,95,0,0,,,,217,19,0,0,,,,308,91,0,0,,,,,,,
GT2023_N04,NA,Not_Viable,Not_Viable,NA,,,,,,,,103,103,0,0,,,,198,95,0,0,,,,217,19,0,0,,,,308,91,0,0,,,,,,,
GT2023_N04,NA,Not_Viable,Not_Viable,NA,,,,,,,,103,103,0,0,,,,198,95,0,0,,,,217,19,0,0,,,,308,91,0,0,,,,,,,
GT2023_N04,NA,Not_Viable,Not_Viable,NA,,,,,,,,103,103,0,0,,,,198,95,0,0,,,,217,19,0,0,,,,308,91,0,0,,,,,,,
GT2023_N05,Constant heat,Hatched,GT2023_N05.01,10,332,14,8/27/23,36.22,11/24/23,66.6,72.57,103,89,36.35,0.408426966,2/17/24,93.6,173.6,198,95,101.03,1.063473684,3/17/24,98.9,221.5,217,19,47.9,2.521052632,6/16/24,121.5,364.4,308,91,142.9,1.57032967,,,,,,,
GT2023_N05,Cold dormancy,Hatched,GT2023_N05.02,11,346,17,8/30/23,39.12,11/24/23,67.3,73.48,103,86,34.36,0.399534884,2/27/24,71.2,85.6,198,95,12.12,0.127578947,3/17/24,74,94.8,217,19,9.2,0.484210526,6/16/24,93,192.2,308,91,97.4,1.07032967,7/10/25,108,377.7,697,389,185.5,0.476863753
GT2023_N05,Constant heat,Hatched,GT2023_N05.03,12,345,17,8/30/23,38.36,11/24/23,74.7,96.85,103,86,58.49,0.680116279,2/17/24,103.4,252.7,198,95,155.85,1.640526316,3/17/24,108.7,307.8,217,19,55.1,2.9,6/16/24,143.2,534.3,308,91,226.5,2.489010989,7/16/25,143,561.7,703,395,27.4,0.069367089
GT2023_N05,Cold dormancy,Hatched,GT2023_N05.04,1,336,15,8/28/23,40.51,11/24/23,70,73,103,88,32.49,0.369204545,2/27/24,70.7,75.1,198,95,2.1,0.022105263,3/17/24,75,90.9,217,19,15.8,0.831578947,6/16/24,91.9,180.4,308,91,89.5,0.983516484,,,,,,,
GT2023_N05,Constant heat,Hatched,GT2023_N05.05,2,327,13,8/26/23,40.91,11/24/23,69.6,78.65,103,90,37.74,0.419333333,2/17/24,85,141.9,198,95,63.25,0.665789474,3/17/24,91.6,168.1,217,19,26.2,1.378947368,6/16/24,101.3,251.4,308,91,83.3,0.915384615,,,,,,,
GT2023_N05,Cold dormancy,Hatched,GT2023_N05.06,3,340,16,8/29/23,40.61,11/24/23,68.3,77.37,103,87,36.76,0.422528736,2/27/24,70.7,80.3,198,95,2.93,0.030842105,3/17/24,72.9,88.7,217,19,8.4,0.442105263,6/16/24,77.5,97.8,308,91,9.1,0.1,,,,,,,
GT2023_N06,Constant heat,Hatched,GT2023_N06.01,4,312,8,8/21/23,32.32,11/24/23,61.1,58.02,103,95,25.7,0.270526316,2/17/24,70,87.5,198,95,29.48,0.310315789,3/17/24,71.4,93.6,217,19,6.1,0.321052632,6/16/24,73.3,93.5,308,91,-0.1,-0.001098901,,,,,,,
GT2023_N06,Constant heat,Hatched,GT2023_N06.02,5,306,6,8/19/23,32.62,11/24/23,63.9,66.26,103,97,33.64,0.346804124,2/17/24,84.2,129.3,198,95,63.04,0.663578947,3/17/24,87.2,155,217,19,25.7,1.352631579,6/16/24,99.9,235.1,308,91,80.1,0.88021978,,,,,,,
GT2023_N06,Cold dormancy,Hatched,GT2023_N06.03,6,317,9,8/22/23,31.69,11/24/23,66,70.76,103,94,39.07,0.415638298,2/27/24,71.2,82.9,198,95,12.14,0.127789474,3/17/24,73.8,92.5,217,19,9.6,0.505263158,6/16/24,92.2,187.2,308,91,94.7,1.040659341,7/17/25,101,199.4,704,396,12.2,0.030808081
GT2023_N06,Cold dormancy,Hatched,GT2023_N06.04,7,309,7,8/20/23,34.87,11/24/23,64.3,69.07,103,96,34.2,0.35625,2/27/24,68.7,77.8,198,95,8.73,0.091894737,3/17/24,70.8,91,217,19,13.2,0.694736842,6/16/24,86.1,166.1,308,91,75.1,0.825274725,8/7/25,97,190.8,725,417,24.7,0.059232614
GT2023_N06,Constant heat,Hatched,GT2023_N06.05,8,301,5,8/18/23,34,11/24/23,62.5,63.47,103,98,29.47,0.300714286,2/17/24,82.6,130,198,95,66.53,0.700315789,3/17/24,89.7,168.3,217,19,38.3,2.015789474,6/16/24,103.1,258.9,308,91,90.6,0.995604396,7/11/25,121,348.4,698,390,89.5,0.229487179
GT2023_N07,Cold dormancy,Hatched,GT2023_N07.01,9,319,10,8/23/23,24.97,11/24/23,61.4,56.81,103,93,31.84,0.342365591,2/27/24,64.3,56.1,198,95,-0.71,-0.007473684,3/17/24,65.7,67.6,217,19,11.5,0.605263158,6/16/24,79.1,120.8,308,91,53.2,0.584615385,7/25/25,91,159.5,712,404,38.7,0.095792079
GT2023_N07,Constant heat,Hatched,GT2023_N07.02,10,350,18,8/31/23,29.07,11/24/23,59.5,51.7,103,85,22.63,0.266235294,2/17/24,77.8,107,198,95,55.3,0.582105263,3/17/24,83.8,123.7,217,19,16.7,0.878947368,6/16/24,91.4,184.2,308,91,60.5,0.664835165,,,,,,,
GT2023_N07,Cold dormancy,Hatched,GT2023_N07.03,11,329,13,8/26/23,27.79,11/24/23,61.2,55.67,103,90,27.88,0.309777778,2/27/24,64.2,61.1,198,95,5.43,0.057157895,3/17/24,66.2,68.7,217,19,7.6,0.4,6/16/24,84.9,148.2,308,91,79.5,0.873626374,,,,,,,
GT2023_N07,Constant heat,Hatched,GT2023_N07.04,2,324,11,8/24/23,28.92,11/24/23,61.9,58.04,103,92,29.12,0.316521739,2/17/24,73.4,97.2,198,95,39.16,0.412210526,3/17/24,76.5,111.5,217,19,14.3,0.752631579,6/16/24,83.6,146.6,308,91,35.1,0.385714286,7/7/25,90,143.4,694,386,-3.2,-0.008290155
GT2023_N07,Cold dormancy,Hatched,GT2023_N07.05,1,328,13,8/26/23,28.6,11/24/23,64.7,63.95,103,90,35.35,0.392777778,2/27/24,69.3,74.9,198,95,10.95,0.115263158,3/17/24,70.5,81.1,217,19,6.2,0.326315789,6/16/24,84.1,151.5,308,91,70.4,0.773626374,,,,,,,
GT2023_N08,Constant heat,Hatched,GT2023_N08.01,2,316,9,8/22/23,38.33,11/24/23,67.9,74.57,103,94,36.24,0.385531915,2/17/24,80.1,121,198,95,46.43,0.488736842,3/17/24,84.1,139.4,217,19,18.4,0.968421053,6/16/24,95,210.9,308,91,71.5,0.785714286,7/11/25,120,340.4,698,390,129.5,0.332051282
GT2023_N08,Cold dormancy,Hatched,GT2023_N08.02,3,308,7,8/20/23,37.77,11/24/23,70.1,75.7,103,96,37.93,0.395104167,2/27/24,72.6,81,198,95,5.3,0.055789474,3/17/24,75.4,100,217,19,19,1,6/16/24,93.8,200,308,91,100,1.098901099,,,,,,,
GT2023_N08,NA,Not_Viable,Not_Viable,NA,,,,,,,,103,103,0,0,,,,198,95,0,0,,,,217,19,0,0,,,,308,91,0,0,,,,,,,
GT2023_N09,Constant heat,Hatched,GT2023_N09.01,4,341,16,8/29/23,30.33,11/24/23,61.8,59.77,103,87,29.44,0.338390805,2/17/24,86.4,134.1,198,95,74.33,0.782421053,3/17/24,90.4,154.1,217,19,20,1.052631579,6/16/24,103.8,257.2,308,91,103.1,1.132967033,7/17/25,118,277.3,704,396,20.1,0.050757576
GT2023_N09,Constant heat,Hatched,GT2023_N09.02,5,334,14,8/27/23,30.6,11/24/23,62.4,54.6,103,89,24,0.269662921,2/17/24,81.5,111.1,198,95,56.5,0.594736842,3/17/24,83.1,122.3,217,19,11.2,0.589473684,6/16/24,93.5,165.5,308,91,43.2,0.474725275,,,,,,,
GT2023_N09,Cold dormancy,Hatched,GT2023_N09.03,6,343,17,8/30/23,30.3,11/24/23,67,70.6,103,86,40.3,0.468604651,2/27/24,72.4,79.1,198,95,8.5,0.089473684,3/17/24,75.4,97.8,217,19,18.7,0.984210526,6/16/24,94.1,180.8,308,91,83,0.912087912,7/20/25,111,240.2,707,399,59.4,0.14887218
GT2023_N09,Constant heat,Hatched,GT2023_N09.04,7,335,15,8/28/23,29.89,11/24/23,59.9,52.08,103,88,22.19,0.252159091,2/17/24,78.9,107,198,95,54.92,0.578105263,3/17/24,84.9,129.4,217,19,22.4,1.178947368,6/16/24,93.9,192,308,91,62.6,0.687912088,7/15/25,112,256.4,702,394,64.4,0.163451777
GT2023_N09,Constant heat,Hatched,GT2023_N09.05,8,349,18,8/31/23,32.2,11/24/23,62,64.55,103,85,32.35,0.380588235,2/17/24,85.5,134,198,95,69.45,0.731052632,3/17/24,91.5,167.3,217,19,33.3,1.752631579,6/16/24,106.5,292.3,308,91,125,1.373626374,,,,,,,
GT2023_N09,Cold dormancy,Hatched,GT2023_N09.06,9,338,16,8/29/23,30.77,11/24/23,66,68,103,87,37.23,0.427931034,2/27/24,71.6,77.3,198,95,9.3,0.097894737,3/17/24,72.8,87.8,217,19,10.5,0.552631579,6/16/24,86.9,142,308,91,54.2,0.595604396,,,,,,,
GT2023_N10,Constant heat,Hatched,GT2023_N10.01,10,358,29,9/11/23,34.32,11/24/23,63.3,61.95,103,74,27.63,0.373378378,2/17/24,82.7,115.8,198,95,53.85,0.566842105,3/17/24,87.7,145.8,217,19,30,1.578947368,6/16/24,92.1,184.8,308,91,39,0.428571429,,,,,,,
GT2023_N10,Cold dormancy,Hatched,GT2023_N10.02,11,360,29,9/11/23,32.99,11/24/23,58.2,49.81,103,74,16.82,0.227297297,2/27/24,60.4,53.2,198,95,3.39,0.035684211,3/17/24,63.4,60,217,19,6.8,0.357894737,6/16/24,77,106.7,308,91,46.7,0.513186813,,,,,,,
GT2023_N10,Constant heat,Hatched,GT2023_N10.03,12,356,25,9/7/23,32.52,11/24/23,59.5,50.35,103,78,17.83,0.228589744,2/17/24,75.9,87.6,198,95,37.25,0.392105263,3/17/24,78.7,112,217,19,24.4,1.284210526,6/16/24,83,121.5,308,91,9.5,0.104395604,,,,,,,
GT2023_N10,Cold dormancy,Hatched,GT2023_N10.04,1,355,24,9/6/23,34.37,11/24/23,62.8,58.4,103,79,24.03,0.304177215,2/27/24,65.6,61.6,198,95,3.2,0.033684211,3/17/24,68.6,72.2,217,19,10.6,0.557894737,6/16/24,83.6,135.2,308,91,63,0.692307692,7/8/25,97,178.6,695,387,43.4,0.112144703
GT2023_N10,Constant heat,Hatched,GT2023_N10.05,2,359,29,9/11/23,34.59,11/24/23,64.5,63.09,103,74,28.5,0.385135135,2/17/24,78.5,111,198,95,47.91,0.504315789,3/17/24,82.5,120,217,19,9,0.473684211,6/16/24,88.4,154,308,91,34,0.373626374,7/10/25,111,221.2,697,389,67.2,0.172750643
GT2023_N10,Cold dormancy,Hatched,GT2023_N10.06,3,357,25,9/7/23,34.09,11/24/23,65.6,65.73,103,78,31.64,0.405641026,2/27/24,69.1,68.5,198,95,2.77,0.029157895,3/17/24,72.1,81,217,19,12.5,0.657894737,6/16/24,89.8,161.3,308,91,80.3,0.882417582,,,,,,,
GT2023_N11,Cold dormancy,Hatched,GT2023_N11.01,4,330,13,8/26/23,31.64,11/24/23,66.9,72.72,103,90,41.08,0.456444444,2/27/24,72.9,79.5,198,95,6.78,0.071368421,3/17/24,74.2,92.6,217,19,13.1,0.689473684,6/16/24,83.9,148.5,308,91,55.9,0.614285714,,,,,,,
GT2023_N11,Constant heat,Hatched,GT2023_N11.02,5,322,11,8/24/23,33.42,11/24/23,62,61.15,103,92,27.73,0.301413043,2/17/24,79.2,117.2,198,95,56.05,0.59,3/17/24,85.9,136.1,217,19,18.9,0.994736842,6/16/24,98.9,237.9,308,91,101.8,1.118681319,,,,,,,
GT2023_N11,Cold dormancy,Hatched,GT2023_N11.03,6,318,9,8/22/23,34.77,11/24/23,67.7,72.34,103,94,37.57,0.399680851,2/27/24,71.3,76.9,198,95,4.56,0.048,3/17/24,73.6,90,217,19,13.1,0.689473684,6/16/24,81.6,124.4,308,91,34.4,0.378021978,,,,,,,
GT2023_N11,Constant heat,Hatched,GT2023_N11.04,7,323,9,8/24/23,33.42,11/24/23,63,63.7,103,94,30.28,0.32212766,2/17/24,81.2,125.3,198,95,61.6,0.648421053,3/17/24,85.5,149.3,217,19,24,1.263157895,6/16/24,95.7,234.8,308,91,85.5,0.93956044,,,,,,,
GT2023_N12,NA,Not_Viable,Not_Viable,NA,,,,,,,,103,103,0,0,,,,198,95,0,0,,,,217,19,0,0,,,,308,91,0,0,,,,,,,
GT2023_N12,Constant heat,Hatched,GT2023_N12.02,8,305,6,8/19/23,25.44,11/24/23,58.1,48.74,103,97,23.3,0.240206186,2/17/24,78.5,103.5,198,95,54.76,0.576421053,3/17/24,85.1,131.3,217,19,27.8,1.463157895,6/16/24,103.1,258.9,308,91,127.6,1.402197802,7/21/25,106,225.6,708,400,-33.3,-0.08325
GT2023_N12,NA,Not_Viable,Not_Viable,NA,,,,,,,,103,103,0,0,,,,198,95,0,0,,,,217,19,0,0,,,,308,91,0,0,,,,,,,
GT2023_N12,Cold dormancy,Hatched,GT2023_N12.04,7,302,5,8/18/23,26.96,11/24/23,67.3,68.2,103,98,41.24,0.420816327,2/27/24,72.9,77.9,198,95,9.7,0.102105263,3/17/24,74.8,91.8,217,19,13.9,0.731578947,6/16/24,93.2,179,308,91,87.2,0.958241758,7/13/25,102,193.1,700,392,14.1,0.035969388
GT2023_N12,Cold dormancy,Hatched,GT2023_N12.05,11,307,6,8/19/23,28.35,11/24/23,62.7,56.82,103,97,28.47,0.293505155,2/27/24,66.4,62,198,95,5.18,0.054526316,3/17/24,67.8,75,217,19,13,0.684210526,6/16/24,84,134.7,308,91,59.7,0.656043956,,,,,,,
GT2023_N12,Constant heat,Hatched,GT2023_N12.06,10,303,5,8/18/23,28.7,11/24/23,57.6,50.81,103,98,22.11,0.225612245,2/17/24,77.7,108.5,198,95,57.69,0.607263158,3/17/24,82.7,123.9,217,19,15.4,0.810526316,6/16/24,91.9,192,308,91,68.1,0.748351648,8/5/25,99,190.2,723,415,-1.8,-0.004337349
GT2023_N13,Cold dormancy,Hatched,GT2023_N13.01,1,333,14,8/27/23,32.35,11/24/23,71.4,77.88,103,89,45.53,0.511573034,2/27/24,76.4,91.6,198,95,13.72,0.144421053,3/17/24,79.2,103.8,217,19,12.2,0.642105263,6/16/24,98.3,211.6,308,91,107.8,1.184615385,,,,,,,
GT2023_N13,Constant heat,Hatched,GT2023_N13.02,2,325,12,8/25/23,30.02,11/24/23,66.5,67.83,103,91,37.81,0.415494505,2/17/24,85,125.6,198,95,57.77,0.608105263,3/17/24,90.2,148.1,217,19,22.5,1.184210526,6/16/24,104.1,254.4,308,91,106.3,1.168131868,,,,,,,
GT2023_N13,Cold dormancy,Hatched,GT2023_N13.03,3,331,14,8/27/23,32.3,11/24/23,64.5,58.99,103,89,26.69,0.29988764,2/27/24,68.7,64.3,198,95,5.31,0.055894737,3/17/24,71.5,75.7,217,19,11.4,0.6,6/16/24,88.2,150.9,308,91,75.2,0.826373626,,,,,,,
GT2023_N13,Constant heat,Hatched,GT2023_N13.04,4,337,15,8/28/23,31.91,11/24/23,64.7,65.82,103,88,33.91,0.385340909,2/17/24,82.5,125.6,198,95,59.78,0.629263158,3/17/24,86.6,143,217,19,17.4,0.915789474,6/16/24,98.7,225,308,91,82,0.901098901,,,,,,,
GT2023_N13,NA,Not_Viable,Not_Viable,NA,,,,,,,,103,103,0,0,,,,198,95,0,0,,,,217,19,0,0,,,,308,91,0,0,,,,,,,
GT2023_N13,NA,Not_Viable,Not_Viable,NA,,,,,,,,103,103,0,0,,,,198,95,0,0,,,,217,19,0,0,,,,308,91,0,0,,,,,,,
GT2023_N14,NA,Not_Viable,Not_Viable,NA,,,,,,,,103,103,0,0,,,,198,95,0,0,,,,217,19,0,0,,,,308,91,0,0,,,,,,,
GT2023_N14,NA,Not_Viable,Not_Viable,NA,,,,,,,,103,103,0,0,,,,198,95,0,0,,,,217,19,0,0,,,,308,91,0,0,,,,,,,
GT2023_N14,NA,Not_Viable,Not_Viable,NA,,,,,,,,103,103,0,0,,,,198,95,0,0,,,,217,19,0,0,,,,308,91,0,0,,,,,,,
GT2023_N14,Constant heat,Hatched,GT2023_N14.04,12,313,14,8/27/23,29.9,11/24/23,60.2,52.81,103,89,22.91,0.25741573,2/17/24,79.7,110.8,198,95,57.99,0.610421053,3/17/24,85.7,131,217,19,20.2,1.063157895,6/16/24,96.7,218.8,308,91,87.8,0.964835165,,,,,,,
GT2023_N14,Cold dormancy,Hatched,GT2023_N14.05,11,310,8,8/21/23,34.9,11/24/23,65.1,72.04,103,95,37.14,0.390947368,2/27/24,71.5,76.4,198,95,4.36,0.045894737,3/17/24,74.4,92.7,217,19,16.3,0.857894737,6/16/24,92.9,186.6,308,91,93.9,1.031868132,,,,,,,
GT2023_N15,Constant heat,Hatched,GT2023_N15.01,12,344,17,8/30/23,30.48,11/24/23,60.5,57.42,103,86,26.94,0.313255814,2/17/24,77.4,104.4,198,95,46.98,0.494526316,3/17/24,85.1,133,217,19,28.6,1.505263158,6/16/24,99.5,232.1,308,91,99.1,1.089010989,,,,,,,
GT2023_N15,Cold dormancy,Hatched,GT2023_N15.02,1,342,17,8/30/23,24.54,11/24/23,66.2,67.88,103,86,43.34,0.503953488,2/27/24,69.1,77,198,95,9.12,0.096,3/17/24,75.2,86.2,217,19,9.2,0.484210526,6/16/24,84,145.5,308,91,59.3,0.651648352,,,,,,,
GT2023_N15,Constant heat,Hatched,GT2023_N15.03,2,339,16,8/29/23,31.05,11/24/23,68.3,74.7,103,87,43.65,0.501724138,2/17/24,84.6,128.9,198,95,54.2,0.570526316,3/17/24,85.4,141.4,217,19,12.5,0.657894737,6/16/24,96.3,221.8,308,91,80.4,0.883516484,,,,,,,
GT2023_N15,Cold dormancy,Hatched,GT2023_N15.04,3,347,17,8/30/23,30.11,11/24/23,65.8,66.26,103,86,36.15,0.420348837,2/27/24,68.3,70,198,95,3.74,0.039368421,3/17/24,71.2,81.3,217,19,11.3,0.594736842,6/16/24,75.3,100,308,91,18.7,0.205494505,,,,,,,
GT2023_N15,Constant heat,Hatched,GT2023_N15.05,4,348,18,8/31/23,31.52,11/24/23,61.7,60.64,103,85,29.12,0.342588235,2/17/24,73,88.2,198,95,27.56,0.290105263,3/17/24,77,106.8,217,19,18.6,0.978947368,6/16/24,91.9,115.3,308,91,8.5,0.093406593,7/8/25,129,365,695,387,249.7,0.645219638
GT2023_N16,NA,Not_Viable,Not_Viable,NA,,,,,,,,103,103,0,0,,,,198,95,0,0,,,,217,19,0,0,,,,308,91,0,0,,,,,,,
GT2023_N16,NA,Not_Viable,Not_Viable,NA,,,,,,,,103,103,0,0,,,,198,95,0,0,,,,217,19,0,0,,,,308,91,0,0,,,,,,,
GT2023_N17,NA,Not_Viable,Not_Viable,NA,,,,,,,,103,103,0,0,,,,198,95,0,0,,,,217,19,0,0,,,,308,91,0,0,,,,,,,
GT2023_N17,Cold dormancy,Hatched,GT2023_N17.02,7,352,24,9/6/23,32.95,11/24/23,65.5,67.5,103,79,34.55,0.437341772,2/27/24,70.9,89.2,198,95,21.7,0.228421053,3/17/24,74.5,103.6,217,19,14.4,0.757894737,6/16/24,90.3,183.3,308,91,79.7,0.875824176,,,,,,,
GT2023_N17,Constant heat,Hatched,GT2023_N17.03,8,353,24,9/6/23,31.23,11/24/23,62.6,64.01,103,79,32.78,0.414936709,2/17/24,89.7,160,198,95,95.99,1.010421053,3/17/24,96.6,206.9,217,19,46.9,2.468421053,6/16/24,111.4,327.2,308,91,120.3,1.321978022,,,,,,,
GT2023_N17,Cold dormancy,Hatched,GT2023_N17.04,9,354,24,9/6/23,32.78,11/24/23,63.2,64.69,103,79,31.91,0.403924051,2/27/24,68.4,71.8,198,95,7.11,0.074842105,3/17/24,71.1,86.4,217,19,14.6,0.768421053,6/16/24,85.1,147.5,308,91,61.1,0.671428571,,,,,,,
GT2023_N17,Constant heat,Hatched,GT2023_N17.05,10,351,23,9/5/23,32.06,11/24/23,58.1,49,103,80,16.94,0.21175,2/17/24,80,112.2,198,95,63.2,0.665263158,3/17/24,84.6,137.9,217,19,25.7,1.352631579,6/16/24,92.4,186.3,308,91,48.4,0.531868132,,,,,,,