Tortoise_ID,mtDNA_change_A_to_B,mtDNA_change_B_to_C,mtDNA_change_C_to_D,Telomeres_change_A_to_B,Telomeres_change_B_to_C,Telomeres_change_C_to_D
10.1,3.1612746217680012,0.9352899897134996,-5.1618118021809,-131691.83047048002,6060255.59309146,-4788274.4649018105
10.2,-0.7438682462086987,3.7897750365976997,-14.064066932079601,-125630.10756891966,1273820.41659626,-1910205.7228124104
10.4,-1.5516864838416993,7.906678620952398,-2.394652086652698,2130160.12065299,2232589.286663439,-617503.7627873588
10.5,1.9972104486071984,-4.671676570895199,8.6546700992289,408141.98829488084,-2132113.1554106902,3838206.16933522
10.6,1.5919217322082986,-5.554053458248401,NA,-708560.4194317013,-5610087.29082171,NA
11.1,-8.261262971099699,-1.1925404013028,3.3055407374843,134554.9299542401,-650162.2336906199,2208695.5518506896
11.2,3.7193864246116988,-4.8407202710981,-6.1116211072344,232833.37048093043,724746.23885772,-1234689.04947246
11.3,7.052157347358902,-8.183092307688701,3.674390875287701,5675883.19388773,-7320604.463364581,1854756.64197955
12.4,-8.594963500149401,0.04040099884069903,-0.2107440338434987,-4277978.90361513,1223738.4397468898,-1076513.85066278
12.5,-6.776050297252198,0.3734806031040989,-0.49202659750880073,2067095.7001714003,-991193.8559413198,-755736.3015757399
12.6,0.9516048948414024,-10.413274406971802,8.912210969891198,1506667.2424248601,-887867.3066557003,1922586.8307736004
13.1,-5.3054765254223,2.9234333414312985,-4.482336407242698,268252.39769339,1009383.0358364903,-1780388.35906723
13.3,1.4034542242505985,-1.511006051535599,-3.840667171269601,6094453.897723261,-5545387.962388121,1689176.8653156706
13.4,-8.297992117234099,1.1115461358599,5.7330565635447,-1136932.85319491,2003361.5247180099,7792662.64562971
14.5,2.4049364230576007,1.1742522438640997,6.605399796330701,223068.3925158102,1148500.7675935393,2791370.90546808
15.2,-6.002473366588603,7.241176437666802,-11.6317771305281,-1558366.9155880697,8403750.049768578,-7870707.87294449
15.3,-9.7260384893219,3.1676405583656013,6.3670523043817,-6423147.078891539,1662894.42634405,1830977.99053224
17.2,14.305645377335598,-18.216654774008898,1.5610166420478997,8128877.13472732,-8770806.579663198,700501.1622410901
17.3,0.3004178089713996,-8.6991271164569,5.5910432185795,642405.9142426304,-61420.14932756033,6938457.178663319
17.4,-1.1645830868862,4.633720845734901,-4.760620366105801,-541574.2484586104,592459.8359817602,24914.21941454988
2.3,3.866214836709702,4.154538857711,-11.8173993659217,1294401.1406199206,4807094.843986829,-4789559.979240479
2.4,7.7620694911528005,-0.5016012475452989,-8.1827518122645,10911175.2914648,-7388456.81383696,-3434307.2509192703
3.1,13.3368111589222,-3.8620990998247002,-8.954266075791,1012247.5646314798,2294942.4266636306,-991151.7007166902
3.2,5.2814995006852,-8.192439064932,-1.2551168920283011,10159347.11813024,-9819580.95492246,162335.59194249008
3.3,2.072332359926799,0.3884425496383024,-3.549521204505801,2314379.2847081996,2656277.0234021805,-3854787.1199169103
3.4,-7.1329524508416995,8.209601359281997,-5.000625194876299,112682.25375028001,5092737.10290006,-4316073.3684725
5.1,6.6811300178797985,-4.582775862710999,-5.8212138792563,-797588.7868038295,3273291.69948883,-2777419.6056995494
5.3,15.2708797367972,-16.238032979396998,5.804248456396598,7248327.90886992,-3770253.0811278597,2444465.5232091807
5.5,10.178955425560698,-9.747161620273998,7.7761972814855,3764300.55398516,-5348417.59117589,2557536.8877319605
6.2,15.29402647692,-11.1100566478076,-3.0372235949121986,1715408.9203230399,-935471.2369912099,-655052.9456668803
6.4,5.952590307163399,1.2066641405558016,10.144877232729698,-823897.8359848103,2474016.8829923905,3054457.184885489
6.5,-0.11203273078709941,-2.8954253631668987,-1.6297808424385014,464334.51002948964,239748.2517470098,-384742.4729366796
7.1,-2.289165593077403,-1.796323370348599,4.356010214756001,-2095404.9575645002,-1330428.9327272102,3660373.9765467905
7.2,-4.706379194310401,4.8569550702565,-3.756808929364098,-1696580.3808852406,-2201268.93159092,630181.5115681202
7.4,3.1753443084864017,-4.712104958174502,5.334632339657999,618115.6789152599,-2063336.87722687,6509761.88729213
7.5,-2.8066435412715975,7.005710064000098,-4.8759015777845995,298078.71185140964,4319698.755909881,-394081.1791001605
8.1,13.053495958746751,7.0169086321695,-9.222012283636701,-2991428.1507208603,6062764.21394081,-6065597.63721271
9.2,4.010995041899498,-1.4184772882281997,NA,1170912.2816811698,3943221.6645370806,NA
9.3,-5.436554038453501,10.235851130287902,-10.5512034442362,-1779627.96944483,4247227.995986651,-4141976.352954871
9.4,7.385250220314397,-9.825100263198898,2.8291602496964003,11516828.62019331,-8328143.143321679,5942316.76628738
9.5,22.951852685450902,-32.169161819015,-2.609718018927399,3232077.537032021,-9383335.959088681,-572776.91812651
10.3,NA,-7.839153551074499,2.0181161970830015,NA,-870446.4595194701,-428386.5307873599
11.4,NA,-2.6589633697790003,-1.2035990826166998,NA,-659173.4236930697,-1506684.1352744899
13.2,NA,-13.417965450593098,6.744951731529401,NA,-3684613.6989037404,-3480384.8740651095
15.1,NA,-0.6226826073650997,5.979990650661701,NA,-107832.71981327981,1711758.538267
15.5,NA,-10.7593177463397,-0.2431119298784985,NA,-388480.62451107986,1146926.6686358098
17.5,NA,-5.833765639419802,4.413759170586399,NA,-925031.7896970995,-2174043.72975535
2.2,NA,-0.04878156162479996,1.684501398380899,NA,-218070.53920115996,3444919.1358753103
5.2,NA,1.6364320144002988,-0.06952048078920114,NA,2033902.6603626003,-3300673.4832142205
5.4,NA,6.888558969807599,0.33005837871730037,NA,5830525.468693261,1855190.3424810488
6.3,NA,-1.1907118413559985,2.733316633102998,NA,104025.06381087005,2844803.09832576
7.3,NA,2.6378697461873983,-2.840892465254999,NA,-1938281.5914658005,238495.03723441018
8.2,NA,-2.2378921211717007,-0.20379547493729788,NA,-1226917.0756602203,-250433.4029495297
9.1,NA,-4.860674482980201,5.761814262563,NA,2074584.74788454,7566850.84913218
9.6,NA,NA,0.9087163205466986,NA,NA,1055304.3922652202
