Nest_ID,Treatment,Tortoise_ID,Tank,Growth_rate_During,Growth_rate_3_Weeks_Post,Growth_rate_3_Months_Post,mtDNA_change_A_to_B,mtDNA_change_B_to_C,mtDNA_change_C_to_D,Telomeres_change_A_to_B,Telomeres_change_B_to_C,Telomeres_change_C_to_D
GT2023_N02,Cold-Dormancy,GT2023_N02.02,3,0.087263158,0.547368421,0.783516484,NA,-0.04878156162479996,1.684501398380899,NA,-218070.53920115996,3444919.1358753103
GT2023_N02,Cold-Dormancy,GT2023_N02.03,11,0.023157895,0.626315789,0.46043956,3.866214836709702,4.154538857711,-11.8173993659217,1294401.1406199206,4807094.843986829,-4789559.979240479
GT2023_N02,Constant-Warmth,GT2023_N02.04,5,0.713578947,1.036842105,0.757142857,7.7620694911528,-0.5016012475452989,-8.1827518122645,10911175.2914648,-7388456.81383696,-3434307.2509192703
GT2023_N03,Cold-Dormancy,GT2023_N03.01,6,0.068736842,0.789473684,0.928571429,13.3368111589222,-3.8620990998247,-8.954266075791,1012247.5646314798,2294942.42666363,-991151.7007166902
GT2023_N03,Cold-Dormancy,GT2023_N03.02,1,0.114526316,0.478947368,0.773626374,5.2814995006852,-8.192439064932,-1.2551168920283011,10159347.11813024,-9819580.95492246,162335.59194249008
GT2023_N03,Constant-Warmth,GT2023_N03.03,8,0.570842105,1.073684211,0.227472527,2.072332359926799,0.3884425496383024,-3.549521204505801,2314379.2847081996,2656277.0234021805,-3854787.1199169103
GT2023_N03,Cold-Dormancy,GT2023_N03.04,9,0.104105263,0.5,0.493406593,-7.1329524508416995,8.209601359281997,-5.000625194876299,112682.25375028,5092737.10290006,-4316073.3684725
GT2023_N05,Constant-Warmth,GT2023_N05.01,10,1.063473684,2.521052632,1.57032967,6.6811300178797985,-4.582775862710999,-5.8212138792563,-797588.7868038295,3273291.69948883,-2777419.6056995494
GT2023_N05,Cold-Dormancy,GT2023_N05.02,11,0.127578947,0.484210526,1.07032967,NA,1.6364320144002988,-0.06952048078920114,NA,2033902.6603626003,-3300673.4832142205
GT2023_N05,Constant-Warmth,GT2023_N05.03,12,1.640526316,2.9,2.489010989,15.2708797367972,-16.238032979396998,5.804248456396598,7248327.90886992,-3770253.08112786,2444465.5232091807
GT2023_N05,Cold-Dormancy,GT2023_N05.04,1,0.022105263,0.831578947,0.983516484,NA,6.888558969807599,0.33005837871730037,NA,5830525.468693261,1855190.3424810488
GT2023_N05,Constant-Warmth,GT2023_N05.05,2,0.665789474,1.378947368,0.915384615,10.178955425560698,-9.747161620273998,7.7761972814855,3764300.55398516,-5348417.59117589,2557536.8877319605
GT2023_N06,Constant-Warmth,GT2023_N06.02,5,0.663578947,1.352631579,0.88021978,15.29402647692,-11.1100566478076,-3.0372235949121986,1715408.92032304,-935471.23699121,-655052.9456668803
GT2023_N06,Cold-Dormancy,GT2023_N06.03,6,0.127789474,0.505263158,1.040659341,NA,-1.1907118413559985,2.733316633102998,NA,104025.06381087004,2844803.09832576
GT2023_N06,Cold-Dormancy,GT2023_N06.04,9,0.091894737,0.694736842,0.825274725,5.952590307163399,1.2066641405558016,10.144877232729698,-823897.8359848103,2474016.8829923905,3054457.184885489
GT2023_N06,Constant-Warmth,GT2023_N06.05,8,0.700315789,2.015789474,0.995604396,-0.1120327307870994,-2.8954253631668987,-1.6297808424385014,464334.5100294896,239748.2517470098,-384742.4729366796
GT2023_N07,Cold-Dormancy,GT2023_N07.01,9,-0.007473684,0.605263158,0.584615385,-2.289165593077403,-1.796323370348599,4.356010214756001,-2095404.9575645,-1330428.9327272102,3660373.9765467905
GT2023_N07,Constant-Warmth,GT2023_N07.02,10,0.582105263,0.878947368,0.664835165,-4.706379194310401,4.8569550702565,-3.756808929364098,-1696580.3808852406,-2201268.93159092,630181.5115681202
GT2023_N07,Cold-Dormancy,GT2023_N07.03,11,0.057157895,0.4,0.873626374,NA,2.6378697461873983,-2.840892465254999,NA,-1938281.5914658003,238495.03723441015
GT2023_N07,Constant-Warmth,GT2023_N07.04,2,0.412210526,0.752631579,0.385714286,3.1753443084864017,-4.712104958174502,5.334632339657999,618115.6789152599,-2063336.87722687,6509761.88729213
GT2023_N07,Cold-Dormancy,GT2023_N07.05,1,0.115263158,0.326315789,0.773626374,-2.8066435412715975,7.005710064000098,-4.8759015777845995,298078.71185140964,4319698.755909881,-394081.1791001605
GT2023_N08,Constant-Warmth,GT2023_N08.01,2,0.488736842,0.968421053,0.785714286,13.053495958746751,7.0169086321695,-9.2220122836367,-2991428.1507208603,6062764.21394081,-6065597.63721271
GT2023_N08,Cold-Dormancy,GT2023_N08.02,3,0.055789474,1,1.098901099,NA,-2.2378921211717007,-0.20379547493729788,NA,-1226917.0756602203,-250433.4029495297
GT2023_N09,Constant-Warmth,GT2023_N09.01,12,0.782421053,1.052631579,1.132967033,NA,-4.860674482980201,5.761814262563,NA,2074584.74788454,7566850.84913218
GT2023_N09,Constant-Warmth,GT2023_N09.02,5,0.594736842,0.589473684,0.474725275,4.010995041899498,-1.4184772882281995,NA,1170912.2816811698,3943221.664537081,NA
GT2023_N09,Cold-Dormancy,GT2023_N09.03,6,0.089473684,0.984210526,0.912087912,-5.436554038453501,10.235851130287902,-10.5512034442362,-1779627.96944483,4247227.995986651,-4141976.352954871
GT2023_N09,Constant-Warmth,GT2023_N09.04,10,0.578105263,1.178947368,0.687912088,7.385250220314397,-9.825100263198898,2.8291602496964003,11516828.62019331,-8328143.143321679,5942316.76628738
GT2023_N09,Constant-Warmth,GT2023_N09.05,8,0.731052632,1.752631579,1.373626374,22.951852685450906,-32.169161819015,-2.609718018927399,3232077.537032021,-9383335.95908868,-572776.91812651
GT2023_N09,Cold-Dormancy,GT2023_N09.06,9,0.097894737,0.552631579,0.595604396,NA,NA,0.9087163205466986,NA,NA,1055304.3922652202
GT2023_N10,Constant-Warmth,GT2023_N10.01,10,0.566842105,1.578947368,0.428571429,3.1612746217680012,0.9352899897134996,-5.1618118021809,-131691.83047048002,6060255.59309146,-4788274.4649018105
GT2023_N10,Cold-Dormancy,GT2023_N10.02,11,0.035684211,0.357894737,0.513186813,-0.7438682462086987,3.7897750365977,-14.0640669320796,-125630.10756891966,1273820.41659626,-1910205.7228124104
GT2023_N10,Constant-Warmth,GT2023_N10.03,12,0.392105263,1.284210526,0.104395604,NA,-7.839153551074499,2.0181161970830015,NA,-870446.4595194701,-428386.5307873599
GT2023_N10,Cold-Dormancy,GT2023_N10.04,1,0.033684211,0.557894737,0.692307692,-1.5516864838416993,7.906678620952398,-2.394652086652698,2130160.12065299,2232589.286663439,-617503.7627873588
GT2023_N10,Constant-Warmth,GT2023_N10.05,2,0.504315789,0.473684211,0.373626374,1.9972104486071984,-4.671676570895199,8.6546700992289,408141.9882948808,-2132113.1554106902,3838206.16933522
GT2023_N10,Cold-Dormancy,GT2023_N10.06,3,0.029157895,0.657894737,0.882417582,1.5919217322082986,-5.554053458248401,NA,-708560.4194317013,-5610087.29082171,NA
GT2023_N11,Cold-Dormancy,GT2023_N11.01,9,0.071368421,0.689473684,0.614285714,-8.261262971099699,-1.1925404013028,3.3055407374843,134554.9299542401,-650162.2336906199,2208695.5518506896
GT2023_N11,Constant-Warmth,GT2023_N11.02,5,0.59,0.994736842,1.118681319,3.719386424611699,-4.8407202710981,-6.1116211072344,232833.37048093043,724746.23885772,-1234689.04947246
GT2023_N11,Cold-Dormancy,GT2023_N11.03,6,0.048,0.689473684,0.378021978,7.052157347358902,-8.183092307688701,3.674390875287701,5675883.19388773,-7320604.463364581,1854756.64197955
GT2023_N11,Constant-Warmth,GT2023_N11.04,8,0.648421053,1.263157895,0.93956044,NA,-2.6589633697790003,-1.2035990826166998,NA,-659173.4236930697,-1506684.13527449
GT2023_N12,Constant-Warmth,GT2023_N12.02,8,0.576421053,1.463157895,1.402197802,NA,NA,NA,NA,NA,NA
GT2023_N12,Cold-Dormancy,GT2023_N12.04,6,0.102105263,0.731578947,0.958241758,-8.594963500149401,0.04040099884069903,-0.2107440338434987,-4277978.90361513,1223738.4397468898,-1076513.85066278
GT2023_N12,Cold-Dormancy,GT2023_N12.05,11,0.054526316,0.684210526,0.656043956,-6.776050297252198,0.3734806031040989,-0.49202659750880073,2067095.7001714003,-991193.8559413198,-755736.3015757399
GT2023_N12,Constant-Warmth,GT2023_N12.06,10,0.607263158,0.810526316,0.748351648,0.9516048948414024,-10.413274406971802,8.912210969891198,1506667.24242486,-887867.3066557003,1922586.8307736004
GT2023_N13,Cold-Dormancy,GT2023_N13.01,1,0.144421053,0.642105263,1.184615385,-5.3054765254223,2.9234333414312985,-4.482336407242698,268252.39769339,1009383.0358364905,-1780388.35906723
GT2023_N13,Constant-Warmth,GT2023_N13.02,2,0.608105263,1.184210526,1.168131868,NA,-13.417965450593098,6.744951731529401,NA,-3684613.698903741,-3480384.8740651095
GT2023_N13,Cold-Dormancy,GT2023_N13.03,3,0.055894737,0.6,0.826373626,1.4034542242505983,-1.511006051535599,-3.840667171269601,6094453.897723261,-5545387.962388121,1689176.8653156706
GT2023_N13,Constant-Warmth,GT2023_N13.04,5,0.629263158,0.915789474,0.901098901,-8.297992117234099,1.1115461358599,5.7330565635447,-1136932.85319491,2003361.52471801,7792662.64562971
GT2023_N14,Constant-Warmth,GT2023_N14.04,12,0.610421053,1.063157895,0.964835165,NA,NA,NA,NA,NA,NA
GT2023_N14,Cold-Dormancy,GT2023_N14.05,11,0.045894737,0.857894737,1.031868132,2.4049364230576007,1.1742522438640997,6.605399796330701,223068.3925158102,1148500.767593539,2791370.90546808
GT2023_N15,Constant-Warmth,GT2023_N15.01,12,0.494526316,1.505263158,1.089010989,NA,-0.6226826073650997,5.979990650661701,NA,-107832.7198132798,1711758.538267
GT2023_N15,Cold-Dormancy,GT2023_N15.02,1,0.096,0.484210526,0.651648352,-6.002473366588603,7.241176437666802,-11.6317771305281,-1558366.9155880697,8403750.049768578,-7870707.87294449
GT2023_N15,Constant-Warmth,GT2023_N15.03,2,0.570526316,0.657894737,0.883516484,-9.7260384893219,3.1676405583656013,6.3670523043817,-6423147.078891539,1662894.42634405,1830977.99053224
GT2023_N15,Constant-Warmth,GT2023_N15.05,5,0.290105263,0.978947368,0.093406593,NA,-10.7593177463397,-0.2431119298784985,NA,-388480.62451107986,1146926.6686358098
GT2023_N17,Cold-Dormancy,GT2023_N17.02,6,0.228421053,0.757894737,0.875824176,14.305645377335598,-18.216654774008894,1.5610166420478997,8128877.13472732,-8770806.579663198,700501.1622410901
GT2023_N17,Constant-Warmth,GT2023_N17.03,8,1.010421053,2.468421053,1.321978022,0.3004178089713996,-8.6991271164569,5.5910432185795,642405.9142426304,-61420.14932756033,6938457.178663319
GT2023_N17,Cold-Dormancy,GT2023_N17.04,9,0.074842105,0.768421053,0.671428571,-1.1645830868862,4.633720845734901,-4.760620366105801,-541574.2484586104,592459.8359817602,24914.21941454988
GT2023_N17,Constant-Warmth,GT2023_N17.05,10,0.665263158,1.352631579,0.531868132,NA,-5.833765639419802,4.413759170586399,NA,-925031.7896970996,-2174043.72975535
