Sample,Nest_ID,Treatment,Plate_ID,Time_Point,Tortoise_ID,Tank,SQ.Mean_SCNAG,SQ.Mean_mtDNA,mtDNA.Mean,Cq.Mean_SCNAG,SQ.Mean_Telomeres,Cq.Mean_Telomeres,Telomeres.per.cell
10.1_A,GT2023_N10,Constant-Warmth,Plate2,A,GT2023_N10.01,10,49222.96309,806594.7026,16.38655318,28.37543201,1.67E+11,18.36718651,3392725.458
10.1_B,GT2023_N10,Constant-Warmth,Plate5,B,GT2023_N10.01,10,56504.80349,1104546.169,19.54782781,27.38775364,1.84E+11,18.63406809,3261033.628
10.1_C,GT2023_N10,Constant-Warmth,Plate2,C,GT2023_N10.01,10,18988.78962,388949.6146,20.4831178,29.75873853,1.77E+11,18.28618599,9321289.223
10.1_D,GT2023_N10,Constant-Warmth,Plate4,D,GT2023_N10.01,10,55551.34193,851119.1082,15.32130599,27.40808924,2.52E+11,17.95606651,4533014.756
10.2_A,GT2023_N10,Cold-Dormancy,Plate3,A,GT2023_N10.02,11,45686.42706,1122234.382,24.56384651,27.30327242,2.38E+11,17.62271189,5217132.459
10.2_B,GT2023_N10,Cold-Dormancy,Plate3,B,GT2023_N10.02,11,53051.10586,1263676.189,23.81997827,27.08088612,2.70E+11,17.44522544,5091502.351
10.2_C,GT2023_N10,Cold-Dormancy,Plate6,C,GT2023_N10.02,11,46151.46957,1274230.689,27.6097533,27.76020748,2.94E+11,17.60231823,6365322.768
10.2_D,GT2023_N10,Cold-Dormancy,Plate3,D,GT2023_N10.02,11,88910.40739,1204352.494,13.54568637,26.33258103,3.96E+11,16.89064113,4455117.045
10.3_B,GT2023_N10,Constant-Warmth,Plate4,B,GT2023_N10.03,12,33829.43371,705412.7714,20.85204197,28.14272288,1.70E+11,18.55753464,5011066.949
10.3_C,GT2023_N10,Constant-Warmth,Plate6,C,GT2023_N10.03,12,53107.98238,691088.2487,13.01288842,27.55413916,2.20E+11,18.05428699,4140620.489
10.3_D,GT2023_N10,Constant-Warmth,Plate4,D,GT2023_N10.03,12,68142.85494,1024255.567,15.03100461,27.10580972,2.53E+11,17.94839369,3712233.959
10.4_A,GT2023_N10,Cold-Dormancy,Plate6,A,GT2023_N10.04,1,75338.94356,1180559.778,15.66998052,27.03985818,3.16E+11,17.49433385,4194284.988
10.4_B,GT2023_N10,Cold-Dormancy,Plate2,B,GT2023_N10.04,1,26721.71188,377264.9855,14.11829404,29.2604907,1.69E+11,18.369533,6324445.108
10.4_C,GT2023_N10,Cold-Dormancy,Plate2,C,GT2023_N10.04,1,21152.18797,465876.3617,22.02497266,29.59978165,1.81E+11,18.25321301,8557034.395
10.4_D,GT2023_N10,Cold-Dormancy,Plate1,D,GT2023_N10.04,1,22671.36539,445046.1704,19.63032057,28.66400258,1.80E+11,18.35019757,7939530.633
10.5_A,GT2023_N10,Constant-Warmth,Plate6,A,GT2023_N10.05,2,57119.062,1010607.35,17.69299625,27.44917873,3.48E+11,17.33872807,6085761.703
10.5_B,GT2023_N10,Constant-Warmth,Plate3,B,GT2023_N10.05,2,43104.66458,848739.7551,19.6902067,27.38974324,2.80E+11,17.39015345,6493903.691
10.5_C,GT2023_N10,Constant-Warmth,Plate6,C,GT2023_N10.05,2,91017.66735,1366951.579,15.01853013,26.76252078,3.97E+11,17.13195233,4361790.535
10.5_D,GT2023_N10,Constant-Warmth,Plate2,D,GT2023_N10.05,2,23048.78975,545638.6147,23.67320022,29.49786257,1.89E+11,18.18513101,8199996.704
10.6_A,GT2023_N10,Cold-Dormancy,Plate1,A,GT2023_N10.06,3,15656.00958,334561.9468,21.3695543,29.19663076,1.76E+11,18.38831288,11241689.6
10.6_B,GT2023_N10,Cold-Dormancy,Plate1,B,GT2023_N10.06,3,12816.70411,294290.4442,22.96147603,29.50372,1.35E+11,18.81697751,10533129.18
10.6_C,GT2023_N10,Cold-Dormancy,Plate5,C,GT2023_N10.06,3,38509.55931,670352.1719,17.40742257,27.94707704,1.90E+11,18.60540317,4923041.885
11.1_A,GT2023_N11,Cold-Dormancy,Plate4,A,GT2023_N11.01,9,49103.64667,1043951.731,21.26016706,27.59076058,1.84E+11,18.43045784,3744998.535
11.1_B,GT2023_N11,Cold-Dormancy,Plate4,B,GT2023_N11.01,9,59502.3591,773465.4587,12.99890408,27.30675223,2.31E+11,18.08623243,3879553.465
11.1_C,GT2023_N11,Cold-Dormancy,Plate5,C,GT2023_N11.01,9,61637.24942,727711.7831,11.80636368,27.26070926,1.99E+11,18.5126667,3229391.231
11.1_D,GT2023_N11,Cold-Dormancy,Plate5,D,GT2023_N11.01,9,23478.65824,354807.2393,15.11190442,28.67032867,1.28E+11,19.21366375,5438086.783
11.2_A,GT2023_N11,Constant-Warmth,Plate3,A,GT2023_N11.02,5,49628.06936,963060.3354,19.40555714,27.17906793,2.05E+11,17.84338531,4132428.519
11.2_B,GT2023_N11,Constant-Warmth,Plate5,B,GT2023_N11.02,5,58300.82574,1348203.305,23.12494356,27.3415724,2.54E+11,18.12655315,4365261.889
11.2_C,GT2023_N11,Constant-Warmth,Plate3,C,GT2023_N11.02,5,61750.45125,1129059.039,18.28422329,26.86123704,3.14E+11,17.22798302,5090008.128
11.2_D,GT2023_N11,Constant-Warmth,Plate2,D,GT2023_N11.02,5,27753.86364,337836.7411,12.17260218,29.20589938,1.07E+11,19.05526536,3855319.078
11.3_A,GT2023_N11,Cold-Dormancy,Plate1,A,GT2023_N11.03,6,36980.47775,560953.8437,15.16891825,27.94945224,2.19E+11,18.03927778,5922043.557
11.3_B,GT2023_N11,Cold-Dormancy,Plate2,B,GT2023_N11.03,6,14571.56987,323795.9556,22.22107559,30.13876718,1.69E+11,18.35178684,11597926.75
11.3_C,GT2023_N11,Cold-Dormancy,Plate6,C,GT2023_N11.03,6,80658.64034,1132284.645,14.03798329,26.93973334,3.45E+11,17.35004378,4277322.288
11.3_D,GT2023_N11,Cold-Dormancy,Plate4,D,GT2023_N11.03,6,26844.30921,475476.4488,17.71237416,28.48603693,1.65E+11,18.59696435,6132078.93
11.4_B,GT2023_N11,Constant-Warmth,Plate6,B,GT2023_N11.04,8,61678.0253,951586.2812,15.42828709,27.33389643,2.77E+11,17.70006811,4497144.626
11.4_C,GT2023_N11,Constant-Warmth,Plate4,C,GT2023_N11.04,8,48867.77785,624008.4746,12.76932372,27.59860957,1.88E+11,18.4017416,3837971.202
11.4_D,GT2023_N11,Constant-Warmth,Plate5,D,GT2023_N11.04,8,63427.76397,733588.0521,11.56572463,27.21773662,1.48E+11,18.98047559,2331287.067
12.2_B,GT2023_N12,Constant-Warmth,Plate3,B,GT2023_N12.02,8,47212.64067,831254.9421,17.60661828,27.25119613,2.28E+11,17.68688732,4823849.893
12.4_A,GT2023_N12,Cold-Dormancy,Plate1,A,GT2023_N12.04,6,23316.02608,523111.8914,22.43572252,28.62001912,1.64E+11,18.50903193,7033788.667
12.4_B,GT2023_N12,Cold-Dormancy,Plate5,B,GT2023_N12.04,6,47817.02992,661823.9882,13.84075902,27.6315204,1.32E+11,19.16165512,2755809.763
12.4_C,GT2023_N12,Cold-Dormancy,Plate6,C,GT2023_N12.04,6,99594.97405,1382493.772,13.88116002,26.67988699,3.96E+11,17.13364645,3979548.203
12.4_D,GT2023_N12,Cold-Dormancy,Plate4,D,GT2023_N12.04,6,77356.71322,1057498.449,13.67041598,26.91777656,2.25E+11,18.12837707,2903034.352
12.5_A,GT2023_N12,Cold-Dormancy,Plate5,A,GT2023_N12.05,11,50604.03229,1329634.887,26.27527544,27.5481702,2.02E+11,18.48913486,3993661.906
12.5_B,GT2023_N12,Cold-Dormancy,Plate2,B,GT2023_N12.05,11,28214.2945,550156.8808,19.49922515,29.18307974,1.71E+11,18.33894916,6060757.606
12.5_C,GT2023_N12,Cold-Dormancy,Plate4,C,GT2023_N12.05,11,42312.27743,840859.4389,19.87270575,27.8131379,2.15E+11,18.1973034,5069563.75
12.5_D,GT2023_N12,Cold-Dormancy,Plate6,D,GT2023_N12.05,11,66235.37992,1283686.647,19.38067915,27.22976942,2.86E+11,17.64479303,4313827.449
12.6_A,GT2023_N12,Constant-Warmth,Plate4,A,GT2023_N12.06,10,46993.67353,1236429.475,26.31055165,27.65633346,1.89E+11,18.3857435,4028205.735
12.6_B,GT2023_N12,Constant-Warmth,Plate4,B,GT2023_N12.06,10,30806.56517,839853.4021,27.26215654,28.28108006,1.71E+11,18.54580462,5534872.978
12.6_C,GT2023_N12,Constant-Warmth,Plate5,C,GT2023_N12.06,10,27329.51685,460471.8083,16.84888214,28.4484865,1.27E+11,19.2211044,4647005.671
12.6_D,GT2023_N12,Constant-Warmth,Plate4,D,GT2023_N12.06,10,30367.71813,782305.6141,25.76109311,28.30521629,2.00E+11,18.30729263,6569592.502
13.1_A,GT2023_N13,Cold-Dormancy,Plate3,A,GT2023_N13.01,1,48074.29044,1093607.759,22.74828706,27.22617964,1.51E+11,18.27646397,3146300.516
13.1_B,GT2023_N13,Cold-Dormancy,Plate6,B,GT2023_N13.01,1,74981.99807,1307896.786,17.44281053,27.04666312,2.56E+11,17.81655187,3414552.914
13.1_C,GT2023_N13,Cold-Dormancy,Plate3,C,GT2023_N13.01,1,56058.77161,1141706.614,20.36624388,27.00161963,2.48E+11,17.56799384,4423935.95
13.1_D,GT2023_N13,Cold-Dormancy,Plate4,D,GT2023_N13.01,1,49998.79749,794176.2728,15.88390747,27.56596823,1.32E+11,18.92853346,2643547.591
13.2_B,GT2023_N13,Constant-Warmth,Plate1,B,GT2023_N13.02,2,19519.40953,477617.2985,24.46883948,28.87731781,1.99E+11,18.19708469,10194980.52
13.2_C,GT2023_N13,Constant-Warmth,Plate2,C,GT2023_N13.02,2,25958.59873,286865.2045,11.05087403,29.30293232,1.69E+11,18.35412268,6510366.826
13.2_D,GT2023_N13,Constant-Warmth,Plate5,D,GT2023_N13.02,2,42865.03769,762818.7419,17.79582576,27.79174649,1.30E+11,19.18459482,3029981.951
13.3_A,GT2023_N13,Cold-Dormancy,Plate5,A,GT2023_N13.03,3,23093.32014,421888.5079,18.2688546,28.72292245,82408309894,19.90954167,3568491.208
13.3_B,GT2023_N13,Cold-Dormancy,Plate1,B,GT2023_N13.03,3,15419.72953,303341.6813,19.67230882,29.2316751,1.49E+11,18.65694014,9662945.106
13.3_C,GT2023_N13,Cold-Dormancy,Plate5,C,GT2023_N13.03,3,50402.21993,915369.9766,18.16130277,27.55423082,2.08E+11,18.4472175,4117557.144
13.3_D,GT2023_N13,Cold-Dormancy,Plate2,D,GT2023_N13.03,3,24454.36622,350202.0675,14.3206356,29.39388889,1.42E+11,18.61795903,5806734.009
13.4_A,GT2023_N13,Constant-Warmth,Plate3,A,GT2023_N13.04,5,46432.01573,922710.4281,19.87228884,27.27450149,1.94E+11,17.92174725,4175583.777
13.4_B,GT2023_N13,Constant-Warmth,Plate4,B,GT2023_N13.04,5,60065.41713,695214.9607,11.57429672,27.29269128,1.83E+11,18.44085553,3038650.923
13.4_C,GT2023_N13,Constant-Warmth,Plate3,C,GT2023_N13.04,5,67106.37971,851300.9879,12.68584286,26.74025671,3.38E+11,17.11724122,5042012.448
13.4_D,GT2023_N13,Constant-Warmth,Plate1,D,GT2023_N13.04,5,16829.40927,309979.1967,18.41889942,29.09180293,2.16E+11,18.05443023,12834675.09
14.5_A,GT2023_N14,Cold-Dormancy,Plate3,A,GT2023_N14.05,11,40289.7803,587356.0907,14.57828974,27.47951157,2.15E+11,17.77730136,5338407.137
14.5_B,GT2023_N14,Cold-Dormancy,Plate3,B,GT2023_N14.05,11,59389.71323,1008628.931,16.98322616,26.91717244,3.30E+11,17.15401606,5561475.53
14.5_C,GT2023_N14,Cold-Dormancy,Plate2,C,GT2023_N14.05,11,31594.74648,573680.9269,18.1574784,29.01766315,2.12E+11,18.00878699,6709976.297
14.5_D,GT2023_N14,Cold-Dormancy,Plate1,D,GT2023_N14.05,11,18523.68893,458699.8528,24.7628782,28.95516277,1.76E+11,18.38830378,9501347.203
15.1_B,GT2023_N15,Constant-Warmth,Plate2,B,GT2023_N15.01,12,65226.77456,900597.5641,13.80717612,27.96763309,2.11E+11,18.02248657,3234867.911
15.1_C,GT2023_N15,Constant-Warmth,Plate2,C,GT2023_N15.01,12,55963.5531,737851.1028,13.18449351,28.18951349,1.75E+11,18.3034822,3127035.192
15.1_D,GT2023_N15,Constant-Warmth,Plate3,D,GT2023_N15.01,12,51516.38702,987284.9832,19.16448416,27.12328813,2.49E+11,17.55851874,4838793.73
15.2_A,GT2023_N15,Cold-Dormancy,Plate1,A,GT2023_N15.02,1,14648.21912,368743.4572,25.17326196,29.29272421,92720322637,19.42830409,6329801.724
15.2_B,GT2023_N15,Cold-Dormancy,Plate3,B,GT2023_N15.02,1,51807.7748,993195.8983,19.1707886,27.11505737,2.47E+11,17.56918394,4771434.808
15.2_C,GT2023_N15,Cold-Dormancy,Plate1,C,GT2023_N15.02,1,17608.86109,465084.6234,26.41196503,29.02493377,2.32E+11,17.94108344,13175184.86
15.2_D,GT2023_N15,Cold-Dormancy,Plate3,D,GT2023_N15.02,1,48118.70317,711203.4746,14.7801879,27.22324468,2.55E+11,17.52557347,5304476.985
15.3_A,GT2023_N15,Constant-Warmth,Plate1,A,GT2023_N15.03,2,14395.29243,317055.3711,22.02493438,29.32014924,1.31E+11,18.8701184,9100197.209
15.3_B,GT2023_N15,Constant-Warmth,Plate2,B,GT2023_N15.03,2,50802.1865,624810.8026,12.29889589,28.33085903,1.36E+11,18.6867994,2677050.13
15.3_C,GT2023_N15,Constant-Warmth,Plate4,C,GT2023_N15.03,2,54180.79406,837989.2259,15.46653645,27.44538366,2.35E+11,18.0625597,4339944.557
15.3_D,GT2023_N15,Constant-Warmth,Plate2,D,GT2023_N15.03,2,26414.20286,576716.8424,21.83358875,29.28734766,1.63E+11,18.40916598,6170922.547
15.5_B,GT2023_N15,Constant-Warmth,Plate4,B,GT2023_N15.05,5,29776.11141,843255.0795,28.31985238,28.33146501,1.87E+11,18.40820433,6263829.567
15.5_C,GT2023_N15,Constant-Warmth,Plate6,C,GT2023_N15.05,5,43320.49084,760730.9797,17.56053463,27.8551891,2.55E+11,17.82560818,5875348.942
15.5_D,GT2023_N15,Constant-Warmth,Plate6,D,GT2023_N15.05,5,30121.00517,521618.1789,17.3174227,28.38736706,2.12E+11,18.11517203,7022275.611
17.2_A,GT2023_N17,Cold-Dormancy,Plate2,A,GT2023_N17.02,6,44183.14045,783370.0685,17.73006764,28.54142872,1.36E+11,18.70529723,3078097.18
17.2_B,GT2023_N17,Cold-Dormancy,Plate1,B,GT2023_N17.02,6,11153.76876,357318.935,32.03571301,29.6896782,1.25E+11,18.94744421,11206974.31
17.2_C,GT2023_N17,Cold-Dormancy,Plate2,C,GT2023_N17.02,6,73065.57651,1009697.457,13.81905824,27.805053,1.78E+11,18.27367089,2436167.734
17.2_D,GT2023_N17,Cold-Dormancy,Plate4,D,GT2023_N17.02,6,72373.39557,1113108.243,15.38007488,27.01667422,2.27E+11,18.11221382,3136668.897
17.3_A,GT2023_N17,Constant-Warmth,Plate1,A,GT2023_N17.03,8,46428.82815,1019365.601,21.95544539,27.61848174,1.68E+11,18.46667333,3618441.531
17.3_B,GT2023_N17,Constant-Warmth,Plate3,B,GT2023_N17.03,8,39289.80197,874428.4578,22.2558632,27.51633998,1.67E+11,18.13007758,4260847.445
17.3_C,GT2023_N17,Constant-Warmth,Plate3,C,GT2023_N17.03,8,42142.78179,571318.5706,13.55673608,27.41444216,1.77E+11,18.04991573,4199427.296
17.3_D,GT2023_N17,Constant-Warmth,Plate1,D,GT2023_N17.03,8,16789.54387,321482.4806,19.1477793,29.09459966,1.87E+11,18.29532585,11137884.47
17.4_A,GT2023_N17,Cold-Dormancy,Plate5,A,GT2023_N17.04,9,51494.28233,784370.7567,15.23219125,27.52490714,1.69E+11,18.76620554,3290667.036
17.4_B,GT2023_N17,Cold-Dormancy,Plate5,B,GT2023_N17.04,9,62273.15924,876034.4033,14.06760816,27.2445971,1.71E+11,18.75200109,2749092.787
17.4_C,GT2023_N17,Cold-Dormancy,Plate4,C,GT2023_N17.04,9,74840.38852,1399614.729,18.70132901,26.96703404,2.50E+11,17.96678201,3341552.623
17.4_D,GT2023_N17,Cold-Dormancy,Plate3,D,GT2023_N17.04,9,50286.26266,701026.1364,13.94070864,27.15956641,1.69E+11,18.1159563,3366466.843
17.5_B,GT2023_N17,Constant-Warmth,Plate2,B,GT2023_N17.05,10,26954.77288,522403.0679,19.38072601,29.24842235,1.88E+11,18.19018215,6974646.044
17.5_C,GT2023_N17,Constant-Warmth,Plate1,C,GT2023_N17.05,10,32564.05975,441144.027,13.54696037,28.13273097,1.97E+11,18.20420154,6049614.253
17.5_D,GT2023_N17,Constant-Warmth,Plate3,D,GT2023_N17.05,10,50200.68314,901640.3908,17.96071954,27.16160188,1.95E+11,17.91480665,3875570.523
2.2_B,GT2023_N02,Cold-Dormancy,Plate2,B,GT2023_N02.02,3,67392.42696,1094034.182,16.23378518,27.92187659,2.13E+11,18.00594786,3160592.512
2.2_C,GT2023_N02,Cold-Dormancy,Plate5,C,GT2023_N02.02,3,82669.43654,1338005.13,16.18500362,26.83085559,2.43E+11,18.19776686,2942521.973
2.2_D,GT2023_N02,Cold-Dormancy,Plate2,D,GT2023_N02.02,3,13977.48426,249770.7251,17.86950502,30.20580523,89280357555,19.32774295,6387441.108
2.3_A,GT2023_N02,Cold-Dormancy,Plate4,A,GT2023_N02.03,11,60356.64185,1026603.011,17.00894847,27.28523053,2.14E+11,18.20312047,3540741.695
2.3_B,GT2023_N02,Cold-Dormancy,Plate6,B,GT2023_N02.03,11,51350.70637,1071954.382,20.87516331,27.60428705,2.48E+11,17.86556625,4835142.835
2.3_C,GT2023_N02,Cold-Dormancy,Plate1,C,GT2023_N02.03,11,24371.93604,610022.3003,25.02970217,28.55330786,2.35E+11,17.92195641,9642237.679
2.3_D,GT2023_N02,Cold-Dormancy,Plate3,D,GT2023_N02.03,11,50577.50237,668245.2763,13.2123028,27.14997393,2.45E+11,17.57936926,4852677.7
2.4_A,GT2023_N02,Constant-Warmth,Plate4,A,GT2023_N02.04,5,54344.94845,805783.4218,14.82720004,27.44362793,2.33E+11,18.07140156,4289460.221
2.4_B,GT2023_N02,Constant-Warmth,Plate1,B,GT2023_N02.04,5,15723.02683,355171.6909,22.58926953,29.1999208,2.39E+11,17.93173207,15200635.51
2.4_C,GT2023_N02,Constant-Warmth,Plate4,C,GT2023_N02.04,5,35317.71719,780086.0217,22.08766828,28.08069509,2.76E+11,17.81694713,7812178.699
2.4_D,GT2023_N02,Constant-Warmth,Plate5,D,GT2023_N02.04,5,56752.21469,789134.8049,13.90491647,27.38207656,2.48E+11,18.16407278,4377871.448
3.1_A,GT2023_N03,Cold-Dormancy,Plate2,A,GT2023_N03.01,6,53183.96719,584466.4704,10.98952375,28.26587178,1.35E+11,18.69216457,2538358.967
3.1_B,GT2023_N03,Cold-Dormancy,Plate1,B,GT2023_N03.01,6,53511.98403,1301750.445,24.32633491,27.4124059,1.90E+11,18.2699677,3550606.531
3.1_C,GT2023_N03,Cold-Dormancy,Plate1,C,GT2023_N03.01,6,27029.11243,553130.1304,20.46423581,28.40372876,1.58E+11,18.56643936,5845548.958
3.1_D,GT2023_N03,Cold-Dormancy,Plate3,D,GT2023_N03.01,6,22836.75771,262850.3899,11.50996973,28.30525837,1.11E+11,18.74239793,4854397.257
3.2_A,GT2023_N03,Cold-Dormancy,Plate4,A,GT2023_N03.02,1,73973.07348,1531182.93,20.69919307,26.98613985,1.98E+11,18.31559382,2680724.262
3.2_B,GT2023_N03,Cold-Dormancy,Plate1,B,GT2023_N03.02,1,15731.99977,408728.2496,25.98069257,29.19540123,2.02E+11,18.16832284,12840071.38
3.2_C,GT2023_N03,Cold-Dormancy,Plate4,C,GT2023_N03.02,1,61196.75392,1088583.373,17.78825351,27.2715871,1.85E+11,18.42280985,3020490.425
3.2_D,GT2023_N03,Cold-Dormancy,Plate5,D,GT2023_N03.02,1,65946.00711,1090294.345,16.53313662,27.16108449,2.10E+11,18.42976692,3182826.017
3.3_A,GT2023_N03,Constant-Warmth,Plate5,A,GT2023_N03.03,8,57620.57376,857728.546,14.88580363,27.35805711,1.59E+11,18.86904867,2754192.096
3.3_B,GT2023_N03,Constant-Warmth,Plate2,B,GT2023_N03.03,8,33145.43436,562084.7833,16.95813599,28.94824026,1.68E+11,18.36448338,5068571.38
3.3_C,GT2023_N03,Constant-Warmth,Plate1,C,GT2023_N03.03,8,9798.60519,169972.2745,17.34657854,29.89564396,75692739665,19.75134457,7724848.404
3.3_D,GT2023_N03,Constant-Warmth,Plate4,D,GT2023_N03.03,8,50508.48024,696868.3978,13.79705733,27.55148112,1.95E+11,18.33753319,3870061.284
3.4_A,GT2023_N03,Cold-Dormancy,Plate4,A,GT2023_N03.04,9,76948.2647,1807130.237,23.48500313,26.92626157,2.29E+11,18.09869887,2975774.14
3.4_B,GT2023_N03,Cold-Dormancy,Plate5,B,GT2023_N03.04,9,75967.98809,1242232.391,16.35205068,26.95597656,2.35E+11,18.25406409,3088456.394
3.4_C,GT2023_N03,Cold-Dormancy,Plate2,C,GT2023_N03.04,9,20779.36429,510375.5153,24.56165204,29.6273446,1.70E+11,18.33972994,8181193.498
3.4_D,GT2023_N03,Cold-Dormancy,Plate6,D,GT2023_N03.04,9,74663.13864,1460487.659,19.56102684,27.05323179,2.89E+11,17.63045853,3865120.128
5.1_A,GT2023_N05,Constant-Warmth,Plate2,A,GT2023_N05.01,10,36466.97944,651267.5811,17.85910408,28.81020551,1.87E+11,18.2071719,5127926.768
5.1_B,GT2023_N05,Constant-Warmth,Plate5,B,GT2023_N05.01,10,35188.9863,863545.9613,24.54023409,28.07888478,1.52E+11,18.9328819,4330337.981
5.1_C,GT2023_N05,Constant-Warmth,Plate1,C,GT2023_N05.01,10,18412.25913,367461.8925,19.95745823,28.96924294,1.40E+11,18.75870722,7603629.68
5.1_D,GT2023_N05,Constant-Warmth,Plate3,D,GT2023_N05.01,10,73792.35189,1043146.717,14.13624435,26.60261895,3.56E+11,17.04560104,4826210.074
5.2_B,GT2023_N05,Cold-Dormancy,Plate3,B,GT2023_N05.02,11,47524.9627,826038.7455,17.38115505,27.24049706,2.15E+11,17.77304673,4534235.321
5.2_C,GT2023_N05,Cold-Dormancy,Plate1,C,GT2023_N05.02,11,22533.02236,428523.7146,19.01758707,28.66709228,1.48E+11,18.67187405,6568137.981
5.2_D,GT2023_N05,Cold-Dormancy,Plate6,D,GT2023_N05.02,11,72976.76842,1382768.667,18.94806659,27.08832492,2.38E+11,17.92781636,3267464.498
5.3_A,GT2023_N05,Constant-Warmth,Plate2,A,GT2023_N05.03,12,45627.09039,583921.7005,12.7976975,28.4998256,1.19E+11,18.92134506,2608099.684
5.3_B,GT2023_N05,Constant-Warmth,Plate1,B,GT2023_N05.03,12,21610.26376,606569.3574,28.06857723,28.73218068,2.13E+11,18.08227107,9856427.592
5.3_C,GT2023_N05,Constant-Warmth,Plate3,C,GT2023_N05.03,12,25276.65275,299036.5589,11.83054425,28.15480908,1.54E+11,18.25352212,6086174.511
5.3_D,GT2023_N05,Constant-Warmth,Plate2,D,GT2023_N05.03,12,22038.20572,388639.1896,17.63479271,29.54005197,1.88E+11,18.19409595,8530640.035
5.4_B,GT2023_N05,Cold-Dormancy,Plate2,B,GT2023_N05.04,1,64928.12907,764912.7501,11.7809147,27.97446211,1.71E+11,18.33763556,2633681.31
5.4_C,GT2023_N05,Cold-Dormancy,Plate3,C,GT2023_N05.04,1,22440.83893,418958.6515,18.66947367,28.32733115,1.90E+11,17.96327785,8464206.778
5.4_D,GT2023_N05,Cold-Dormancy,Plate1,D,GT2023_N05.04,1,17733.59411,336929.9896,18.99953205,29.01685241,1.83E+11,18.32729651,10319397.12
5.5_A,GT2023_N05,Constant-Warmth,Plate2,A,GT2023_N05.05,2,35621.24152,481842.2863,13.52682461,28.8438392,1.67E+11,18.36906495,4688213.911
5.5_B,GT2023_N05,Constant-Warmth,Plate2,B,GT2023_N05.05,2,18337.73851,434710.3954,23.70578003,29.80578195,1.55E+11,18.48789798,8452514.464
5.5_C,GT2023_N05,Constant-Warmth,Plate5,C,GT2023_N05.05,2,43585.44776,608392.6335,13.95861841,27.76601063,1.35E+11,19.12002283,3104096.873
5.5_D,GT2023_N05,Constant-Warmth,Plate3,D,GT2023_N05.05,2,52378.47715,1138436.547,21.73481569,27.09954843,2.97E+11,17.31484534,5661633.761
5.6_B,GT2023_N05,Cold-Dormancy,Plate6,B,GT2023_N05.06,3,74862.47203,1192430.684,15.92828359,27.0492771,2.94E+11,17.60148425,3929552.311
6.2_A,GT2023_N06,Constant-Warmth,Plate3,A,GT2023_N06.02,5,55280.34342,673199.2798,12.17791421,27.02106009,2.19E+11,17.75189051,3963691.264
6.2_B,GT2023_N06,Constant-Warmth,Plate4,B,GT2023_N06.02,5,43800.35462,1203280.744,27.47194069,27.76809665,2.49E+11,17.97336677,5679100.185
6.2_C,GT2023_N06,Constant-Warmth,Plate3,C,GT2023_N06.02,5,30958.01309,506531.4203,16.36188404,27.86104233,1.47E+11,18.32441896,4743628.948
6.2_D,GT2023_N06,Constant-Warmth,Plate6,D,GT2023_N06.02,5,116294.2794,1549581.785,13.32466045,26.40231281,4.75E+11,16.84987463,4088576.002
6.3_B,GT2023_N06,Cold-Dormancy,Plate5,B,GT2023_N06.03,6,54133.02178,959123.8267,17.71790665,27.44975519,2.17E+11,18.37787215,4006845.121
6.3_C,GT2023_N06,Cold-Dormancy,Plate6,C,GT2023_N06.03,6,56992.06967,941919.0381,16.52719481,27.44986921,2.34E+11,17.95544876,4110870.185
6.3_D,GT2023_N06,Cold-Dormancy,Plate2,D,GT2023_N06.03,6,18114.70937,348898.5671,19.26051144,29.82698921,1.26E+11,18.80578442,6955673.282
6.4_A,GT2023_N06,Cold-Dormancy,Plate2,A,GT2023_N06.04,9,25342.21729,290762.3035,11.47343582,29.33854078,1.35E+11,18.69485181,5327079.256
6.4_B,GT2023_N06,Cold-Dormancy,Plate4,B,GT2023_N06.04,9,54753.67764,954139.0169,17.42602612,27.43239372,2.47E+11,17.98667386,4503181.419
6.4_C,GT2023_N06,Cold-Dormancy,Plate2,C,GT2023_N06.04,9,27804.85685,518079.2855,18.63269027,29.20269826,1.94E+11,18.13937892,6977198.303
6.4_D,GT2023_N06,Cold-Dormancy,Plate4,D,GT2023_N06.04,9,19205.20224,552679.0037,28.7775675,28.98134689,1.93E+11,18.35917777,10031655.49
6.5_A,GT2023_N06,Constant-Warmth,Plate5,A,GT2023_N06.05,8,55719.09036,923154.1786,16.56800519,27.40764634,1.99E+11,18.51636105,3564255.619
6.5_B,GT2023_N06,Constant-Warmth,Plate6,B,GT2023_N06.05,8,77406.73288,1273803.065,16.45597246,27.00023577,3.12E+11,17.50803425,4028590.129
6.5_C,GT2023_N06,Constant-Warmth,Plate6,C,GT2023_N06.05,8,57671.62255,782058.7539,13.5605471,27.43242945,2.46E+11,17.87952338,4268338.381
6.5_D,GT2023_N06,Constant-Warmth,Plate4,D,GT2023_N06.05,8,58422.04584,697019.7732,11.93076626,27.33395295,2.27E+11,18.11264198,3883595.908
7.1_A,GT2023_N07,Cold-Dormancy,Plate2,A,GT2023_N07.01,9,32906.99793,807928.5457,24.55187639,28.95980037,1.95E+11,18.13732643,5925791.237
7.1_B,GT2023_N07,Cold-Dormancy,Plate4,B,GT2023_N07.01,9,54118.66196,1204828.12,22.2627108,27.44776356,2.07E+11,18.24863013,3830386.28
7.1_C,GT2023_N07,Cold-Dormancy,Plate4,C,GT2023_N07.01,9,83761.69087,1714299.217,20.46638743,26.80347498,2.09E+11,18.2335174,2499957.348
7.1_D,GT2023_N07,Cold-Dormancy,Plate1,D,GT2023_N07.01,9,27271.26045,676938.0712,24.82239765,28.39206412,1.68E+11,18.45955108,6160331.324
7.2_A,GT2023_N07,Constant-Warmth,Plate6,A,GT2023_N07.02,10,60460.137,1424097.375,23.55431936,27.36917842,4.43E+11,16.95877239,7333939.717
7.2_B,GT2023_N07,Constant-Warmth,Plate3,B,GT2023_N07.02,10,48293.61811,910235.2247,18.84794017,27.21682996,2.72E+11,17.43070927,5637359.336
7.2_C,GT2023_N07,Constant-Warmth,Plate4,C,GT2023_N07.02,10,51350.35084,1217254.687,23.70489524,27.53169381,1.76E+11,18.49324948,3436090.404
7.2_D,GT2023_N07,Constant-Warmth,Plate3,D,GT2023_N07.02,10,48314.22914,963776.4128,19.94808631,27.21661749,1.96E+11,17.90055075,4066271.916
7.3_B,GT2023_N07,Cold-Dormancy,Plate3,B,GT2023_N07.03,11,42486.36586,711855.1302,16.75490751,27.40667559,1.88E+11,17.96629501,4416981.815
7.3_C,GT2023_N07,Cold-Dormancy,Plate5,C,GT2023_N07.03,11,73266.1581,1420834.284,19.39277725,27.0070871,1.82E+11,18.65700009,2478700.223
7.3_D,GT2023_N07,Cold-Dormancy,Plate5,D,GT2023_N07.03,11,69891.94486,1156843.419,16.55188479,27.07596446,1.90E+11,18.58660081,2717195.26
7.4_A,GT2023_N07,Constant-Warmth,Plate3,A,GT2023_N07.04,2,45251.90501,756605.7195,16.71986449,27.31141019,1.81E+11,18.02835573,4008576.382
7.4_B,GT2023_N07,Constant-Warmth,Plate6,B,GT2023_N07.04,2,59223.95448,1178272.94,19.8952088,27.39600093,2.74E+11,17.71024996,4626692.061
7.4_C,GT2023_N07,Constant-Warmth,Plate5,C,GT2023_N07.04,2,64287.34144,976081.3804,15.18310384,27.20247458,1.65E+11,18.80975921,2563355.183
7.4_D,GT2023_N07,Constant-Warmth,Plate1,D,GT2023_N07.04,2,21822.70971,447752.6005,20.51773618,28.71957662,1.98E+11,18.20147245,9073117.071
7.5_A,GT2023_N07,Cold-Dormancy,Plate3,A,GT2023_N07.05,1,50362.8154,1043302.02,20.71572075,27.15685079,1.97E+11,17.89797256,3914656.192
7.5_B,GT2023_N07,Cold-Dormancy,Plate6,B,GT2023_N07.05,1,84008.84653,1504520.919,17.90907721,26.88000364,3.54E+11,17.31121919,4212734.904
7.5_C,GT2023_N07,Cold-Dormancy,Plate1,C,GT2023_N07.05,1,19103.5766,475961.5472,24.91478728,28.90664487,1.63E+11,18.51805896,8532433.66
7.5_D,GT2023_N07,Cold-Dormancy,Plate2,D,GT2023_N07.05,1,20151.49877,403813.5805,20.0388857,29.66903375,1.64E+11,18.3957586,8138352.479
8.1_A,GT2023_N08,Constant-Warmth,Plate1,A,GT2023_N08.01,2,31415.84701,221970.5068,7.065558561,28.18486518,2.16E+11,18.05693217,6875510.946
8.1_B,GT2023_N08,Constant-Warmth,Plate3,B,GT2023_N08.01,2,74210.96403,1493054.431,20.11905452,26.59524619,2.88E+11,17.34835597,3884082.795
8.1_C,GT2023_N08,Constant-Warmth,Plate2,C,GT2023_N08.01,2,16487.63672,447407.9025,27.13596314,29.96124675,1.64E+11,18.39939333,9946847.007
8.1_D,GT2023_N08,Constant-Warmth,Plate5,D,GT2023_N08.01,2,40186.73072,719903.1196,17.91395087,27.89259496,1.56E+11,18.90074751,3881249.372
8.2_B,GT2023_N08,Cold-Dormancy,Plate4,B,GT2023_N08.02,3,41380.51123,891816.0266,21.55159518,27.84791554,2.13E+11,18.21023937,5157772.922
8.2_C,GT2023_N08,Cold-Dormancy,Plate3,C,GT2023_N08.02,3,57047.41855,1101796.902,19.31370306,26.97597555,2.24E+11,17.7092024,3930855.846
8.2_D,GT2023_N08,Cold-Dormancy,Plate5,D,GT2023_N08.02,3,52102.52782,995674.4918,19.10990759,27.50850283,1.92E+11,18.57269499,3680422.444
9.1_B,GT2023_N09,Constant-Warmth,Plate5,B,GT2023_N09.01,12,54341.09925,1195208.159,21.99455247,27.44445671,1.79E+11,18.68210264,3288926.743
9.1_C,GT2023_N09,Constant-Warmth,Plate1,C,GT2023_N09.01,12,39339.89894,674045.0284,17.13387799,27.86350053,2.11E+11,18.09819904,5363511.491
9.1_D,GT2023_N09,Constant-Warmth,Plate1,D,GT2023_N09.01,12,16859.54301,386010.9082,22.89569225,29.08797128,2.18E+11,18.04083161,12930362.34
9.2_A,GT2023_N09,Constant-Warmth,Plate4,A,GT2023_N09.02,5,58767.41024,877086.5906,14.9247106,27.32534633,2.36E+11,18.05330922,4019907.67
9.2_B,GT2023_N09,Constant-Warmth,Plate6,B,GT2023_N09.02,5,66858.03076,1266003.99,18.93570564,27.21570989,3.47E+11,17.34090088,5190819.952
9.2_C,GT2023_N09,Constant-Warmth,Plate1,C,GT2023_N09.02,5,21677.15107,379723.6054,17.51722836,28.7241874,1.98E+11,18.20266395,9134041.616
9.3_A,GT2023_N09,Cold-Dormancy,Plate1,A,GT2023_N09.03,6,34449.42263,698147.3366,20.26586466,28.05105894,2.08E+11,18.11712802,6037837.041
9.3_B,GT2023_N09,Cold-Dormancy,Plate6,B,GT2023_N09.03,6,52092.0876,772489.748,14.82931062,27.58211025,2.22E+11,18.04142168,4258209.072
9.3_C,GT2023_N09,Cold-Dormancy,Plate3,C,GT2023_N09.03,6,33932.94893,850534.8536,25.06516175,27.72915221,2.89E+11,17.34624062,8505437.068
9.3_D,GT2023_N09,Cold-Dormancy,Plate6,D,GT2023_N09.03,6,65176.01936,945962.0275,14.51395831,27.25294103,2.84E+11,17.65487214,4363460.715
9.4_A,GT2023_N09,Constant-Warmth,Plate4,A,GT2023_N09.04,10,69401.46402,1155137.121,16.64427598,27.07848317,1.75E+11,18.50327823,2526208.275
9.4_B,GT2023_N09,Constant-Warmth,Plate1,B,GT2023_N09.04,10,10823.86959,260092.4579,24.0295262,29.73119324,1.52E+11,18.6729012,14043036.9
9.4_C,GT2023_N09,Constant-Warmth,Plate2,C,GT2023_N09.04,10,23097.54227,328087.3285,14.20442594,29.47328921,1.32E+11,18.73792512,5714893.753
9.4_D,GT2023_N09,Constant-Warmth,Plate1,D,GT2023_N09.04,10,15784.22211,268861.9077,17.03358619,29.19478951,1.84E+11,18.31393988,11657210.52
9.5_A,GT2023_N09,Constant-Warmth,Plate2,A,GT2023_N09.05,8,13599.10194,320574.7049,23.5732261,30.2420582,1.27E+11,18.80531054,9338851.972
9.5_B,GT2023_N09,Constant-Warmth,Plate1,B,GT2023_N09.05,8,16466.56278,766108.1308,46.52507879,29.12277229,2.07E+11,18.12340492,12570929.51
9.5_C,GT2023_N09,Constant-Warmth,Plate5,C,GT2023_N09.05,8,46479.2954,667252.9058,14.35591697,27.67703601,1.48E+11,18.97713956,3187593.552
9.5_D,GT2023_N09,Constant-Warmth,Plate5,D,GT2023_N09.05,8,31931.96445,375079.2074,11.74619896,28.22059613,83496231791,19.8790827,2614816.634
9.6_C,GT2023_N09,Cold-Dormancy,Plate4,C,GT2023_N09.06,9,42847.39042,636712.5356,14.86000733,27.79386483,2.57E+11,17.92216228,6006846.121
9.6_D,GT2023_N09,Cold-Dormancy,Plate2,D,GT2023_N09.06,9,25063.18715,395214.4719,15.76872365,29.35416805,1.77E+11,18.28131518,7062150.514