Well,Fluor,,Target,Content,Sample,Biological Set Name,Cq,Cq Mean,Cq Std. Dev,Starting Quantity (SQ),Log Starting Quantity,SQ Mean,SQ Std. Dev,Set Point,Well Note
A01,FAM,,0,Std-01,STD1,,16.74004548,16.75035077,0.014573886,30000000,7.477121255,30000000,0,62,
A02,FAM,,0,Std-01,STD1,,16.76065607,16.75035077,0.014573886,30000000,7.477121255,30000000,0,62,
A03,FAM,,0,Unkn-01,15.3_D,,22.69482175,22.53411767,0.227269888,512537.0407,5.709725257,576716.8424,90763.94591,62,
A04,FAM,,0,Unkn-01,15.3_D,,22.37341359,22.53411767,0.227269888,640896.644,5.806787997,576716.8424,90763.94591,62,
A05,FAM,,0,Unkn-09,5.5_A,,22.76245763,22.78379138,0.030170482,488989.7449,5.689299751,481842.2863,10108.03281,62,
A06,FAM,,0,Unkn-09,5.5_A,,22.80512514,22.78379138,0.030170482,474694.8278,5.6764145,481842.2863,10108.03281,62,
A07,FAM,,0,Unkn-17,6.3_D,,23.16658866,23.25033994,0.118442196,369194.6105,5.567255353,348898.5671,28702.93983,62,
A08,FAM,,0,Unkn-17,6.3_D,,23.33409122,23.25033994,0.118442196,328602.5237,5.516670895,348898.5671,28702.93983,62,
A09,FAM,,0,Unkn-25,10.1_C,,23.12320829,23.09196581,0.044183526,380501.073,5.580355886,388949.6146,11948.04214,62,
A10,FAM,,0,Unkn-25,10.1_C,,23.06072334,23.09196581,0.044183526,397398.1562,5.599225848,388949.6146,11948.04214,62,
A11,FAM,,0,Unkn-33,15.1_C,,22.19692067,22.1710557,0.036578594,724581.887,5.860087473,737851.1028,18765.50494,62,
A12,FAM,,0,Unkn-33,15.1_C,,22.14519073,22.1710557,0.036578594,751120.3186,5.87570951,737851.1028,18765.50494,62,
B01,FAM,,0,Std-02,STD2,,20.25039438,20.24025352,0.014341347,3000000,6.477121255,3000000,0,62,
B02,FAM,,0,Std-02,STD2,,20.23011266,20.24025352,0.014341347,3000000,6.477121255,3000000,0,62,
B03,FAM,,0,Unkn-02,10.1_A,,22.0022749,22.04330353,0.058023256,829600.4312,5.918868969,806594.7026,32535.01352,62,
B04,FAM,,0,Unkn-02,10.1_A,,22.08433217,22.04330353,0.058023256,783588.9739,5.894088316,806594.7026,32535.01352,62,
B05,FAM,,0,Unkn-10,3.3_B,,22.60340294,22.56269062,0.057575917,546176.5102,5.737333018,562084.7833,22497.69554,62,
B06,FAM,,0,Unkn-10,3.3_B,,22.5219783,22.56269062,0.057575917,577993.0564,5.761922621,562084.7833,22497.69554,62,
B07,FAM,,0,Unkn-18,5.1_A,,22.37758704,22.35058221,0.038190594,639039.4194,5.805527649,651267.5811,17293.23207,62,
B08,FAM,,0,Unkn-18,5.1_A,,22.32357738,22.35058221,0.038190594,663495.7428,5.821838141,651267.5811,17293.23207,62,
B09,FAM,,0,Unkn-26,10.4_B,,23.1460273,23.13552965,0.014845907,374511.1254,5.573464724,377264.9855,3894.546288,62,
B10,FAM,,0,Unkn-26,10.4_B,,23.12503201,23.13552965,0.014845907,380018.8456,5.579805134,377264.9855,3894.546288,62,
B11,FAM,,0,Unkn-34,11.2_D,,23.2969798,23.29423855,0.003876722,337192.7687,5.527878252,337836.7411,910.7146021,62,
B12,FAM,,0,Unkn-34,11.2_D,,23.29149729,23.29423855,0.003876722,338480.7136,5.529533928,337836.7411,910.7146021,62,
C01,FAM,,0,Std-03,STD3,,23.38535358,23.38647342,0.001583684,300000,5.477121255,300000,0,62,
C02,FAM,,0,Std-03,STD3,,23.38759325,23.38647342,0.001583684,300000,5.477121255,300000,0,62,
C03,FAM,,0,Unkn-03,7.1_A,,22.121521,22.04251148,0.111736341,763585.3398,5.882857582,807928.5457,62710.7632,62,
C04,FAM,,0,Unkn-03,7.1_A,,21.96350195,22.04251148,0.111736341,852271.7516,5.930578094,807928.5457,62710.7632,62,
C05,FAM,,0,Unkn-11,14.5_C,,22.55572802,22.53292822,0.032243792,564586.476,5.751730471,573680.9269,12861.49584,62,
C06,FAM,,0,Unkn-11,14.5_C,,22.51012841,22.53292822,0.032243792,582775.3778,5.765501195,573680.9269,12861.49584,62,
C07,FAM,,0,Unkn-19,7.5_D,,23.00878198,23.03798928,0.041305351,412013.7697,5.614911731,403813.5805,11596.81868,62,
C08,FAM,,0,Unkn-19,7.5_D,,23.06719657,23.03798928,0.041305351,395613.3914,5.597270984,403813.5805,11596.81868,62,
C09,FAM,,0,Unkn-27,10.5_D,,22.922352,22.63361343,0.408337992,437535.1097,5.641012908,545638.6147,152881.4428,62,
C10,FAM,,0,Unkn-27,10.5_D,,22.34487487,22.63361343,0.408337992,653742.1196,5.815406467,545638.6147,152881.4428,62,
C11,FAM,,0,Unkn-35,5.3_A,,22.64371413,22.51321532,0.184553187,531079.2766,5.725159355,583921.7005,74730.47257,62,
C12,FAM,,0,Unkn-35,5.3_A,,22.38271651,22.51321532,0.184553187,636764.1244,5.803978587,583921.7005,74730.47257,62,
D01,FAM,,0,Std-04,STD4,,26.85869787,26.94003595,0.115029419,30000,4.477121255,30000,0,62,
D02,FAM,,0,Std-04,STD4,,27.02137403,26.94003595,0.115029419,30000,4.477121255,30000,0,62,
D03,FAM,,0,Unkn-04,13.3_D,,23.3665274,23.24746302,0.168382454,321273.8848,5.506875425,350202.0675,40910.6284,62,
D04,FAM,,0,Unkn-04,13.3_D,,23.12839865,23.24746302,0.168382454,379130.2503,5.578788438,350202.0675,40910.6284,62,
D05,FAM,,0,Unkn-12,12.2_D,,22.2321824,21.69174219,0.764297875,707031.4079,5.849438707,1103109.722,560139.3235,62,
D06,FAM,,0,Unkn-12,12.2_D,,21.15130198,21.69174219,0.764297875,1499188.036,6.175856108,1103109.722,560139.3235,62,
D07,FAM,,0,Unkn-20,3.4_C,,22.69281743,22.70092231,0.01146203,513251.8744,5.710330544,510375.5153,4067.786083,62,
D08,FAM,,0,Unkn-20,3.4_C,,22.70902719,22.70092231,0.01146203,507499.1562,5.705435324,510375.5153,4067.786083,62,
D09,FAM,,0,Unkn-28,10.4_C,,22.897559,22.83351762,0.090568187,445143.6675,5.6485002,465876.3617,29320.45732,62,
D10,FAM,,0,Unkn-28,10.4_C,,22.76947624,22.83351762,0.090568187,486609.0559,5.687180187,465876.3617,29320.45732,62,
D11,FAM,,0,Unkn-36,15.1_B,,21.90031475,21.88427584,0.022682452,890553.7398,5.949660132,900597.5641,14204.11246,62,
D12,FAM,,0,Unkn-36,15.1_B,,21.86823692,21.88427584,0.022682452,910641.3883,5.959347385,900597.5641,14204.11246,62,
E01,FAM,,0,Std-05,STD5,,30.18219682,30.11010179,0.101957781,3000,3.477121255,3000,0,62,
E02,FAM,,0,Std-05,STD5,,30.03800675,30.11010179,0.101957781,3000,3.477121255,3000,0,62,
E03,FAM,,0,Unkn-05,8.1_C,,23.15688715,22.91115562,0.347516861,371693.6433,5.570185134,447407.9025,107076.1321,62,
E04,FAM,,0,Unkn-05,8.1_C,,22.66542409,22.91115562,0.347516861,523122.1616,5.718603119,447407.9025,107076.1321,62,
E05,FAM,,0,Unkn-13,3.1_A,,22.61738361,22.50996917,0.151906964,540892.5082,5.733110966,584466.4704,61622.88825,62,
E06,FAM,,0,Unkn-13,3.1_A,,22.40255472,22.50996917,0.151906964,628040.4325,5.797987604,584466.4704,61622.88825,62,
E07,FAM,,0,Unkn-21,13.2_C,,23.44127632,23.53231725,0.12875132,305001.4036,5.484301838,286865.2045,25648.45863,62,
E08,FAM,,0,Unkn-21,13.2_C,,23.62335818,23.53231725,0.12875132,268729.0055,5.429314545,286865.2045,25648.45863,62,
E09,FAM,,0,Unkn-29,11.3_B,,23.3632334,23.35530395,0.011213939,322010.613,5.507870186,323795.9556,2524.855641,62,
E10,FAM,,0,Unkn-29,11.3_B,,23.3473745,23.35530395,0.011213939,325581.2981,5.51265945,323795.9556,2524.855641,62,
E11,FAM,,0,Unkn-37,15.3_B,,22.36915812,22.4105651,0.058558319,642795.9284,5.808073117,624810.8026,25434.80885,62,
E12,FAM,,0,Unkn-37,15.3_B,,22.45197208,22.4105651,0.058558319,606825.6768,5.783063949,624810.8026,25434.80885,62,
F01,FAM,,0,Std-06,STD6,,33.42588153,33.29713983,0.182068253,300,2.477121255,300,0,62,
F02,FAM,,0,Std-06,STD6,,33.16839814,33.29713983,0.182068253,300,2.477121255,300,0,62,
F03,FAM,,0,Unkn-06,5.3_D,,23.11254964,23.09290881,0.027776323,383331.6812,5.583574714,388639.1896,7505.950293,62,
F04,FAM,,0,Unkn-06,5.3_D,,23.07326798,23.09290881,0.027776323,393946.6979,5.595437465,388639.1896,7505.950293,62,
F05,FAM,,0,Unkn-14,6.4_C,,22.71813774,22.67986381,0.054127512,504294.2429,5.70268401,518079.2855,19494.99414,62,
F06,FAM,,0,Unkn-14,6.4_C,,22.64158988,22.67986381,0.054127512,531864.328,5.725800863,518079.2855,19494.99414,62,
F07,FAM,,0,Unkn-22,15.4_A,,22.51752199,22.5273935,0.013960421,579786.8907,5.763268391,575834.2662,5589.855111,62,
F08,FAM,,0,Unkn-22,15.4_A,,22.53726501,22.5273935,0.013960421,571881.6417,5.757306155,575834.2662,5589.855111,62,
F09,FAM,,0,Unkn-30,17.5_B,,22.60723615,22.66871605,0.086945704,544722.6329,5.73617542,522403.0679,31564.63159,62,
F10,FAM,,0,Unkn-30,17.5_B,,22.73019594,22.66871605,0.086945704,500083.5028,5.699042528,522403.0679,31564.63159,62,
F11,FAM,,0,Unkn-38,5.4_B,,22.11379379,22.11903274,0.007408987,767699.2893,5.885191139,764912.7501,3940.761548,62,
F12,FAM,,0,Unkn-38,5.4_B,,22.12427168,22.11903274,0.007408987,762126.2109,5.882026898,764912.7501,3940.761548,62,
G03,FAM,,0,Unkn-07,9.6_D,,22.93064219,23.07597895,0.205537217,435020.1124,5.638509336,395214.4719,56293.67666,62,
G04,FAM,,0,Unkn-07,9.6_D,,23.22131571,23.07597895,0.205537217,355408.8314,5.550728215,395214.4719,56293.67666,62,
G05,FAM,,0,Unkn-15,9.4_C,,23.27831736,23.33756793,0.083792956,341597.0898,5.533514162,328087.3285,19105.6876,62,
G06,FAM,,0,Unkn-15,9.4_C,,23.3968185,23.33756793,0.083792956,314577.5673,5.49772775,328087.3285,19105.6876,62,
G07,FAM,,0,Unkn-23,5.5_B,,22.76498996,22.94260726,0.251188797,488129.4468,5.688535008,434710.3954,75545.94696,62,
G08,FAM,,0,Unkn-23,5.5_B,,23.12022456,22.94260726,0.251188797,381291.3441,5.581256946,434710.3954,75545.94696,62,
G09,FAM,,0,Unkn-31,6.4_A,,23.4655552,23.51074199,0.063903784,299895.4017,5.476969807,290762.3035,12916.15135,62,
G10,FAM,,0,Unkn-31,6.4_A,,23.55592879,23.51074199,0.063903784,281629.2053,5.44967769,290762.3035,12916.15135,62,
G11,FAM,,0,Unkn-39,2.2_B,,21.52635835,21.60661573,0.113501076,1155026.715,6.062592029,1094034.182,86256.46682,62,
G12,FAM,,0,Unkn-39,2.2_B,,21.68687311,21.60661573,0.113501076,1033041.65,6.014117832,1094034.182,86256.46682,62,
H01,FAM,,0,NTC-01,NEG,,NaN,0,0,NaN,NaN,0,0,62,
H02,FAM,,0,NTC-01,NEG,,NaN,0,0,NaN,NaN,0,0,62,
H03,FAM,,0,Unkn-08,2.2_D,,23.60768524,23.73412039,0.178806301,271673.7316,5.434047648,249770.7251,30975.52886,62,
H04,FAM,,0,Unkn-08,2.2_D,,23.86055554,23.73412039,0.178806301,227867.7186,5.357682804,249770.7251,30975.52886,62,
H05,FAM,,0,Unkn-16,12.5_B,,22.60715955,22.59302993,0.019982303,544751.6473,5.736198552,550156.8808,7644.154604,62,
H06,FAM,,0,Unkn-16,12.5_B,,22.57890031,22.59302993,0.019982303,555562.1144,5.744732622,550156.8808,7644.154604,62,
H07,FAM,,0,Unkn-24,9.5_A,,23.42257964,23.3705997,0.073510729,308992.6064,5.489948088,320574.7049,16379.5607,62,
H08,FAM,,0,Unkn-24,9.5_A,,23.31861977,23.3705997,0.073510729,332156.8033,5.521343152,320574.7049,16379.5607,62,
H09,FAM,,0,Unkn-32,17.2_A,,21.87885494,22.10197316,0.315536823,903942.5454,5.956140828,783370.0685,170515.232,62,
H10,FAM,,0,Unkn-32,17.2_A,,22.32509139,22.10197316,0.315536823,662797.5917,5.821380922,783370.0685,170515.232,62,
H11,FAM,,0,Unkn-40,17.2_C,,21.7570249,21.72021446,0.052057829,983858.2716,5.992932541,1009697.457,36542.12677,62,
H12,FAM,,0,Unkn-40,17.2_C,,21.68340402,21.72021446,0.052057829,1035536.643,6.015165471,1009697.457,36542.12677,62,
A01,VIC,,,Std-01,STD1,,18.97095423,18.95796399,0.018370965,30000000,7.477121255,30000000,0,62,
A02,VIC,,,Std-01,STD1,,18.94497376,18.95796399,0.018370965,30000000,7.477121255,30000000,0,62,
A03,VIC,,,Unkn-01,15.3_D,,29.46066346,29.28734766,0.245105555,23268.77946,4.366773603,26414.20286,4448.300429,62,
A04,VIC,,,Unkn-01,15.3_D,,29.11403186,29.28734766,0.245105555,29559.62626,4.470698939,26414.20286,4448.300429,62,
A05,VIC,,,Unkn-09,5.5_A,,28.84857006,28.8438392,0.006690446,35504.90487,4.550288353,35621.24152,164.5248683,62,
A06,VIC,,,Unkn-09,5.5_A,,28.83910834,28.8438392,0.006690446,35737.57817,4.553125118,35621.24152,164.5248683,62,
A07,VIC,,,Unkn-17,6.3_D,,29.72442629,29.82698921,0.145045874,19395.16882,4.287693564,18114.70937,1810.843119,62,
A08,VIC,,,Unkn-17,6.3_D,,29.92955213,29.82698921,0.145045874,16834.24993,4.226193771,18114.70937,1810.843119,62,
A09,VIC,,,Unkn-25,10.1_C,,29.86145891,29.75873853,0.145268543,17644.4911,4.246609137,18988.78962,1901.125195,62,
A10,VIC,,,Unkn-25,10.1_C,,29.65601816,29.75873853,0.145268543,20333.08813,4.308203343,18988.78962,1901.125195,62,
A11,VIC,,,Unkn-33,15.1_C,,28.17496195,28.18951349,0.020578977,56525.72409,4.752246134,55963.5531,795.029847,62,
A12,VIC,,,Unkn-33,15.1_C,,28.20406502,28.18951349,0.020578977,55401.3821,4.743520599,55963.5531,795.029847,62,
B01,VIC,,,Std-02,STD2,,22.52975679,22.51837647,0.016094213,3000000,6.477121255,3000000,0,62,
B02,VIC,,,Std-02,STD2,,22.50699614,22.51837647,0.016094213,3000000,6.477121255,3000000,0,62,
B03,VIC,,,Unkn-02,10.1_A,,28.39114185,28.37543201,0.022217062,48689.14741,4.68743217,49222.96309,754.9293685,62,
B04,VIC,,,Unkn-02,10.1_A,,28.35972218,28.37543201,0.022217062,49756.77876,4.696852257,49222.96309,754.9293685,62,
B05,VIC,,,Unkn-10,3.3_B,,28.93506041,28.94824026,0.018639121,33447.00645,4.524357254,33145.43436,426.4873322,62,
B06,VIC,,,Unkn-10,3.3_B,,28.96142011,28.94824026,0.018639121,32843.86228,4.516454222,33145.43436,426.4873322,62,
B07,VIC,,,Unkn-18,5.1_A,,28.77772465,28.81020551,0.045934865,37284.54657,4.571528866,36466.97944,1156.214534,62,
B08,VIC,,,Unkn-18,5.1_A,,28.84268636,28.81020551,0.045934865,35649.4123,4.552052375,36466.97944,1156.214534,62,
B09,VIC,,,Unkn-26,10.4_B,,29.28757135,29.2604907,0.038297811,26222.20485,4.418669206,26721.71188,706.4096197,62,
B10,VIC,,,Unkn-26,10.4_B,,29.23341006,29.2604907,0.038297811,27221.21892,4.434907568,26721.71188,706.4096197,62,
B11,VIC,,,Unkn-34,11.2_D,,29.24616522,29.20589938,0.056944494,26982.57431,4.431083382,27753.86364,1090.767835,62,
B12,VIC,,,Unkn-34,11.2_D,,29.16563354,29.20589938,0.056944494,28525.15297,4.455227982,27753.86364,1090.767835,62,
C01,VIC,,,Std-03,STD3,,25.7013406,25.72047979,0.027066901,300000,5.477121255,300000,0,62,
C02,VIC,,,Std-03,STD3,,25.73961898,25.72047979,0.027066901,300000,5.477121255,300000,0,62,
C03,VIC,,,Unkn-03,7.1_A,,29.01783181,28.95980037,0.08206885,31589.38355,4.499541151,32906.99793,1863.388136,62,
C04,VIC,,,Unkn-03,7.1_A,,28.90176893,28.95980037,0.08206885,34224.61232,4.534338537,32906.99793,1863.388136,62,
C05,VIC,,,Unkn-11,14.5_C,,29.03262226,29.01766315,0.021155367,31268.47886,4.495106754,31594.74648,461.4121024,62,
C06,VIC,,,Unkn-11,14.5_C,,29.00270405,29.01766315,0.021155367,31921.01411,4.50407668,31594.74648,461.4121024,62,
C07,VIC,,,Unkn-19,7.5_D,,29.67682236,29.66903375,0.011014759,20043.14797,4.301965933,20151.49877,153.2311752,62,
C08,VIC,,,Unkn-19,7.5_D,,29.66124514,29.66903375,0.011014759,20259.84958,4.306636217,20151.49877,153.2311752,62,
C09,VIC,,,Unkn-27,10.5_D,,29.75915144,29.49786257,0.36951827,18935.74709,4.277282444,23048.78975,5816.720714,62,
C10,VIC,,,Unkn-27,10.5_D,,29.23657369,29.49786257,0.36951827,27161.83241,4.433959065,23048.78975,5816.720714,62,
C11,VIC,,,Unkn-35,5.3_A,,28.70579496,28.4998256,0.291284661,39182.70944,4.593094464,45627.09039,9113.730931,62,
C12,VIC,,,Unkn-35,5.3_A,,28.29385624,28.4998256,0.291284661,52071.47133,4.716599849,45627.09039,9113.730931,62,
D01,VIC,,,Std-04,STD4,,29.28280365,29.25512619,0.039141842,30000,4.477121255,30000,0,62,
D02,VIC,,,Std-04,STD4,,29.22744873,29.25512619,0.039141842,30000,4.477121255,30000,0,62,
D03,VIC,,,Unkn-04,13.3_D,,29.51684926,29.39388889,0.173892223,22383.51365,4.349928261,24454.36622,2928.627788,62,
D04,VIC,,,Unkn-04,13.3_D,,29.27092852,29.39388889,0.173892223,26525.21879,4.423658975,24454.36622,2928.627788,62,
D05,VIC,,,Unkn-12,12.2_D,,28.36846499,27.98276712,0.54545916,49457.37153,4.694231032,66847.5848,24593.47546,62,
D06,VIC,,,Unkn-12,12.2_D,,27.59706924,27.98276712,0.54545916,84237.79807,4.925507006,66847.5848,24593.47546,62,
D07,VIC,,,Unkn-20,3.4_C,,29.7170449,29.6273446,0.126855377,19494.25375,4.289906615,20779.36429,1817.420745,62,
D08,VIC,,,Unkn-20,3.4_C,,29.5376443,29.6273446,0.126855377,22064.47482,4.343693595,20779.36429,1817.420745,62,
D09,VIC,,,Unkn-28,10.4_C,,29.65285215,29.59978165,0.075053014,20377.57788,4.309152562,21152.18797,1095.464101,62,
D10,VIC,,,Unkn-28,10.4_C,,29.54671116,29.59978165,0.075053014,21926.79807,4.340975217,21152.18797,1095.464101,62,
D11,VIC,,,Unkn-36,15.1_B,,27.95391404,27.96763309,0.019401671,65844.51501,4.818519603,65226.77456,873.6169146,62,
D12,VIC,,,Unkn-36,15.1_B,,27.98135214,27.96763309,0.019401671,64609.03412,4.810293249,65226.77456,873.6169146,62,
E01,VIC,,,Std-05,STD5,,32.56857613,32.46937797,0.140287375,3000,3.477121255,3000,0,62,
E02,VIC,,,Std-05,STD5,,32.37017982,32.46937797,0.140287375,3000,3.477121255,3000,0,62,
E03,VIC,,,Unkn-05,8.1_C,,30.02844608,29.96124675,0.095034205,15723.30668,4.196543885,16487.63672,1080.925916,62,
E04,VIC,,,Unkn-05,8.1_C,,29.89404742,29.96124675,0.095034205,17251.96677,4.236838613,16487.63672,1080.925916,62,
E05,VIC,,,Unkn-13,3.1_A,,28.35330929,28.26587178,0.123655299,49977.54714,4.698774938,53183.96719,4534.56271,62,
E06,VIC,,,Unkn-13,3.1_A,,28.17843428,28.26587178,0.123655299,56390.38723,4.751205077,53183.96719,4534.56271,62,
E07,VIC,,,Unkn-21,13.2_C,,29.25708547,29.30293232,0.064837237,26779.92314,4.427809326,25958.59873,1161.528129,62,
E08,VIC,,,Unkn-21,13.2_C,,29.34877917,29.30293232,0.064837237,25137.27431,4.400318184,25958.59873,1161.528129,62,
E09,VIC,,,Unkn-29,11.3_B,,30.15802323,30.13876718,0.02723217,14377.87551,4.157694719,14571.56987,273.9251941,62,
E10,VIC,,,Unkn-29,11.3_B,,30.11951113,30.13876718,0.02723217,14765.26423,4.169241223,14571.56987,273.9251941,62,
E11,VIC,,,Unkn-37,15.3_B,,28.27053022,28.33085903,0.085317815,52916.77127,4.723593338,50802.1865,2990.474463,62,
E12,VIC,,,Unkn-37,15.3_B,,28.39118783,28.33085903,0.085317815,48687.60173,4.687418382,50802.1865,2990.474463,62,
F01,VIC,,,Std-06,STD6,,35.66503325,35.62816894,0.052134011,300,2.477121255,300,0,62,
F02,VIC,,,Std-06,STD6,,35.59130462,35.62816894,0.052134011,300,2.477121255,300,0,62,
F03,VIC,,,Unkn-06,5.3_D,,29.58450749,29.54005197,0.062869603,21362.06887,4.329643311,22038.20572,956.2019043,62,
F04,VIC,,,Unkn-06,5.3_D,,29.49559645,29.54005197,0.062869603,22714.34257,4.356300171,22038.20572,956.2019043,62,
F05,VIC,,,Unkn-14,6.4_C,,29.20981243,29.20269826,0.010060961,27668.3009,4.44198249,27804.85685,193.1192767,62,
F06,VIC,,,Unkn-14,6.4_C,,29.19558409,29.20269826,0.010060961,27941.4128,4.446248361,27804.85685,193.1192767,62,
F07,VIC,,,Unkn-22,15.4_A,,29.11901925,29.1394928,0.028953967,29458.02615,4.469203643,29047.49901,580.5730456,62,
F08,VIC,,,Unkn-22,15.4_A,,29.15996634,29.1394928,0.028953967,28636.97187,4.456927093,29047.49901,580.5730456,62,
F09,VIC,,,Unkn-30,17.5_B,,29.20137598,29.24842235,0.066533616,27829.91404,4.444511865,26954.77288,1237.636499,62,
F10,VIC,,,Unkn-30,17.5_B,,29.29546872,29.24842235,0.066533616,26079.63171,4.416301454,26954.77288,1237.636499,62,
F11,VIC,,,Unkn-38,5.4_B,,28.00118593,27.97446211,0.037793201,63730.42018,4.804346782,64928.12907,1693.816154,62,
F12,VIC,,,Unkn-38,5.4_B,,27.94773828,27.97446211,0.037793201,66125.83796,4.820371189,64928.12907,1693.816154,62,
G03,VIC,,,Unkn-07,9.6_D,,29.29736938,29.35416805,0.080325443,26045.43458,4.415731608,25063.18715,1389.107643,62,
G04,VIC,,,Unkn-07,9.6_D,,29.41096671,29.35416805,0.080325443,24080.93971,4.38167343,25063.18715,1389.107643,62,
G05,VIC,,,Unkn-15,9.4_C,,29.39856743,29.47328921,0.105672549,24287.95334,4.38539092,23097.54227,1683.495487,62,
G06,VIC,,,Unkn-15,9.4_C,,29.54801099,29.47328921,0.105672549,21907.13119,4.340585509,23097.54227,1683.495487,62,
G07,VIC,,,Unkn-23,5.5_B,,29.78519631,29.80578195,0.029112484,18598.32373,4.269473803,18337.73851,368.5231486,62,
G08,VIC,,,Unkn-23,5.5_B,,29.82636758,29.80578195,0.029112484,18077.15329,4.257130041,18337.73851,368.5231486,62,
G09,VIC,,,Unkn-31,6.4_A,,29.2720908,29.33854078,0.093974467,26503.94396,4.423310505,25342.21729,1642.929618,62,
G10,VIC,,,Unkn-31,6.4_A,,29.40499077,29.33854078,0.093974467,24180.49061,4.383465108,25342.21729,1642.929618,62,
G11,VIC,,,Unkn-39,2.2_B,,27.85332191,27.92187659,0.096950966,70579.50819,4.848678628,67392.42696,4507.213502,62,
G12,VIC,,,Unkn-39,2.2_B,,27.99043128,27.92187659,0.096950966,64205.34573,4.807571189,67392.42696,4507.213502,62,
H01,VIC,,,NTC-01,NEG,,NaN,0,0,NaN,NaN,0,0,62,
H02,VIC,,,NTC-01,NEG,,NaN,0,0,NaN,NaN,0,0,62,
H03,VIC,,,Unkn-08,2.2_D,,30.06460476,30.20580523,0.199687623,15335.67772,4.185702973,13977.48426,1920.775608,62,
H04,VIC,,,Unkn-08,2.2_D,,30.34700571,30.20580523,0.199687623,12619.2908,4.101034948,13977.48426,1920.775608,62,
H05,VIC,,,Unkn-16,12.5_B,,29.11554433,29.18307974,0.095509496,29528.77821,4.470245478,28214.2945,1858.960682,62,
H06,VIC,,,Unkn-16,12.5_B,,29.25061515,29.18307974,0.095509496,26899.8108,4.429749225,28214.2945,1858.960682,62,
H07,VIC,,,Unkn-24,9.5_A,,30.34090889,30.2420582,0.139795984,12672.5165,4.102862865,13599.10194,1310.389706,62,
H08,VIC,,,Unkn-24,9.5_A,,30.14320751,30.2420582,0.139795984,14525.68739,4.162136693,13599.10194,1310.389706,62,
H09,VIC,,,Unkn-32,17.2_A,,28.37434615,28.54142872,0.236290438,49256.97881,4.692467771,44183.14045,7175.491035,62,
H10,VIC,,,Unkn-32,17.2_A,,28.70851129,28.54142872,0.236290438,39109.30208,4.592280066,44183.14045,7175.491035,62,
H11,VIC,,,Unkn-40,17.2_C,,27.87879058,27.805053,0.104280687,69349.40483,4.841042738,73065.57651,5255.46039,62,
H12,VIC,,,Unkn-40,17.2_C,,27.73131542,27.805053,0.104280687,76781.74819,4.885257996,73065.57651,5255.46039,62,