Tortoise_ID,Treatment,Nest_ID,Tank,Growth_rate_During,Growth_rate_3_Weeks_Post,Growth_rate_3_Months_Post,Time_Interval,Telomere_Change,Growth_Rate,z_telo,z_growth,outlier
GT2023_N02.02,Cold-Dormancy,GT2023_N02,3,0.087263158,0.547368421,0.783516484,Early_Spring_2024,-218070.5392,0.547368421,0.02226607236633943,0.7671498972972104,FALSE
GT2023_N02.02,Cold-Dormancy,GT2023_N02,3,0.087263158,0.547368421,0.783516484,Late_Spring_2024,3444919.136,0.783516484,0.939629271027506,0.11294518044947363,FALSE
GT2023_N02.03,Cold-Dormancy,GT2023_N02,11,0.023157895,0.626315789,0.46043956,Winter_2023,1294401.141,0.023157895,0.03281212701879686,0.9706026977314685,FALSE
GT2023_N02.03,Cold-Dormancy,GT2023_N02,11,0.023157895,0.626315789,0.46043956,Early_Spring_2024,4807094.844,0.626315789,1.2326665544457476,0.622539375191561,FALSE
GT2023_N02.03,Cold-Dormancy,GT2023_N02,11,0.023157895,0.626315789,0.46043956,Late_Spring_2024,-4789559.979,0.46043956,1.4766582498003034,0.9562186949457557,FALSE
GT2023_N02.04,Constant-Warmth,GT2023_N02,5,0.713578947,1.036842105,0.757142857,Winter_2023,10911175.29,0.713578947,2.4617953051522536,0.9172154070911979,FALSE
GT2023_N02.04,Constant-Warmth,GT2023_N02,5,0.713578947,1.036842105,0.757142857,Early_Spring_2024,-7388456.814,1.036842105,1.7048490257215814,0.12943534415397692,FALSE
GT2023_N02.04,Constant-Warmth,GT2023_N02,5,0.713578947,1.036842105,0.757142857,Late_Spring_2024,-3434307.251,0.757142857,1.0789791484872573,0.1817838361323043,FALSE
GT2023_N03.01,Cold-Dormancy,GT2023_N03,6,0.068736842,0.789473684,0.928571429,Winter_2023,1012247.565,0.068736842,0.10600324046263611,0.8459761946778611,FALSE
GT2023_N03.01,Cold-Dormancy,GT2023_N03,6,0.068736842,0.789473684,0.928571429,Early_Spring_2024,2294942.427,0.789473684,0.6275699526981966,0.3236776274305874,FALSE
GT2023_N03.01,Cold-Dormancy,GT2023_N03,6,0.068736842,0.789473684,0.928571429,Late_Spring_2024,-991151.7007,0.928571429,0.36207086744280553,0.26566741667063193,FALSE
GT2023_N03.02,Cold-Dormancy,GT2023_N03,1,0.114526316,0.478947368,0.773626374,Winter_2023,10159347.12,0.114526316,2.2667698099561764,0.7207740477023272,FALSE
GT2023_N03.02,Cold-Dormancy,GT2023_N03,1,0.114526316,0.478947368,0.773626374,Early_Spring_2024,-9819580.955,0.478947368,2.2904285256717767,0.8924790177987112,FALSE
GT2023_N03.02,Cold-Dormancy,GT2023_N03,1,0.114526316,0.478947368,0.773626374,Late_Spring_2024,162335.5919,0.773626374,0.023596883646340973,0.13875967600426847,FALSE
GT2023_N03.03,Constant-Warmth,GT2023_N03,8,0.570842105,1.073684211,0.227472527,Winter_2023,2314379.285,0.570842105,0.23177192364636492,0.5269300967400118,FALSE
GT2023_N03.03,Constant-Warmth,GT2023_N03,8,0.570842105,1.073684211,0.227472527,Early_Spring_2024,2656277.023,1.073684211,0.7146038184198178,0.19692025617956432,FALSE
GT2023_N03.03,Constant-Warmth,GT2023_N03,8,0.570842105,1.073684211,0.227472527,Late_Spring_2024,-3854787.12,0.227472527,1.2023628192738232,1.5642934724550321,FALSE
GT2023_N03.04,Cold-Dormancy,GT2023_N03,9,0.104105263,0.5,0.493406593,Winter_2023,112682.2538,0.104105263,0.33935199923286596,0.7492683302386549,FALSE
GT2023_N03.04,Cold-Dormancy,GT2023_N03,9,0.104105263,0.5,0.493406593,Early_Spring_2024,5092737.103,0.5,1.3014685742064753,0.8539162109269468,FALSE
GT2023_N03.04,Cold-Dormancy,GT2023_N03,9,0.104105263,0.5,0.493406593,Late_Spring_2024,-4316073.368,0.493406593,1.3377205254511957,0.8701703772998167,FALSE
GT2023_N05.01,Constant-Warmth,GT2023_N05,10,1.063473684,2.521052632,1.57032967,Winter_2023,-797588.7868,1.063473684,0.5754778422638123,1.873932496434478,FALSE
GT2023_N05.01,Constant-Warmth,GT2023_N05,10,1.063473684,2.521052632,1.57032967,Early_Spring_2024,3273291.699,2.521052632,0.8632227800518605,2.848113175493095,FALSE
GT2023_N05.01,Constant-Warmth,GT2023_N05,10,1.063473684,2.521052632,1.57032967,Late_Spring_2024,-2777419.606,1.57032967,0.8862250717529856,1.940741329857394,FALSE
GT2023_N05.02,Cold-Dormancy,GT2023_N05,11,0.127578947,0.484210526,1.07032967,Early_Spring_2024,2033902.66,0.484210526,0.5646938808230271,0.8828383160807701,FALSE
GT2023_N05.02,Cold-Dormancy,GT2023_N05,11,0.127578947,0.484210526,1.07032967,Late_Spring_2024,-3300673.483,1.07032967,1.0397662727886106,0.6356751801990509,FALSE
GT2023_N05.03,Constant-Warmth,GT2023_N05,12,1.640526316,2.9,2.489010989,Winter_2023,7248327.909,1.640526316,1.511646517421701,3.4517673596233998,TRUE
GT2023_N05.03,Constant-Warmth,GT2023_N05,12,1.640526316,2.9,2.489010989,Early_Spring_2024,-3770253.081,2.9,0.833340287456755,3.542243684530986,TRUE
GT2023_N05.03,Constant-Warmth,GT2023_N05,12,1.640526316,2.9,2.489010989,Late_Spring_2024,2444465.523,2.489010989,0.6460607833917226,4.33862111335815,TRUE
GT2023_N05.04,Cold-Dormancy,GT2023_N05,1,0.022105263,0.831578947,0.983516484,Early_Spring_2024,5830525.469,0.831578947,1.47917802768327,0.24655201551879202,FALSE
GT2023_N05.04,Cold-Dormancy,GT2023_N05,1,0.022105263,0.831578947,0.983516484,Late_Spring_2024,1855190.342,0.983516484,0.47314659582761354,0.4090812794138638,FALSE
GT2023_N05.05,Constant-Warmth,GT2023_N05,2,0.665789474,1.378947368,0.915384615,Winter_2023,3764300.554,0.665789474,0.60788394600122,0.7865446633646088,FALSE
GT2023_N05.05,Constant-Warmth,GT2023_N05,2,0.665789474,1.378947368,0.915384615,Early_Spring_2024,-5348417.591,1.378947368,1.21346928581585,0.7560809429980136,FALSE
GT2023_N05.05,Constant-Warmth,GT2023_N05,2,0.665789474,1.378947368,0.915384615,Late_Spring_2024,2557536.888,0.915384615,0.6792399225208484,0.2312480875241505,FALSE
GT2023_N06.02,Constant-Warmth,GT2023_N06,5,0.663578947,1.352631579,0.88021978,Winter_2023,1715408.92,0.663578947,0.07639800084975008,0.7805004199573273,FALSE
GT2023_N06.02,Constant-Warmth,GT2023_N06,5,0.663578947,1.352631579,0.88021978,Early_Spring_2024,-935471.237,1.352631579,0.15053264852038847,0.7078774362400418,FALSE
GT2023_N06.02,Constant-Warmth,GT2023_N06,5,0.663578947,1.352631579,0.88021978,Late_Spring_2024,-655052.9457,0.88021978,0.26344760103693,0.1394632158905086,FALSE
GT2023_N06.03,Cold-Dormancy,GT2023_N06,6,0.127789474,0.505263158,1.040659341,Early_Spring_2024,104025.0638,0.505263158,0.09984852854783008,0.8442755092090057,FALSE
GT2023_N06.03,Cold-Dormancy,GT2023_N06,6,0.127789474,0.505263158,1.040659341,Late_Spring_2024,2844803.098,1.040659341,0.7635339924534675,0.5582316961447984,FALSE
GT2023_N06.04,Cold-Dormancy,GT2023_N06,9,0.091894737,0.694736842,0.825274725,Winter_2023,-823897.836,0.091894737,0.5823024539943996,0.7826555683384107,FALSE
GT2023_N06.04,Cold-Dormancy,GT2023_N06,9,0.091894737,0.694736842,0.825274725,Early_Spring_2024,2474016.883,0.694736842,0.6707032212260636,0.49721025469006025,FALSE
GT2023_N06.04,Cold-Dormancy,GT2023_N06,9,0.091894737,0.694736842,0.825274725,Late_Spring_2024,3054457.185,0.825274725,0.8250539194620683,0.003950646852723239,FALSE
GT2023_N06.05,Constant-Warmth,GT2023_N06,8,0.700315789,2.015789474,0.995604396,Winter_2023,464334.51,0.700315789,0.24813281094118114,0.8809499575847081,FALSE
GT2023_N06.05,Constant-Warmth,GT2023_N06,8,0.700315789,2.015789474,0.995604396,Early_Spring_2024,239748.2517,2.015789474,0.13253987291884894,1.9226058288880845,FALSE
GT2023_N06.05,Constant-Warmth,GT2023_N06,8,0.700315789,2.015789474,0.995604396,Late_Spring_2024,-384742.4729,0.995604396,0.1841289443187503,0.44063232895636134,FALSE
GT2023_N07.01,Cold-Dormancy,GT2023_N07,9,-0.007473684,0.605263158,0.584615385,Winter_2023,-2095404.958,-0.007473684,0.9121335457362654,1.054358616308971,FALSE
GT2023_N07.01,Cold-Dormancy,GT2023_N07,9,-0.007473684,0.605263158,0.584615385,Early_Spring_2024,-1330428.933,0.605263158,0.2456652360442936,0.661102180231592,FALSE
GT2023_N07.01,Cold-Dormancy,GT2023_N07,9,-0.007473684,0.605263158,0.584615385,Late_Spring_2024,3660373.977,0.584615385,1.0028513444992704,0.6321033633189594,FALSE
GT2023_N07.02,Constant-Warmth,GT2023_N07,10,0.582105263,0.878947368,0.664835165,Winter_2023,-1696580.381,0.582105263,0.8086777778767144,0.5577269467611468,FALSE
GT2023_N07.02,Constant-Warmth,GT2023_N07,10,0.582105263,0.878947368,0.664835165,Early_Spring_2024,-2201268.932,0.878947368,0.45542254236650026,0.15978570188905572,FALSE
GT2023_N07.02,Constant-Warmth,GT2023_N07,10,0.582105263,0.878947368,0.664835165,Late_Spring_2024,630181.5116,0.664835165,0.11368566229904627,0.42271912449688076,FALSE
GT2023_N07.03,Cold-Dormancy,GT2023_N07,11,0.057157895,0.4,0.873626374,Early_Spring_2024,-1938281.591,0.4,0.3920773626453749,1.0370895399043607,FALSE
GT2023_N07.03,Cold-Dormancy,GT2023_N07,11,0.057157895,0.4,0.873626374,Late_Spring_2024,238495.0372,0.873626374,0.0012490077574653802,0.1222535539274001,FALSE
GT2023_N07.04,Constant-Warmth,GT2023_N07,2,0.412210526,0.752631579,0.385714286,Winter_2023,618115.6789,0.412210526,0.20824171638887923,0.09318381109980071,FALSE
GT2023_N07.04,Constant-Warmth,GT2023_N07,2,0.412210526,0.752631579,0.385714286,Early_Spring_2024,-2063336.877,0.752631579,0.4221991530578904,0.39116253762444164,FALSE
GT2023_N07.04,Constant-Warmth,GT2023_N07,2,0.412210526,0.752631579,0.385714286,Late_Spring_2024,6509761.887,0.385714286,1.838962573002961,1.1512615461884452,FALSE
GT2023_N07.05,Cold-Dormancy,GT2023_N07,1,0.115263158,0.326315789,0.773626374,Winter_2023,298078.7119,0.115263158,0.2912598453454275,0.7187593008113334,FALSE
GT2023_N07.05,Cold-Dormancy,GT2023_N07,1,0.115263158,0.326315789,0.773626374,Early_Spring_2024,4319698.756,0.326315789,1.1152685356957373,1.1720593621238025,FALSE
GT2023_N07.05,Cold-Dormancy,GT2023_N07,1,0.115263158,0.326315789,0.773626374,Late_Spring_2024,-394081.1791,0.773626374,0.18686925113556313,0.13875967600426847,FALSE
GT2023_N08.01,Constant-Warmth,GT2023_N08,2,0.488736842,0.968421053,0.785714286,Winter_2023,-2991428.151,0.488736842,1.1445634730719163,0.3024296972466508,FALSE
GT2023_N08.01,Constant-Warmth,GT2023_N08,2,0.488736842,0.968421053,0.785714286,Early_Spring_2024,6062764.214,0.968421053,1.5351168610289918,0.004106225484209435,FALSE
GT2023_N08.01,Constant-Warmth,GT2023_N08,2,0.488736842,0.968421053,0.785714286,Late_Spring_2024,-6065597.637,0.785714286,1.8510928468248102,0.10720862646177061,FALSE
GT2023_N08.02,Cold-Dormancy,GT2023_N08,3,0.055789474,1,1.098901099,Early_Spring_2024,-1226917.076,1,0.22073256377193343,0.06195043396012255,FALSE
GT2023_N08.02,Cold-Dormancy,GT2023_N08,3,0.055789474,1,1.098901099,Late_Spring_2024,-250433.4029,1.098901099,0.1447179111200841,0.7102503898695846,FALSE
GT2023_N09.01,Constant-Warmth,GT2023_N09,12,0.782421053,1.052631579,1.132967033,Early_Spring_2024,2074584.748,1.052631579,0.5744928854670972,0.1583574493078001,FALSE
GT2023_N09.01,Constant-Warmth,GT2023_N09,12,0.782421053,1.052631579,1.132967033,Late_Spring_2024,7566850.849,1.132967033,2.149149875880761,0.7991669845093745,FALSE
GT2023_N09.02,Constant-Warmth,GT2023_N09,5,0.594736842,0.589473684,0.474725275,Winter_2023,1170912.282,0.594736842,0.06484534529748094,0.5922654699704561,FALSE
GT2023_N09.02,Constant-Warmth,GT2023_N09,5,0.594736842,0.589473684,0.474725275,Early_Spring_2024,3943221.665,0.589473684,1.0245873306628248,0.6900242853854152,FALSE
GT2023_N09.03,Cold-Dormancy,GT2023_N09,6,0.089473684,0.984210526,0.912087912,Winter_2023,-1779627.969,0.089473684,0.8302204622570294,0.789275452933319,FALSE
GT2023_N09.03,Cold-Dormancy,GT2023_N09,6,0.089473684,0.984210526,0.912087912,Early_Spring_2024,4247227.996,0.984210526,1.0978126638683303,0.03302832880629937,FALSE
GT2023_N09.03,Cold-Dormancy,GT2023_N09,6,0.089473684,0.984210526,0.912087912,Late_Spring_2024,-4141976.353,0.912087912,1.286634301431078,0.2226432565425961,FALSE
GT2023_N09.04,Constant-Warmth,GT2023_N09,10,0.578105263,1.178947368,0.687912088,Winter_2023,11516828.62,0.578105263,2.6189028003401544,0.5467897477904371,FALSE
GT2023_N09.04,Constant-Warmth,GT2023_N09,10,0.578105263,1.178947368,0.687912088,Early_Spring_2024,-8328143.143,1.178947368,1.9311891954257554,0.38973428504318597,FALSE
GT2023_N09.04,Constant-Warmth,GT2023_N09,10,0.578105263,1.178947368,0.687912088,Late_Spring_2024,5942316.766,0.687912088,1.6724540974238198,0.36248530240573645,FALSE
GT2023_N09.05,Constant-Warmth,GT2023_N09,8,0.731052632,1.752631579,1.373626374,Winter_2023,3232077.537,0.731052632,0.4698243978398692,0.964993699490324,FALSE
GT2023_N09.05,Constant-Warmth,GT2023_N09,8,0.731052632,1.752631579,1.373626374,Early_Spring_2024,-9383335.959,1.752631579,2.185351157426658,1.440570752149697,FALSE
GT2023_N09.05,Constant-Warmth,GT2023_N09,8,0.731052632,1.752631579,1.373626374,Late_Spring_2024,-572776.9181,1.373626374,0.23930490348718164,1.4273197035857434,FALSE
GT2023_N09.06,Cold-Dormancy,GT2023_N09,9,0.097894737,0.552631579,0.595604396,Late_Spring_2024,1055304.392,0.595604396,0.23843175690722881,0.603420590770313,FALSE
GT2023_N10.01,Constant-Warmth,GT2023_N10,10,0.566842105,1.578947368,0.428571429,Winter_2023,-131691.8305,0.566842105,0.40274304881763406,0.5159928977693021,FALSE
GT2023_N10.01,Constant-Warmth,GT2023_N10,10,0.566842105,1.578947368,0.428571429,Early_Spring_2024,6060255.593,1.578947368,1.5345126150318542,1.1224276009528413,FALSE
GT2023_N10.01,Constant-Warmth,GT2023_N10,10,0.566842105,1.578947368,0.428571429,Late_Spring_2024,-4788274.465,0.428571429,1.4762810345092483,1.0393987329877112,FALSE
GT2023_N10.02,Cold-Dormancy,GT2023_N10,11,0.035684211,0.357894737,0.513186813,Winter_2023,-125630.1076,0.035684211,0.4011706276747632,0.9363519951159724,FALSE
GT2023_N10.02,Cold-Dormancy,GT2023_N10,11,0.035684211,0.357894737,0.513186813,Early_Spring_2024,1273820.417,0.357894737,0.381614550454532,1.1142151518161558,FALSE
GT2023_N10.02,Cold-Dormancy,GT2023_N10,11,0.035684211,0.357894737,0.513186813,Late_Spring_2024,-1910205.723,0.513186813,0.631753835124981,0.8185413861902268,FALSE
GT2023_N10.03,Constant-Warmth,GT2023_N10,12,0.392105263,1.284210526,0.104395604,Early_Spring_2024,-870446.4595,1.284210526,0.1348702740448669,0.582548315738541,FALSE
GT2023_N10.03,Constant-Warmth,GT2023_N10,12,0.392105263,1.284210526,0.104395604,Late_Spring_2024,-428386.5308,0.104395604,0.19693565510024413,1.8855405244778447,FALSE
GT2023_N10.04,Cold-Dormancy,GT2023_N10,1,0.033684211,0.557894737,0.692307692,Winter_2023,2130160.121,0.033684211,0.18398516183387864,0.9418205946013273,FALSE
GT2023_N10.04,Cold-Dormancy,GT2023_N10,1,0.033684211,0.557894737,0.692307692,Early_Spring_2024,2232589.287,0.557894737,0.6125510896439612,0.7478684938613283,FALSE
GT2023_N10.04,Cold-Dormancy,GT2023_N10,1,0.033684211,0.557894737,0.692307692,Late_Spring_2024,-617503.7628,0.692307692,0.25242934222645136,0.35101219443033094,FALSE
GT2023_N10.05,Constant-Warmth,GT2023_N10,2,0.504315789,0.473684211,0.373626374,Winter_2023,408141.9883,0.504315789,0.2627092458343547,0.34502720801993564,FALSE
GT2023_N10.05,Constant-Warmth,GT2023_N10,2,0.504315789,0.473684211,0.373626374,Early_Spring_2024,-2132113.155,0.473684211,0.43876514316940707,0.9021197176849189,FALSE
GT2023_N10.05,Constant-Warmth,GT2023_N10,2,0.504315789,0.473684211,0.373626374,Late_Spring_2024,3838206.169,0.373626374,1.0550336016074733,1.182812595730943,FALSE
GT2023_N10.06,Cold-Dormancy,GT2023_N10,3,0.029157895,0.657894737,0.882417582,Winter_2023,-708560.4194,0.029157895,0.5523837336210312,0.954196899275404,FALSE
GT2023_N10.06,Cold-Dormancy,GT2023_N10,3,0.029157895,0.657894737,0.882417582,Early_Spring_2024,-5610087.291,0.657894737,1.2764970882608084,0.5646951648839144,FALSE
GT2023_N11.01,Cold-Dormancy,GT2023_N11,9,0.071368421,0.689473684,0.614285714,Winter_2023,134554.93,0.071368421,0.333678190140067,0.8387806688953259,FALSE
GT2023_N11.01,Cold-Dormancy,GT2023_N11,9,0.071368421,0.689473684,0.614285714,Early_Spring_2024,-650162.2337,0.689473684,0.08181089932374692,0.5068509564080013,FALSE
GT2023_N11.01,Cold-Dormancy,GT2023_N11,9,0.071368421,0.689473684,0.614285714,Late_Spring_2024,2208695.552,0.614285714,0.5768775319975348,0.5546598792647068,FALSE
GT2023_N11.02,Constant-Warmth,GT2023_N11,5,0.59,0.994736842,1.118681319,Winter_2023,232833.3705,0.59,0.3081845969356374,0.5793135241087526,FALSE
GT2023_N11.02,Constant-Warmth,GT2023_N11,5,0.59,0.994736842,1.118681319,Early_Spring_2024,724746.2389,0.994736842,0.2493602664280865,0.05230973224218149,FALSE
GT2023_N11.02,Constant-Warmth,GT2023_N11,5,0.59,0.994736842,1.118681319,Late_Spring_2024,-1234689.049,1.118681319,0.43353334215852235,0.7618793809791743,FALSE
GT2023_N11.03,Cold-Dormancy,GT2023_N11,6,0.048,0.689473684,0.378021978,Winter_2023,5675883.194,0.048,1.1037517065484537,0.9026769364224033,FALSE
GT2023_N11.03,Cold-Dormancy,GT2023_N11,6,0.048,0.689473684,0.378021978,Early_Spring_2024,-7320604.463,0.689473684,1.6885055798650148,0.5068509564080013,FALSE
GT2023_N11.03,Cold-Dormancy,GT2023_N11,6,0.048,0.689473684,0.378021978,Late_Spring_2024,1854756.642,0.378021978,0.4730193329026431,1.1713394877555374,FALSE
GT2023_N11.04,Constant-Warmth,GT2023_N11,8,0.648421053,1.263157895,0.93956044,Early_Spring_2024,-659173.4237,1.263157895,0.08398140474762286,0.5439855106985099,FALSE
GT2023_N11.04,Constant-Warmth,GT2023_N11,8,0.648421053,1.263157895,0.93956044,Late_Spring_2024,-1506684.135,0.93956044,0.5133463239937779,0.2943501892192784,FALSE
GT2023_N12.04,Cold-Dormancy,GT2023_N12,6,0.102105263,0.731578947,0.958241758,Winter_2023,-4277978.904,0.102105263,1.4782969080650628,0.7547369297240097,FALSE
GT2023_N12.04,Cold-Dormancy,GT2023_N12,6,0.102105263,0.731578947,0.958241758,Early_Spring_2024,1223738.44,0.731578947,0.36955141531733826,0.42972534449620586,FALSE
GT2023_N12.04,Cold-Dormancy,GT2023_N12,6,0.102105263,0.731578947,0.958241758,Late_Spring_2024,-1076513.851,0.958241758,0.3871191425844831,0.3431109007248845,FALSE
GT2023_N12.05,Cold-Dormancy,GT2023_N12,11,0.054526316,0.684210526,0.656043956,Winter_2023,2067095.7,0.054526316,0.16762614467337658,0.8848320322629717,FALSE
GT2023_N12.05,Cold-Dormancy,GT2023_N12,11,0.054526316,0.684210526,0.656043956,Early_Spring_2024,-991193.8559,0.684210526,0.16395443260828596,0.5164916581259423,FALSE
GT2023_N12.05,Cold-Dormancy,GT2023_N12,11,0.054526316,0.684210526,0.656043956,Late_Spring_2024,-755736.3016,0.656043956,0.2929916599893747,0.44566534305782424,FALSE
GT2023_N12.06,Constant-Warmth,GT2023_N12,10,0.607263158,0.810526316,0.748351648,Winter_2023,1506667.242,0.607263158,0.022250057550405385,0.626516172585952,FALSE
GT2023_N12.06,Constant-Warmth,GT2023_N12,10,0.607263158,0.810526316,0.748351648,Early_Spring_2024,-887867.3067,0.810526316,0.13906639501624954,0.28511482055882303,FALSE
GT2023_N12.06,Constant-Warmth,GT2023_N12,10,0.607263158,0.810526316,0.748351648,Late_Spring_2024,1922586.831,0.748351648,0.49292311029124986,0.20473005469324776,FALSE
GT2023_N13.01,Cold-Dormancy,GT2023_N13,1,0.144421053,0.642105263,1.184615385,Winter_2023,268252.3977,0.144421053,0.29899684154860084,0.6390328760158184,FALSE
GT2023_N13.01,Cold-Dormancy,GT2023_N13,1,0.144421053,0.642105263,1.184615385,Early_Spring_2024,1009383.036,0.642105263,0.31792010280266314,0.5936172700377376,FALSE
GT2023_N13.01,Cold-Dormancy,GT2023_N13,1,0.144421053,0.642105263,1.184615385,Late_Spring_2024,-1780388.359,1.184615385,0.5936608273901545,0.9339760162710525,FALSE
GT2023_N13.02,Constant-Warmth,GT2023_N13,2,0.608105263,1.184210526,1.168131868,Early_Spring_2024,-3684613.699,1.184210526,0.8127125187460318,0.39937498676112704,FALSE
GT2023_N13.02,Constant-Warmth,GT2023_N13,2,0.608105263,1.184210526,1.168131868,Late_Spring_2024,-3480384.874,1.168131868,1.0924999533723527,0.8909518561430164,FALSE
GT2023_N13.03,Cold-Dormancy,GT2023_N13,3,0.055894737,0.6,0.826373626,Winter_2023,6094453.898,0.055894737,1.2123296530520686,0.8810903590747974,FALSE
GT2023_N13.03,Cold-Dormancy,GT2023_N13,3,0.055894737,0.6,0.826373626,Early_Spring_2024,-5545387.962,0.6,1.2609131038463601,0.670742881949533,FALSE
GT2023_N13.03,Cold-Dormancy,GT2023_N13,3,0.055894737,0.6,0.826373626,Late_Spring_2024,1689176.865,0.826373626,0.4244323678646546,0.001082369858871871,FALSE
GT2023_N13.04,Constant-Warmth,GT2023_N13,5,0.629263158,0.915789474,0.901098901,Winter_2023,-1136932.853,0.629263158,0.663504265312719,0.6866707669248551,FALSE
GT2023_N13.04,Constant-Warmth,GT2023_N13,5,0.629263158,0.915789474,0.901098901,Early_Spring_2024,2003361.525,0.915789474,0.5573375051202812,0.09230078986346811,FALSE
GT2023_N13.04,Constant-Warmth,GT2023_N13,5,0.629263158,0.915789474,0.901098901,Late_Spring_2024,7792662.646,0.901098901,2.215411046687896,0.1939604839939499,FALSE
GT2023_N14.05,Cold-Dormancy,GT2023_N14,11,0.045894737,0.857894737,1.031868132,Winter_2023,223068.3925,0.045894737,0.3107176486966918,0.9084333565015714,FALSE
GT2023_N14.05,Cold-Dormancy,GT2023_N14,11,0.045894737,0.857894737,1.031868132,Early_Spring_2024,1148500.768,0.857894737,0.35142908351035185,0.19834850692908673,FALSE
GT2023_N14.05,Cold-Dormancy,GT2023_N14,11,0.045894737,0.857894737,1.031868132,Late_Spring_2024,2791370.905,1.031868132,0.7478550965144177,0.5352854775838549,FALSE
GT2023_N15.01,Constant-Warmth,GT2023_N15,12,0.494526316,1.505263158,1.089010989,Early_Spring_2024,-107832.7198,1.505263158,0.048818812340078156,0.987457780565133,FALSE
GT2023_N15.01,Constant-Warmth,GT2023_N15,12,0.494526316,1.505263158,1.089010989,Late_Spring_2024,1711758.538,1.089010989,0.4310586296970418,0.6844358943147891,FALSE
GT2023_N15.02,Cold-Dormancy,GT2023_N15,1,0.096,0.484210526,0.651648352,Winter_2023,-1558366.916,0.096,0.7728249719697599,0.7714305487738877,FALSE
GT2023_N15.02,Cold-Dormancy,GT2023_N15,1,0.096,0.484210526,0.651648352,Early_Spring_2024,8403750.05,0.484210526,2.0989849466264237,0.8828383160807701,FALSE
GT2023_N15.02,Cold-Dormancy,GT2023_N15,1,0.096,0.484210526,0.651648352,Late_Spring_2024,-7870707.873,0.651648352,2.380776057632898,0.4571384510332297,FALSE
GT2023_N15.03,Constant-Warmth,GT2023_N15,2,0.570526316,0.657894737,0.883516484,Winter_2023,-6423147.079,0.570526316,2.0347571503146185,0.5260666349585715,FALSE
GT2023_N15.03,Constant-Warmth,GT2023_N15,2,0.570526316,0.657894737,0.883516484,Early_Spring_2024,1662894.426,0.657894737,0.475329947291537,0.5646951648839144,FALSE
GT2023_N15.03,Constant-Warmth,GT2023_N15,2,0.570526316,0.657894737,0.883516484,Late_Spring_2024,1830977.991,0.883516484,0.46604183537414035,0.1480680494821952,FALSE
GT2023_N15.05,Constant-Warmth,GT2023_N15,5,0.290105263,0.978947368,0.093406593,Early_Spring_2024,-388480.6245,0.978947368,0.018780228336099318,0.023387627088358315,FALSE
GT2023_N15.05,Constant-Warmth,GT2023_N15,5,0.290105263,0.978947368,0.093406593,Late_Spring_2024,1146926.669,0.093406593,0.26531697471555993,1.9142232970264912,FALSE
GT2023_N17.02,Cold-Dormancy,GT2023_N17,6,0.228421053,0.757894737,0.875824176,Winter_2023,8128877.135,0.228421053,1.7400624716219442,0.409351697630916,FALSE
GT2023_N17.02,Cold-Dormancy,GT2023_N17,6,0.228421053,0.757894737,0.875824176,Early_Spring_2024,-8770806.58,0.757894737,2.0378125593721443,0.3815218359065006,FALSE
GT2023_N17.02,Cold-Dormancy,GT2023_N17,6,0.228421053,0.757894737,0.875824176,Late_Spring_2024,700501.1622,0.875824176,0.13431993580205848,0.12799010791510285,FALSE
GT2023_N17.03,Constant-Warmth,GT2023_N17,8,1.010421053,2.468421053,1.321978022,Winter_2023,642405.9142,1.010421053,0.20194078838852014,1.728870701142818,FALSE
GT2023_N17.03,Constant-Warmth,GT2023_N17,8,1.010421053,2.468421053,1.321978022,Early_Spring_2024,-61420.14933,2.468421053,0.05999810563443314,2.751706160145418,FALSE
GT2023_N17.03,Constant-Warmth,GT2023_N17,8,1.010421053,2.468421053,1.321978022,Late_Spring_2024,6938457.179,1.321978022,1.964756939571979,1.2925106718240655,FALSE
GT2023_N17.04,Cold-Dormancy,GT2023_N17,9,0.074842105,0.768421053,0.671428571,Winter_2023,-541574.2485,0.074842105,0.5090672392807495,0.8292825756279832,FALSE
GT2023_N17.04,Cold-Dormancy,GT2023_N17,9,0.074842105,0.768421053,0.671428571,Early_Spring_2024,592459.836,0.768421053,0.21749673286598362,0.36224043247061843,FALSE
GT2023_N17.04,Cold-Dormancy,GT2023_N17,9,0.074842105,0.768421053,0.671428571,Late_Spring_2024,24914.21941,0.671428571,0.06392117651360353,0.4055094625337723,FALSE
GT2023_N17.05,Constant-Warmth,GT2023_N17,10,0.665263158,1.352631579,0.531868132,Early_Spring_2024,-925031.7897,1.352631579,0.1480181219165862,0.7078774362400418,FALSE
GT2023_N17.05,Constant-Warmth,GT2023_N17,10,0.665263158,1.352631579,0.531868132,Late_Spring_2024,-2174043.73,0.531868132,0.7091732413716844,0.7697806720744882,FALSE
