Nest_ID,Treatment,Tortoise_ID,Tank,Growth_rate_During,Growth_rate_3_Weeks_Post,Growth_rate_3_Months_Post,mtDNA_percent_change_A_to_B,mtDNA_percent_change_B_to_C,mtDNA_percent_change_C_to_D,Telomeres_percent_change_A_to_B,Telomeres_percent_change_B_to_C,Telomeres_percent_change_C_to_D
GT2023_N02,Cold-Dormancy,GT2023_N02.02,3,0.087263158,0.547368421,0.783516484,NA,-0.30049410004017785,10.407791310007427,NA,-6.899672715344956,117.07369283786808
GT2023_N02,Cold-Dormancy,GT2023_N02.03,11,0.023157895,0.626315789,0.46043956,22.730475332303005,19.901826879080755,-47.213503739839794,36.55734454155729,99.41991394459292,-49.672701913568176
GT2023_N02,Constant-Warmth,GT2023_N02.04,5,0.713578947,1.036842105,0.757142857,52.35020420561637,-2.220528885103982,-37.04669821818943,254.37175618283896,-48.60623629708312,-43.96094077312435
GT2023_N03,Cold-Dormancy,GT2023_N03.01,6,0.068736842,0.789473684,0.928571429,121.35931881666298,-15.876206253368558,-43.75568264088811,39.878030549979435,64.63522236135726,-16.95566502927366
GT2023_N03,Cold-Dormancy,GT2023_N03.02,1,0.114526316,0.478947368,0.773626374,25.51548500530487,-31.53279707394436,-7.055874773665874,378.9776988749605,-76.47606204802165,5.374477951800827
GT2023_N03,Constant-Warmth,GT2023_N03.03,8,0.570842105,1.073684211,0.227472527,13.92153497385484,2.290596986355266,-20.46237070388274,84.03114973921294,52.40681889968191,-49.90113615713528
GT2023_N03,Cold-Dormancy,GT2023_N03.04,9,0.104105263,0.5,0.493406593,-30.3723717256213,50.20533217799633,-20.35948228970767,3.78665343664559,164.8958720545617,-52.75603578618333
GT2023_N05,Constant-Warmth,GT2023_N05.01,10,1.063473684,2.521052632,1.57032967,37.410219392570816,-18.67454012716811,-29.16811255302925,-15.553825617708098,75.58975106948851,-36.52754964262972
GT2023_N05,Cold-Dormancy,GT2023_N05.02,11,0.127578947,0.484210526,1.07032967,NA,9.41497849586212,-0.36555887262134745,NA,44.85657481270518,-50.252803638518216
GT2023_N05,Cold-Dormancy,GT2023_N05.04,1,0.022105263,0.831578947,0.983516484,NA,58.47219122269696,1.767904059620386,NA,221.38310536578572,21.918065012660364
GT2023_N05,Constant-Warmth,GT2023_N05.05,2,0.665789474,1.378947368,0.915384615,75.25014715173613,-41.117236417380646,55.708932303972325,80.29284977323013,-63.276053692758936,82.39230256634119
GT2023_N06,Constant-Warmth,GT2023_N06.02,5,0.663578947,1.352631579,0.88021978,125.5882264543444,-40.44146998552093,-18.562798681604207,43.27806597078306,-16.4721735230742,-13.80911013219151
GT2023_N06,Cold-Dormancy,GT2023_N06.03,6,0.127789474,0.505263158,1.040659341,NA,-6.720386695905944,16.538297395378454,NA,2.596183797095947,69.20196865211553
GT2023_N06,Cold-Dormancy,GT2023_N06.04,9,0.091894737,0.694736842,0.825274725,51.88149741877264,6.924494053659662,54.44665845971684,-15.466220744348576,54.93931187433443,43.777703473512744
GT2023_N06,Constant-Warmth,GT2023_N06.05,8,0.700315789,2.015789474,0.995604396,-0.6761992736591919,-17.594981818896823,-12.01854785295522,13.027531121888735,5.951170113314406,-9.01387000311522
GT2023_N07,Cold-Dormancy,GT2023_N07.01,9,-0.007473684,0.605263158,0.584615385,-9.323790792937237,-8.06875400911552,21.283727895722578,-35.36076235475653,-34.73354474844514,146.41745705169294
GT2023_N07,Constant-Warmth,GT2023_N07.02,10,0.582105263,0.878947368,0.664835165,-19.98096027298298,25.76915581767319,-15.848241013680225,-23.133274152821897,-39.04787331144674,18.340073671487943
GT2023_N07,Cold-Dormancy,GT2023_N07.03,11,0.057157895,0.4,0.873626374,NA,15.743863373660943,-14.649229598505304,NA,-43.88248973633392,9.621778180535662
GT2023_N07,Constant-Warmth,GT2023_N07.04,2,0.412210526,0.752631579,0.385714286,18.991447633584492,-23.68462179298283,35.135321449739784,15.419830384800026,-44.59637361121197,253.9547359351994
GT2023_N07,Cold-Dormancy,GT2023_N07.05,1,0.115263158,0.326315789,0.773626374,-13.548375046650197,39.11820794703514,-19.570311907631577,7.614428885867025,102.53905964695062,-4.618625776874228
GT2023_N08,Constant-Warmth,GT2023_N08.01,2,0.488736842,0.968421053,0.785714286,184.7482522720388,34.876930305967754,-33.98446639235511,-43.508448674938265,156.09255855149186,-60.98010385203022
GT2023_N08,Cold-Dormancy,GT2023_N08.02,3,0.055789474,1,1.098901099,NA,-10.3838815737726,-1.0551859178620808,NA,-23.787729591555983,-6.3709637985102985
GT2023_N09,Constant-Warmth,GT2023_N09.01,12,0.782421053,1.052631579,1.132967033,NA,-22.099447088490788,33.62819711545081,NA,63.07786429134704,141.08016476214038
GT2023_N09,Constant-Warmth,GT2023_N09.02,5,0.594736842,0.589473684,0.474725275,26.87485974624087,-7.491018892279754,NA,29.127840182616076,75.96529451589495,NA
GT2023_N09,Cold-Dormancy,GT2023_N09.03,6,0.089473684,0.984210526,0.912087912,-26.826163749459052,69.02445698393589,-42.09509417543769,-29.474594249047925,99.74211985635324,-48.69798365461495
GT2023_N09,Constant-Warmth,GT2023_N09.04,10,0.578105263,1.178947368,0.687912088,44.37111126765664,-40.887615406603906,19.917455739363163,455.8938679821744,-59.30443111144438,103.97947931245928
GT2023_N09,Constant-Warmth,GT2023_N09.05,8,0.731052632,1.752631579,1.373626374,97.36407138142376,-69.14370195942602,-18.178692615312222,34.608938529293475,-74.64313558123843,-17.968944558117283
GT2023_N09,Cold-Dormancy,GT2023_N09.06,9,0.097894737,0.552631579,0.595604396,NA,NA,6.115180852663692,NA,NA,17.568360696723747
GT2023_N10,Constant-Warmth,GT2023_N10.01,10,0.566842105,1.578947368,0.428571429,19.2918827201824,4.784623656257725,-25.200322803931403,-3.881594080136011,185.8384882525289,-51.369229646837866
GT2023_N10,Cold-Dormancy,GT2023_N10.02,11,0.035684211,0.357894737,0.513186813,-3.0283052199462417,15.910069245077446,-50.93876347583589,-2.408029862411115,25.018556974519377,-30.009565775263763
GT2023_N10,Constant-Warmth,GT2023_N10.03,12,0.392105263,1.284210526,0.104395604,NA,-37.59417693311305,15.508595268379096,NA,-17.37048154381661,-10.345950127006304
GT2023_N10,Cold-Dormancy,GT2023_N10.04,1,0.033684211,0.557894737,0.692307692,-9.90228726565391,56.00307375208424,-10.872440658325273,50.78720510279011,35.30095128886834,-7.216329078658582
GT2023_N10,Constant-Warmth,GT2023_N10.05,2,0.504315789,0.473684211,0.373626374,11.288141480305375,-23.725888929554323,57.626612083414464,6.7065062393213815,-32.83253427982317,87.99611391772024
GT2023_N10,Cold-Dormancy,GT2023_N10.06,3,0.029157895,0.657894737,0.882417582,7.449484923309643,-24.188573282432504,NA,-6.302970890378261,-53.26135468874392,NA
GT2023_N11,Cold-Dormancy,GT2023_N11.01,9,0.071368421,0.689473684,0.614285714,-38.857940059997624,-9.174161095085372,27.997957933513263,3.5929234334477527,-16.758687295503137,68.39355759429372
GT2023_N11,Constant-Warmth,GT2023_N11.02,5,0.59,0.994736842,1.118681319,19.166604692772747,-20.93289550520569,-33.42565341864833,5.634298800756148,16.60258324077529,-24.25711351776461
GT2023_N11,Cold-Dormancy,GT2023_N11.03,6,0.048,0.689473684,0.378021978,46.49083890138992,-36.8258155246251,26.17463492033015,95.84332061147674,-63.11994048912578,43.3625646428716
GT2023_N11,Constant-Warmth,GT2023_N11.04,8,0.648421053,1.263157895,0.93956044,NA,-17.23433946377069,-9.425707338945305,NA,-14.65759895621272,-39.25730694769107
GT2023_N12,Constant-Warmth,GT2023_N12.02,8,0.576421053,1.463157895,1.402197802,NA,NA,NA,NA,NA,NA
GT2023_N12,Cold-Dormancy,GT2023_N12.04,6,0.102105263,0.731578947,0.958241758,-38.309278849808216,0.291898723059557,-1.518201890617951,-60.82040712853337,44.40576617532862,-27.05115746121576
GT2023_N12,Cold-Dormancy,GT2023_N12.05,11,0.054526316,0.684210526,0.656043956,-25.78869367945015,1.9153612547650456,-2.475891324074623,51.75940648595908,-16.35428967685594,-14.907324156004748
GT2023_N12,Constant-Warmth,GT2023_N12.06,10,0.607263158,0.810526316,0.748351648,3.616818482414258,-38.196810991410274,52.89496892349563,37.402936728298805,-16.04133121471774,41.372594890121775
GT2023_N13,Cold-Dormancy,GT2023_N13.01,1,0.144421053,0.642105263,1.184615385,-23.32253198512167,16.76010489129296,-22.00865527651008,8.525962358405605,29.56120643876782,-40.24444248964803
GT2023_N13,Constant-Warmth,GT2023_N13.02,2,0.608105263,1.184210526,1.168131868,NA,-54.836950734079615,61.03545936802146,NA,-36.14144912514239,-53.45912093453937
GT2023_N13,Cold-Dormancy,GT2023_N13.03,3,0.055894737,0.6,0.826373626,7.682223414878296,-7.680878062577181,-21.14753119886044,170.7851734203413,-57.388176191929254,41.02376254991721
GT2023_N13,Constant-Warmth,GT2023_N13.04,5,0.629263158,0.915789474,0.901098901,-41.75659977325974,9.603573870297131,45.19255542834824,-27.22811740888096,65.92930794704638,154.5546094195804
GT2023_N14,Constant-Warmth,GT2023_N14.04,12,0.610421053,1.063157895,0.964835165,NA,NA,NA,NA,NA,NA
GT2023_N14,Cold-Dormancy,GT2023_N14.05,11,0.045894737,0.857894737,1.031868132,16.496697941810478,6.914188332332809,36.37839818866992,4.178557138547583,20.651008187591092,41.60030945513208
GT2023_N15,Constant-Warmth,GT2023_N15.01,12,0.494526316,1.505263158,1.089010989,NA,-4.50984763054162,45.356240975610454,NA,-3.3334504672721863,54.7406227687982
GT2023_N15,Cold-Dormancy,GT2023_N15.02,1,0.096,0.484210526,0.651648352,-23.8446387316274,37.77192787935277,-44.03980210572851,-24.619521820130775,176.1262678535878,-59.73888000960558
GT2023_N15,Constant-Warmth,GT2023_N15.03,2,0.570526316,0.657894737,0.883516484,-44.15921663630155,25.755487231940833,41.166633034508656,-70.58250420699252,62.11667117027895,42.18897190825627
GT2023_N15,Constant-Warmth,GT2023_N15.05,5,0.290105263,0.978947368,0.093406593,NA,-37.99213923126196,-1.3844221428825885,NA,-6.201966710368341,19.520996624237213
GT2023_N17,Cold-Dormancy,GT2023_N17.02,6,0.228421053,0.757894737,0.875824176,80.68579125799957,-56.86358458639512,11.296114480909008,264.08773521714113,-78.26203873447145,28.754225432783375
GT2023_N17,Constant-Warmth,GT2023_N17.03,8,1.010421053,2.468421053,1.321978022,1.3683066314292165,-39.086900554808054,41.24180914352335,17.75366297672694,-1.441500784083858,165.2238910477424
GT2023_N17,Cold-Dormancy,GT2023_N17.04,9,0.074842105,0.768421053,0.671428571,-7.645538765308681,32.93893881420365,-25.4560537577224,-16.45788658005586,21.551103649060433,0.7455881209707813
GT2023_N17,Constant-Warmth,GT2023_N17.05,10,0.665263158,1.352631579,0.531868132,NA,-30.100862258765005,32.58117725522104,NA,-13.262777575367329,-35.936898425878155
