Well,Fluor,Target,Content,Sample,Biological Set Name,Cq,Cq Mean,Cq Std. Dev,Starting Quantity (SQ),Log Starting Quantity,SQ Mean,SQ Std. Dev,Set Point,Well Note
A01,FAM,0,Std-01,STD1,,16.66790955,16.66099577,0.009777566,30000000,7.477121255,30000000,0,62,
A02,FAM,0,Std-01,STD1,,16.65408199,16.66099577,0.009777566,30000000,7.477121255,30000000,0,62,
A03,FAM,0,Unkn-01,11.3_A,,22.4967423,22.50720006,0.014789509,564962.8645,5.752019902,560953.8437,5669.611609,62,
A04,FAM,0,Unkn-01,11.3_A,,22.51765783,22.50720006,0.014789509,556944.8229,5.745812171,560953.8437,5669.611609,62,
A05,FAM,0,Unkn-09,9.1_D,,23.05237478,23.0540891,0.002424415,386463.1505,5.58710809,386010.9082,639.5670872,62,
A06,FAM,0,Unkn-09,9.1_D,,23.05580342,23.0540891,0.002424415,385558.666,5.586090469,386010.9082,639.5670872,62,
A07,FAM,0,Unkn-17,5.1_C,,22.92126926,23.14286276,0.313380531,422688.3024,5.626020229,367461.8925,78101.93793,62,
A08,FAM,0,Unkn-17,5.1_C,,23.36445626,23.14286276,0.313380531,312235.4825,5.494482255,367461.8925,78101.93793,62,
A09,FAM,0,Unkn-25,7.5_C,,22.69327535,22.74862442,0.078275413,493956.6779,5.693688861,475961.5472,25448.95787,62,
A10,FAM,0,Unkn-25,7.5_C,,22.8039735,22.74862442,0.078275413,457966.4166,5.660833632,475961.5472,25448.95787,62,
A11,FAM,0,Unkn-33,9.3_A,,22.14370942,22.18767518,0.062176979,719117.9371,5.856800122,698147.3366,29656.90758,62,
A12,FAM,0,Unkn-33,9.3_A,,22.23164094,22.18767518,0.062176979,677176.7362,5.83070203,698147.3366,29656.90758,62,
B01,FAM,0,Std-02,STD2,,20.11061626,20.08995833,0.029214719,3000000,6.477121255,3000000,0,62,
B02,FAM,0,Std-02,STD2,,20.06930041,20.08995833,0.029214719,3000000,6.477121255,3000000,0,62,
B03,FAM,0,Unkn-02,3.1_B,,21.30485829,21.27564697,0.041311048,1275766.739,6.105771275,1301750.445,36746.50911,62,
B04,FAM,0,Unkn-02,3.1_B,,21.24643564,21.27564697,0.041311048,1327734.151,6.123111126,1301750.445,36746.50911,62,
B05,FAM,0,Unkn-10,5.3_B,,22.3554676,22.39325251,0.053435937,622229.0131,5.793950257,606569.3574,22146.09756,62,
B06,FAM,0,Unkn-10,5.3_B,,22.43103743,22.39325251,0.053435937,590909.7016,5.77152112,606569.3574,22146.09756,62,
B07,FAM,0,Unkn-18,15.3_A,,23.41889558,23.34395897,0.10597636,300832.4333,5.478324657,317055.3711,22942.69855,62,
B08,FAM,0,Unkn-18,15.3_A,,23.26902237,23.34395897,0.10597636,333278.3088,5.522807049,317055.3711,22942.69855,62,
B09,FAM,0,Unkn-26,13.2_B,,22.69517836,22.7432871,0.068036043,493314.6897,5.693124048,477617.2985,22199.46352,62,
B10,FAM,0,Unkn-26,13.2_B,,22.79139585,22.7432871,0.068036043,461919.9073,5.664566679,477617.2985,22199.46352,62,
B11,FAM,0,Unkn-34,17.5_C,,22.87717479,22.85884976,0.025915503,435619.6646,5.639107476,441144.027,7812.628312,62,
B12,FAM,0,Unkn-34,17.5_C,,22.84052474,22.85884976,0.025915503,446668.3895,5.649985219,441144.027,7812.628312,62,
C01,FAM,0,Std-03,STD3,,23.48384684,23.47604999,0.011026403,300000,5.477121255,300000,0,62,
C02,FAM,0,Std-03,STD3,,23.46825315,23.47604999,0.011026403,300000,5.477121255,300000,0,62,
C03,FAM,0,Unkn-03,9.1_C,,22.32912988,22.24107174,0.124533018,633530.1615,5.801767296,674045.0284,57296.67429,62,
C04,FAM,0,Unkn-03,9.1_C,,22.1530136,22.24107174,0.124533018,714559.8953,5.854038638,674045.0284,57296.67429,62,
C05,FAM,0,Unkn-11,15.2_C,,22.79381889,22.78145716,0.017482122,461155.6362,5.663847521,465084.6234,5556.427061,62,
C06,FAM,0,Unkn-11,15.2_C,,22.76909544,22.78145716,0.017482122,469013.6107,5.671185446,465084.6234,5556.427061,62,
C07,FAM,0,Unkn-19,3.3_C,,24.46827903,24.26796333,0.283289175,146847.8102,5.166867475,169972.2745,32702.93098,62,
C08,FAM,0,Unkn-19,3.3_C,,24.06764763,24.26796333,0.283289175,193096.7388,5.285774939,169972.2745,32702.93098,62,
C09,FAM,0,Unkn-27,10.6_A,,23.32401927,23.26460336,0.084026776,320984.426,5.506483961,334561.9468,19201.51409,62,
C10,FAM,0,Unkn-27,10.6_A,,23.20518746,23.26460336,0.084026776,348139.4676,5.541753261,334561.9468,19201.51409,62,
C11,FAM,0,Unkn-35,9.4_D,,23.77309225,23.59420769,0.252980961,236156.023,5.373199027,268861.9077,46253.10566,62,
C12,FAM,0,Unkn-35,9.4_D,,23.41532314,23.59420769,0.252980961,301567.7924,5.479384957,268861.9077,46253.10566,62,
D01,FAM,0,Std-04,STD4,,26.77513199,26.75394502,0.029962912,30000,4.477121255,30000,0,62,
D02,FAM,0,Std-04,STD4,,26.73275804,26.75394502,0.029962912,30000,4.477121255,30000,0,62,
D03,FAM,0,Unkn-04,8.1_A,,23.85646029,23.86375645,0.010318333,223077.2989,5.348455377,221970.5068,1565.240356,62,
D04,FAM,0,Unkn-04,8.1_A,,23.87105262,23.86375645,0.010318333,220863.7147,5.344124372,221970.5068,1565.240356,62,
D05,FAM,0,Unkn-12,10.6_D,,22.21111722,22.00128867,0.296742389,686741.785,5.836793473,800793.6607,161293.7095,62,
D06,FAM,0,Unkn-12,10.6_D,,21.79146011,22.00128867,0.296742389,914845.5365,5.961347773,800793.6607,161293.7095,62,
D07,FAM,0,Unkn-20,9.4_B,,23.67325011,23.63239334,0.057780203,252832.0869,5.402832189,260092.4579,10267.71511,62,
D08,FAM,0,Unkn-20,9.4_B,,23.59153656,23.63239334,0.057780203,267352.8289,5.427084784,260092.4579,10267.71511,62,
D09,FAM,0,Unkn-28,5.4_D,,23.27477134,23.25323537,0.030456451,331971.4654,5.521100755,336929.9896,7012.412227,62,
D10,FAM,0,Unkn-28,5.4_D,,23.23169941,23.25323537,0.030456451,341888.5138,5.53388451,336929.9896,7012.412227,62,
D11,FAM,0,Unkn-36,9.5_B,,22.09986397,22.05187512,0.067866481,740991.8941,5.869813457,766108.1308,35519.72257,62,
D12,FAM,0,Unkn-36,9.5_B,,22.00388627,22.05187512,0.067866481,791224.3675,5.898299654,766108.1308,35519.72257,62,
E01,FAM,0,Std-05,STD5,,30.12519298,30.05069675,0.105353574,3000,3.477121255,3000,0,62,
E02,FAM,0,Std-05,STD5,,29.97620053,30.05069675,0.105353574,3000,3.477121255,3000,0,62,
E03,FAM,0,Unkn-05,12.2_A,,21.2255975,20.69498788,0.750395319,1346777.621,6.129295891,2064096.775,1014442.475,62,
E04,FAM,0,Unkn-05,12.2_A,,20.16437826,20.69498788,0.750395319,2781415.928,6.444265937,2064096.775,1014442.475,62,
E05,FAM,0,Unkn-13,9.2_C,,23.04153156,23.07858681,0.052404043,389337.6117,5.59032636,379723.6054,13596.25807,62,
E06,FAM,0,Unkn-13,9.2_C,,23.11564207,23.07858681,0.052404043,370109.5992,5.568330349,379723.6054,13596.25807,62,
E07,FAM,0,Unkn-21,13.3_B,,23.24075616,23.4173745,0.249776055,339778.9467,5.531196466,303341.6813,51530.0749,62,
E08,FAM,0,Unkn-21,13.3_B,,23.59399284,23.4173745,0.249776055,266904.4159,5.426355759,303341.6813,51530.0749,62,
E09,FAM,0,Unkn-29,2.3_C,,22.36223841,22.38462996,0.03166643,619356.4714,5.79194068,610022.3003,13200.5113,62,
E10,FAM,0,Unkn-29,2.3_C,,22.40702151,22.38462996,0.03166643,600688.1292,5.77864905,610022.3003,13200.5113,62,
E11,FAM,0,Unkn-37,10.4_D,,22.75350793,22.84895977,0.134989282,474036.542,5.675811821,445046.1704,40998.57669,62,
E12,FAM,0,Unkn-37,10.4_D,,22.9444116,22.84895977,0.134989282,416055.7988,5.619151579,445046.1704,40998.57669,62,
F01,FAM,0,Std-06,STD6,,33.75994558,33.61386616,0.206587491,300,2.477121255,300,0,62,
F02,FAM,0,Std-06,STD6,,33.46778675,33.61386616,0.206587491,300,2.477121255,300,0,62,
F03,FAM,0,Unkn-06,15.5_A,,20.21118187,19.68746929,0.740641436,2693857.503,6.430374619,4102556.733,1992201.556,62,
F04,FAM,0,Unkn-06,15.5_A,,19.1637567,19.68746929,0.740641436,5511255.963,6.741250582,4102556.733,1992201.556,62,
F05,FAM,0,Unkn-14,14.5_D,,22.64223309,22.81138751,0.239220464,511491.2527,5.708838211,458699.8528,74658.31375,62,
F06,FAM,0,Unkn-14,14.5_D,,22.98054192,22.81138751,0.239220464,405908.4529,5.608428095,458699.8528,74658.31375,62,
F07,FAM,0,Unkn-22,15.2_A,,23.08689325,23.12146149,0.048886866,377453.1045,5.576863002,368743.4572,12317.30131,62,
F08,FAM,0,Unkn-22,15.2_A,,23.15602972,23.12146149,0.048886866,360033.8099,5.556343286,368743.4572,12317.30131,62,
F09,FAM,0,Unkn-30,17.3_D,,23.24258234,23.32401535,0.115163676,339355.1584,5.530654455,321482.4806,25275.78331,62,
F10,FAM,0,Unkn-30,17.3_D,,23.40544837,23.32401535,0.115163676,303609.8028,5.48231579,321482.4806,25275.78331,62,
F11,FAM,0,Unkn-38,5.2_C,,23.04821133,22.90792139,0.198399941,387564.3331,5.588343803,428523.7146,57925.31285,62,
F12,FAM,0,Unkn-38,5.2_C,,22.76763144,22.90792139,0.198399941,469483.0961,5.67161996,428523.7146,57925.31285,62,
G03,FAM,0,Unkn-07,3.1_C,,22.61963612,22.53043199,0.126153688,519451.4899,5.715544996,553130.1304,47628.79012,62,
G04,FAM,0,Unkn-07,3.1_C,,22.44122786,22.53043199,0.126153688,586808.7708,5.768496596,553130.1304,47628.79012,62,
G05,FAM,0,Unkn-15,17.3_A,,21.5775347,21.63426377,0.080227022,1058865.68,6.024840872,1019365.601,55861.54725,62,
G06,FAM,0,Unkn-15,17.3_A,,21.69099284,21.63426377,0.080227022,979865.5219,5.991166477,1019365.601,55861.54725,62,
G07,FAM,0,Unkn-23,10.6_B,,23.75067613,23.47658849,0.387618459,239801.6314,5.379852133,294290.4442,77058.81812,62,
G08,FAM,0,Unkn-23,10.6_B,,23.20250085,23.47658849,0.387618459,348779.257,5.542550648,294290.4442,77058.81812,62,
G09,FAM,0,Unkn-31,2.4_B,,23.33921741,23.18412858,0.219328735,317667.766,5.501973149,355171.6909,53038.55924,62,
G10,FAM,0,Unkn-31,2.4_B,,23.02903974,23.18412858,0.219328735,392675.6158,5.594033933,355171.6909,53038.55924,62,
G11,FAM,0,Unkn-39,12.4_A,,22.60695559,22.60936319,0.00340486,523972.6043,5.719308581,523111.8914,1217.231792,62,
G12,FAM,0,Unkn-39,12.4_A,,22.61177079,22.60936319,0.00340486,522251.1786,5.717879429,523111.8914,1217.231792,62,
H01,FAM,0,NTC-01,NEG,,NaN,0,0,NaN,NaN,0,0,62,
H02,FAM,0,NTC-01,NEG,,NaN,0,0,NaN,NaN,0,0,62,
H03,FAM,0,Unkn-08,7.1_D,,22.31111075,22.23417823,0.108799014,641379.9488,5.807115379,676938.0712,50286.77891,62,
H04,FAM,0,Unkn-08,7.1_D,,22.15724571,22.23417823,0.108799014,712496.1936,5.852782549,676938.0712,50286.77891,62,
H05,FAM,0,Unkn-16,13.4_D,,23.34968892,23.37529246,0.036208881,315402.5534,5.498865205,309979.1967,7669.784497,62,
H06,FAM,0,Unkn-16,13.4_D,,23.40089601,23.37529246,0.036208881,304555.8401,5.483666932,309979.1967,7669.784497,62,
H07,FAM,0,Unkn-24,17.2_B,,22.9813553,23.18063328,0.281821618,405682.8827,5.608186684,357318.935,68396.95076,62,
H08,FAM,0,Unkn-24,17.2_B,,23.37991125,23.18063328,0.281821618,308954.9873,5.48989521,357318.935,68396.95076,62,
H09,FAM,0,Unkn-32,3.2_B,,23.21292977,22.98768099,0.318549874,346302.2733,5.539455342,408728.2496,88283.66231,62,
H10,FAM,0,Unkn-32,3.2_B,,22.76243222,22.98768099,0.318549874,471154.2258,5.673163091,408728.2496,88283.66231,62,
H11,FAM,0,Unkn-40,7.4_D,,22.79091211,22.83772597,0.066204794,462072.6411,5.664710255,447752.6005,20251.59561,62,
H12,FAM,0,Unkn-40,7.4_D,,22.88453982,22.83772597,0.066204794,433432.5599,5.636921533,447752.6005,20251.59561,62,
A01,VIC,,Std-01,STD1,,18.20185065,18.18319669,0.026380679,30000000,7.477121255,30000000,0,62,
A02,VIC,,Std-01,STD1,,18.16454274,18.18319669,0.026380679,30000000,7.477121255,30000000,0,62,
A03,VIC,,Unkn-01,11.3_A,,28.01028821,27.94945224,0.086035054,35431.00464,4.549383467,36980.47775,2191.285889,62,
A04,VIC,,Unkn-01,11.3_A,,27.88861627,27.94945224,0.086035054,38529.95086,4.585798455,36980.47775,2191.285889,62,
A05,VIC,,Unkn-09,9.1_D,,29.08957564,29.08797128,0.002268911,16840.90269,4.226365366,16859.54301,26.36140247,62,
A06,VIC,,Unkn-09,9.1_D,,29.08636692,29.08797128,0.002268911,16878.18334,4.2273257,16859.54301,26.36140247,62,
A07,VIC,,Unkn-17,5.1_C,,28.80644171,28.96924294,0.230235712,20469.34944,4.31110404,18412.25913,2909.165024,62,
A08,VIC,,Unkn-17,5.1_C,,29.13204417,28.96924294,0.230235712,16355.16881,4.213655031,18412.25913,2909.165024,62,
A09,VIC,,Unkn-25,7.5_C,,28.90829155,28.90664487,0.00232875,19081.89817,4.280621574,19103.5766,30.6579321,62,
A10,VIC,,Unkn-25,7.5_C,,28.9049982,28.90664487,0.00232875,19125.25503,4.281607235,19103.5766,30.6579321,62,
A11,VIC,,Unkn-33,9.3_A,,28.05363182,28.05105894,0.0036386,34388.34162,4.536411232,34449.42263,86.38159006,62,
A12,VIC,,Unkn-33,9.3_A,,28.04848606,28.05105894,0.0036386,34510.50364,4.537951297,34449.42263,86.38159006,62,
B01,VIC,,Std-02,STD2,,21.50554604,21.46893701,0.051772991,3000000,6.477121255,3000000,0,62,
B02,VIC,,Std-02,STD2,,21.43232797,21.46893701,0.051772991,3000000,6.477121255,3000000,0,62,
B03,VIC,,Unkn-02,3.1_B,,27.44769412,27.4124059,0.049905083,52210.91403,4.717761296,53511.98403,1839.990849,62,
B04,VIC,,Unkn-02,3.1_B,,27.37711768,27.4124059,0.049905083,54813.05404,4.738884,53511.98403,1839.990849,62,
B05,VIC,,Unkn-10,5.3_B,,28.61853366,28.73218068,0.160721161,23299.29186,4.367342722,21610.26376,2388.646449,62,
B06,VIC,,Unkn-10,5.3_B,,28.8458277,28.73218068,0.160721161,19921.23566,4.299316273,21610.26376,2388.646449,62,
B07,VIC,,Unkn-18,15.3_A,,29.41166456,29.32014924,0.129422203,13488.63243,4.12996792,14395.29243,1282.210882,62,
B08,VIC,,Unkn-18,15.3_A,,29.22863393,29.32014924,0.129422203,15301.95244,4.184746848,14395.29243,1282.210882,62,
B09,VIC,,Unkn-26,13.2_B,,28.95200681,28.87731781,0.10562619,18515.61358,4.267538108,19519.40953,1419.581846,62,
B10,VIC,,Unkn-26,13.2_B,,28.80262882,28.87731781,0.10562619,20523.20548,4.312245193,19519.40953,1419.581846,62,
B11,VIC,,Unkn-34,17.5_C,,28.13001618,28.13273097,0.003839293,32624.98254,4.513550288,32564.05975,86.15782531,62,
B12,VIC,,Unkn-34,17.5_C,,28.13544576,28.13273097,0.003839293,32503.13697,4.511925278,32564.05975,86.15782531,62,
C01,VIC,,Std-03,STD3,,25.04923636,25.04982574,0.000833522,300000,5.477121255,300000,0,62,
C02,VIC,,Std-03,STD3,,25.05041513,25.04982574,0.000833522,300000,5.477121255,300000,0,62,
C03,VIC,,Unkn-03,9.1_C,,27.98489455,27.86350053,0.17167707,36056.49377,4.556983492,39339.89894,4643.436131,62,
C04,VIC,,Unkn-03,9.1_C,,27.74210651,27.86350053,0.17167707,42623.30412,4.629647113,39339.89894,4643.436131,62,
C05,VIC,,Unkn-11,15.2_C,,29.03863034,29.02493377,0.01936987,17442.65937,4.2416127,17608.86109,235.0447255,62,
C06,VIC,,Unkn-11,15.2_C,,29.0112372,29.02493377,0.01936987,17775.06281,4.249811144,17608.86109,235.0447255,62,
C07,VIC,,Unkn-19,3.3_C,,30.13833193,29.89564396,0.343212618,8174.94573,3.912484878,9798.60519,2296.201229,62,
C08,VIC,,Unkn-19,3.3_C,,29.65295599,29.89564396,0.343212618,11422.26465,4.057752218,9798.60519,2296.201229,62,
C09,VIC,,Unkn-27,10.6_A,,29.25539828,29.19663076,0.083109814,15022.30554,4.176736591,15656.00958,896.1928452,62,
C10,VIC,,Unkn-27,10.6_A,,29.13786325,29.19663076,0.083109814,16289.71362,4.211913449,15656.00958,896.1928452,62,
C11,VIC,,Unkn-35,9.4_D,,29.37517816,29.19478951,0.255108083,13832.09213,4.140887873,15784.22211,2760.728687,62,
C12,VIC,,Unkn-35,9.4_D,,29.01440085,29.19478951,0.255108083,17736.35208,4.248864301,15784.22211,2760.728687,62,
D01,VIC,,Std-04,STD4,,28.37071305,28.37517065,0.00630399,30000,4.477121255,30000,0,62,
D02,VIC,,Std-04,STD4,,28.37962824,28.37517065,0.00630399,30000,4.477121255,30000,0,62,
D03,VIC,,Unkn-04,8.1_A,,28.17315087,28.18486518,0.01656654,31669.45421,4.500640579,31415.84701,358.6547415,62,
D04,VIC,,Unkn-04,8.1_A,,28.1965795,28.18486518,0.01656654,31162.23981,4.493628665,31415.84701,358.6547415,62,
D05,VIC,,Unkn-12,10.6_D,,28.6713541,28.50157363,0.240105848,22466.43583,4.35153418,25428.06776,4188.380035,62,
D06,VIC,,Unkn-12,10.6_D,,28.33179316,28.50157363,0.240105848,28389.69968,4.453160798,25428.06776,4188.380035,62,
D07,VIC,,Unkn-20,9.4_B,,29.71011249,29.73119324,0.029812688,10981.10255,4.040645947,10823.86959,222.3609758,62,
D08,VIC,,Unkn-20,9.4_B,,29.752274,29.73119324,0.029812688,10666.63664,4.028027501,10823.86959,222.3609758,62,
D09,VIC,,Unkn-28,5.4_D,,29.09724684,29.01685241,0.113694899,16752.10803,4.224069465,17733.59411,1388.030925,62,
D10,VIC,,Unkn-28,5.4_D,,28.93645797,29.01685241,0.113694899,18715.08019,4.272191692,17733.59411,1388.030925,62,
D11,VIC,,Unkn-36,9.5_B,,29.16372793,29.12277229,0.057920021,16001.93326,4.204172455,16466.56278,657.0853659,62,
D12,VIC,,Unkn-36,9.5_B,,29.08181665,29.12277229,0.057920021,16931.1923,4.228687542,16466.56278,657.0853659,62,
E01,VIC,,Std-05,STD5,,31.62854264,31.55297807,0.106864446,3000,3.477121255,3000,0,62,
E02,VIC,,Std-05,STD5,,31.47741349,31.55297807,0.106864446,3000,3.477121255,3000,0,62,
E03,VIC,,Unkn-05,12.2_A,,27.8607028,27.5005964,0.509267349,39278.29539,4.594152632,51899.85607,17849.58229,62,
E04,VIC,,Unkn-05,12.2_A,,27.14049,27.5005964,0.509267349,64521.41675,4.809703895,51899.85607,17849.58229,62,
E05,VIC,,Unkn-13,9.2_C,,28.67203639,28.7241874,0.073752668,22455.87487,4.35132998,21677.15107,1101.281754,62,
E06,VIC,,Unkn-13,9.2_C,,28.77633841,28.7241874,0.073752668,20898.42727,4.320113604,21677.15107,1101.281754,62,
E07,VIC,,Unkn-21,13.3_B,,29.02857424,29.2316751,0.287227993,17563.95722,4.244622371,15419.72953,3032.395881,62,
E08,VIC,,Unkn-21,13.3_B,,29.43477597,29.2316751,0.287227993,13275.50184,4.123050947,15419.72953,3032.395881,62,
E09,VIC,,Unkn-29,2.3_C,,28.5374326,28.55330786,0.022451007,24638.55987,4.39161532,24371.93604,377.0630422,62,
E10,VIC,,Unkn-29,2.3_C,,28.56918312,28.55330786,0.022451007,24105.3122,4.382112761,24371.93604,377.0630422,62,
E11,VIC,,Unkn-37,10.4_D,,28.53389861,28.66400258,0.183994807,24698.63782,4.392673002,22671.36539,2866.99616,62,
E12,VIC,,Unkn-37,10.4_D,,28.79410656,28.66400258,0.183994807,20644.09296,4.314795806,22671.36539,2866.99616,62,
F01,VIC,,Std-06,STD6,,34.69262533,34.8565224,0.231785462,300,2.477121255,300,0,62,
F02,VIC,,Std-06,STD6,,35.02041947,34.8565224,0.231785462,300,2.477121255,300,0,62,
F03,VIC,,Unkn-06,15.5_A,,26.48533478,26.08581798,0.56500208,101340.7676,5.005784189,138551.5079,52623.93372,62,
F04,VIC,,Unkn-06,15.5_A,,25.68630117,26.08581798,0.56500208,175762.2483,5.244925599,138551.5079,52623.93372,62,
F05,VIC,,Unkn-14,14.5_D,,28.85025772,28.95516277,0.148358151,19860.51112,4.297990421,18523.68893,1890.552064,62,
F06,VIC,,Unkn-14,14.5_D,,29.06006783,28.95516277,0.148358151,17186.86675,4.23519671,18523.68893,1890.552064,62,
F07,VIC,,Unkn-22,15.2_A,,29.33885841,29.29272421,0.065243616,14182.66841,4.151757949,14648.21912,658.3881228,62,
F08,VIC,,Unkn-22,15.2_A,,29.24659001,29.29272421,0.065243616,15113.76982,4.179372804,14648.21912,658.3881228,62,
F09,VIC,,Unkn-30,17.3_D,,29.05314894,29.09459966,0.058620167,17269.01038,4.23726745,16789.54387,678.068038,62,
F10,VIC,,Unkn-30,17.3_D,,29.13605038,29.09459966,0.058620167,16310.07736,4.212456021,16789.54387,678.068038,62,
F11,VIC,,Unkn-38,5.2_C,,28.65736723,28.66709228,0.013753291,22684.03386,4.355720287,22533.02236,213.5625015,62,
F12,VIC,,Unkn-38,5.2_C,,28.67681732,28.66709228,0.013753291,22382.01087,4.349899102,22533.02236,213.5625015,62,
G03,VIC,,Unkn-07,3.1_C,,28.44782249,28.40372876,0.062357956,26208.04193,4.418434575,27029.11243,1161.169033,62,
G04,VIC,,Unkn-07,3.1_C,,28.35963503,28.40372876,0.062357956,27850.18293,4.444828052,27029.11243,1161.169033,62,
G05,VIC,,Unkn-15,17.3_A,,27.58148182,27.61848174,0.052325793,47612.41428,4.677720204,46428.82815,1673.843559,62,
G06,VIC,,Unkn-15,17.3_A,,27.65548167,27.61848174,0.052325793,45245.24202,4.655572916,46428.82815,1673.843559,62,
G07,VIC,,Unkn-23,10.6_B,,29.73216129,29.50372,0.32306477,10815.50991,4.034046999,12816.70411,2830.115988,62,
G08,VIC,,Unkn-23,10.6_B,,29.27527871,29.50372,0.32306477,14817.89832,4.17078661,12816.70411,2830.115988,62,
G09,VIC,,Unkn-31,2.4_B,,29.37617525,29.1999208,0.249261427,13822.59096,4.140589457,15723.02683,2687.622174,62,
G10,VIC,,Unkn-31,2.4_B,,29.02366636,29.1999208,0.249261427,17623.46269,4.246091243,15723.02683,2687.622174,62,
G11,VIC,,Unkn-39,12.4_A,,28.53435138,28.62001912,0.121152479,24690.93245,4.392537491,23316.02608,1944.411241,62,
G12,VIC,,Unkn-39,12.4_A,,28.70568686,28.62001912,0.121152479,21941.1197,4.341258787,23316.02608,1944.411241,62,
H01,VIC,,NTC-01,NEG,,36.80343337,37.75350482,1.343603934,NaN,NaN,NaN,NaN,62,
H02,VIC,,NTC-01,NEG,,38.70357627,37.75350482,1.343603934,NaN,NaN,NaN,NaN,62,
H03,VIC,,Unkn-08,7.1_D,,28.46725709,28.39206412,0.106338907,25859.37531,4.412618029,27271.26045,1996.707117,62,
H04,VIC,,Unkn-08,7.1_D,,28.31687116,28.39206412,0.106338907,28683.1456,4.457626777,27271.26045,1996.707117,62,
H05,VIC,,Unkn-16,13.4_D,,29.03188693,29.09180293,0.084734015,17523.90627,4.243630922,16829.40927,982.1670838,62,
H06,VIC,,Unkn-16,13.4_D,,29.15171892,29.09180293,0.084734015,16134.91226,4.207766608,16829.40927,982.1670838,62,
H07,VIC,,Unkn-24,17.2_B,,29.60966125,29.6896782,0.113161061,11768.19422,4.070709827,11153.76876,868.9288172,62,
H08,VIC,,Unkn-24,17.2_B,,29.76969516,29.6896782,0.113161061,10539.34331,4.022813551,11153.76876,868.9288172,62,
H09,VIC,,Unkn-32,3.2_B,,29.33790792,29.19540123,0.201534895,14191.96133,4.152042419,15731.99977,2177.943242,62,
H10,VIC,,Unkn-32,3.2_B,,29.05289454,29.19540123,0.201534895,17272.0382,4.23734359,15731.99977,2177.943242,62,
H11,VIC,,Unkn-40,7.4_D,,28.58711519,28.71957662,0.187328752,23809.26014,4.3767459,21822.70971,2809.406558,62,
H12,VIC,,Unkn-40,7.4_D,,28.85203805,28.71957662,0.187328752,19836.15928,4.297457587,21822.70971,2809.406558,62,