Well,,Fluor,Target,Content,Sample,Biological Set Name,Cq,Cq Mean,Cq Std. Dev,Starting Quantity (SQ),Log Starting Quantity,SQ Mean,SQ Std. Dev,Set Point,Well Note
A01,,SYBR,,Std-01,STD1,,17.24410841,17.22819741,0.022501557,3.00E+11,11.47712125,3.00E+11,0,60,
A02,,SYBR,,Std-01,STD1,,17.21228641,17.22819741,0.022501557,3.00E+11,11.47712125,3.00E+11,0,60,
A03,,SYBR,,Unkn-01,15.3_D,,18.39521079,18.40916598,0.019735627,1.64E+11,11.21584402,1.63E+11,2107199025,60,
A04,,SYBR,,Unkn-01,15.3_D,,18.42312118,18.40916598,0.019735627,1.61E+11,11.20789841,1.63E+11,2107199025,60,
A05,,SYBR,,Unkn-09,5.5_A,,18.34917045,18.36906495,0.028135077,1.69E+11,11.22895093,1.67E+11,3084076132,60,
A06,,SYBR,,Unkn-09,5.5_A,,18.38895946,18.36906495,0.028135077,1.65E+11,11.21762367,1.67E+11,3084076132,60,
A07,,SYBR,,Unkn-17,6.3_D,,18.65916173,18.80578442,0.207355795,1.38E+11,11.14070165,1.26E+11,17097106791,60,
A08,,SYBR,,Unkn-17,6.3_D,,18.95240711,18.80578442,0.207355795,1.14E+11,11.05721965,1.26E+11,17097106791,60,
A09,,SYBR,,Unkn-25,10.1_C,,18.24382041,18.28618599,0.059913969,1.82E+11,11.2589423,1.77E+11,6934941780,60,
A10,,SYBR,,Unkn-25,10.1_C,,18.32855156,18.28618599,0.059913969,1.72E+11,11.23482078,1.77E+11,6934941780,60,
A11,,SYBR,,Unkn-33,15.1_C,,18.2357297,18.3034822,0.095816504,1.82E+11,11.26124559,1.75E+11,10967762820,60,
A12,,SYBR,,Unkn-33,15.1_C,,18.3712347,18.3034822,0.095816504,1.67E+11,11.22266961,1.75E+11,10967762820,60,
B01,,SYBR,,Std-02,STD2,,21.23433525,21.21103441,0.032952367,30000000000,10.47712125,30000000000,0,60,
B02,,SYBR,,Std-02,STD2,,21.18773357,21.21103441,0.032952367,30000000000,10.47712125,30000000000,0,60,
B03,,SYBR,,Unkn-02,10.1_A,,18.32877146,18.36718651,0.054327085,1.72E+11,11.23475818,1.67E+11,5962957685,60,
B04,,SYBR,,Unkn-02,10.1_A,,18.40560156,18.36718651,0.054327085,1.63E+11,11.21288595,1.67E+11,5962957685,60,
B05,,SYBR,,Unkn-10,3.3_B,,18.35222929,18.36448338,0.017329898,1.69E+11,11.22808013,1.68E+11,1905327523,60,
B06,,SYBR,,Unkn-10,3.3_B,,18.37673747,18.36448338,0.017329898,1.66E+11,11.22110307,1.68E+11,1905327523,60,
B07,,SYBR,,Unkn-18,5.1_A,,18.07040308,18.2071719,0.193420329,2.03E+11,11.30831129,1.87E+11,23606773025,60,
B08,,SYBR,,Unkn-18,5.1_A,,18.34394073,18.2071719,0.193420329,1.70E+11,11.23043974,1.87E+11,23606773025,60,
B09,,SYBR,,Unkn-26,10.4_B,,18.11991702,18.369533,0.353010297,1.97E+11,11.2942155,1.69E+11,38855721117,60,
B10,,SYBR,,Unkn-26,10.4_B,,18.61914897,18.369533,0.353010297,1.42E+11,11.15209261,1.69E+11,38855721117,60,
B11,,SYBR,,Unkn-34,11.2_D,,18.97342139,19.05526536,0.115744851,1.13E+11,11.05123724,1.07E+11,8095151950,60,
B12,,SYBR,,Unkn-34,11.2_D,,19.13710933,19.05526536,0.115744851,1.01E+11,11.00463805,1.07E+11,8095151950,60,
C01,,SYBR,,Std-03,STD3,,24.61025197,24.80861868,0.280532889,3000000000,9.477121255,3000000000,0,60,
C02,,SYBR,,Std-03,STD3,,25.00698539,24.80861868,0.280532889,3000000000,9.477121255,3000000000,0,60,
C03,,SYBR,,Unkn-03,7.1_A,,18.07668084,18.13732643,0.085765824,2.03E+11,11.30652412,1.95E+11,10946249744,60,
C04,,SYBR,,Unkn-03,7.1_A,,18.19797203,18.13732643,0.085765824,1.87E+11,11.27199456,1.95E+11,10946249744,60,
C05,,SYBR,,Unkn-11,14.5_C,,17.96541871,18.00878699,0.061332005,2.18E+11,11.33819856,2.12E+11,8514817983,60,
C06,,SYBR,,Unkn-11,14.5_C,,18.05215526,18.00878699,0.061332005,2.06E+11,11.31350613,2.12E+11,8514817983,60,
C07,,SYBR,,Unkn-19,7.5_D,,18.43703791,18.3957586,0.05837775,1.60E+11,11.20393655,1.64E+11,6288771058,60,
C08,,SYBR,,Unkn-19,7.5_D,,18.3544793,18.3957586,0.05837775,1.69E+11,11.22743959,1.64E+11,6288771058,60,
C09,,SYBR,,Unkn-27,10.5_D,,18.07707345,18.18513101,0.152816467,2.02E+11,11.30641234,1.89E+11,18913016552,60,
C10,,SYBR,,Unkn-27,10.5_D,,18.29318857,18.18513101,0.152816467,1.76E+11,11.24488802,1.89E+11,18913016552,60,
C11,,SYBR,,Unkn-35,5.3_A,,18.59198727,18.92134506,0.465782245,1.44E+11,11.15982509,1.19E+11,35825428519,60,
C12,,SYBR,,Unkn-35,5.3_A,,19.25070284,18.92134506,0.465782245,93820965985,10.9722999,1.19E+11,35825428519,60,
D01,,SYBR,,Std-04,STD4,,27.85475592,27.73792889,0.165218369,300000000,8.477121255,300000000,0,60,
D02,,SYBR,,Std-04,STD4,,27.62110186,27.73792889,0.165218369,300000000,8.477121255,300000000,0,60,
D03,,SYBR,,Unkn-04,13.3_D,,18.708789,18.61795903,0.128452965,1.34E+11,11.12657361,1.42E+11,11967665043,60,
D04,,SYBR,,Unkn-04,13.3_D,,18.52712907,18.61795903,0.128452965,1.51E+11,11.17828912,1.42E+11,11967665043,60,
D05,,SYBR,,Unkn-12,12.2_D,,17.6864412,17.7767853,0.127765847,2.62E+11,11.41761874,2.47E+11,20660711571,60,
D06,,SYBR,,Unkn-12,12.2_D,,17.86712939,17.7767853,0.127765847,2.32E+11,11.36617987,2.47E+11,20660711571,60,
D07,,SYBR,,Unkn-20,3.4_C,,18.35540768,18.33972994,0.022171671,1.69E+11,11.2271753,1.70E+11,2477547071,60,
D08,,SYBR,,Unkn-20,3.4_C,,18.32405221,18.33972994,0.022171671,1.72E+11,11.23610167,1.70E+11,2477547071,60,
D09,,SYBR,,Unkn-28,10.4_C,,18.17885509,18.25321301,0.105157976,1.89E+11,11.27743683,1.81E+11,12441132764,60,
D10,,SYBR,,Unkn-28,10.4_C,,18.32757093,18.25321301,0.105157976,1.72E+11,11.23509995,1.81E+11,12441132764,60,
D11,,SYBR,,Unkn-36,15.1_B,,17.88859362,18.02248657,0.189353237,2.29E+11,11.36006937,2.11E+11,26083137778,60,
D12,,SYBR,,Unkn-36,15.1_B,,18.15637953,18.02248657,0.189353237,1.92E+11,11.28383524,2.11E+11,26083137778,60,
E03,,SYBR,,Unkn-05,8.1_C,,18.40990441,18.39939333,0.014864906,1.63E+11,11.211661,1.64E+11,1597336090,60,
E04,,SYBR,,Unkn-05,8.1_C,,18.38888225,18.39939333,0.014864906,1.65E+11,11.21764565,1.64E+11,1597336090,60,
E05,,SYBR,,Unkn-13,3.1_A,,18.75695179,18.69216457,0.091622964,1.30E+11,11.11286248,1.35E+11,8128652194,60,
E06,,SYBR,,Unkn-13,3.1_A,,18.62737735,18.69216457,0.091622964,1.41E+11,11.14975013,1.35E+11,8128652194,60,
E07,,SYBR,,Unkn-21,13.2_C,,18.22728228,18.35412268,0.179379424,1.84E+11,11.26365043,1.69E+11,19878855171,60,
E08,,SYBR,,Unkn-21,13.2_C,,18.48096309,18.35412268,0.179379424,1.55E+11,11.19143179,1.69E+11,19878855171,60,
E09,,SYBR,,Unkn-29,11.3_B,,18.325071,18.35178684,0.037781902,1.72E+11,11.23581164,1.69E+11,4188798499,60,
E10,,SYBR,,Unkn-29,11.3_B,,18.37850268,18.35178684,0.037781902,1.66E+11,11.22060054,1.69E+11,4188798499,60,
E11,,SYBR,,Unkn-37,15.3_B,,18.72863889,18.6867994,0.059169975,1.32E+11,11.12092268,1.36E+11,5267043047,60,
E12,,SYBR,,Unkn-37,15.3_B,,18.64495991,18.6867994,0.059169975,1.40E+11,11.14474467,1.36E+11,5267043047,60,
F03,,SYBR,,Unkn-06,5.3_D,,18.17784343,18.19409595,0.022984541,1.90E+11,11.27772484,1.88E+11,2825656922,60,
F04,,SYBR,,Unkn-06,5.3_D,,18.21034848,18.19409595,0.022984541,1.86E+11,11.2684712,1.88E+11,2825656922,60,
F05,,SYBR,,Unkn-14,6.4_C,,18.15577921,18.13937892,0.023193519,1.92E+11,11.28400615,1.94E+11,2955475784,60,
F06,,SYBR,,Unkn-14,6.4_C,,18.12297862,18.13937892,0.023193519,1.96E+11,11.29334392,1.94E+11,2955475784,60,
F09,,SYBR,,Unkn-30,17.5_B,,18.19499912,18.19018215,0.00681223,1.87E+11,11.2728409,1.88E+11,839613849.2,60,
F10,,SYBR,,Unkn-30,17.5_B,,18.18536517,18.19018215,0.00681223,1.89E+11,11.27558352,1.88E+11,839613849.2,60,
F11,,SYBR,,Unkn-38,5.4_B,,18.33279674,18.33763556,0.006843114,1.71E+11,11.23361225,1.71E+11,765713991.4,60,
F12,,SYBR,,Unkn-38,5.4_B,,18.34247437,18.33763556,0.006843114,1.70E+11,11.23085719,1.71E+11,765713991.4,60,
G03,,SYBR,,Unkn-07,9.6_D,,18.28415951,18.28131518,0.004022502,1.77E+11,11.24745844,1.77E+11,467027046.6,60,
G04,,SYBR,,Unkn-07,9.6_D,,18.27847084,18.28131518,0.004022502,1.77E+11,11.24907791,1.77E+11,467027046.6,60,
G05,,SYBR,,Unkn-15,9.4_C,,18.83902105,18.73792512,0.142971232,1.23E+11,11.08949875,1.32E+11,12314673416,60,
G06,,SYBR,,Unkn-15,9.4_C,,18.63682919,18.73792512,0.142971232,1.40E+11,11.14705935,1.32E+11,12314673416,60,
G07,,SYBR,,Unkn-23,5.5_B,,18.4659454,18.48789798,0.031045642,1.57E+11,11.19570708,1.55E+11,3148114734,60,
G08,,SYBR,,Unkn-23,5.5_B,,18.50985056,18.48789798,0.031045642,1.52E+11,11.18320802,1.55E+11,3148114734,60,
G09,,SYBR,,Unkn-31,6.4_A,,18.58767416,18.69485181,0.15157209,1.45E+11,11.16105296,1.35E+11,13430590397,60,
G10,,SYBR,,Unkn-31,6.4_A,,18.80202947,18.69485181,0.15157209,1.26E+11,11.10002962,1.35E+11,13430590397,60,
G11,,SYBR,,Unkn-39,2.2_B,,18.12407418,18.00594786,0.167055847,1.96E+11,11.29303203,2.13E+11,23255921286,60,
G12,,SYBR,,Unkn-39,2.2_B,,17.88782154,18.00594786,0.167055847,2.29E+11,11.36028917,2.13E+11,23255921286,60,
H01,,SYBR,,NTC-01,NEG,,28.68023632,28.60327085,0.108845616,NaN,NaN,NaN,NaN,60,
H02,,SYBR,,NTC-01,NEG,,28.52630538,28.60327085,0.108845616,NaN,NaN,NaN,NaN,60,
H03,,SYBR,,Unkn-08,2.2_D,,19.39224094,19.32774295,0.091213931,85507930940,10.9320064,89280357555,5335016883,60,
H04,,SYBR,,Unkn-08,2.2_D,,19.26324496,19.32774295,0.091213931,93052784171,10.96872937,89280357555,5335016883,60,
H05,,SYBR,,Unkn-16,12.5_B,,18.35308675,18.33894916,0.019993574,1.69E+11,11.22783603,1.71E+11,2235294578,60,
H06,,SYBR,,Unkn-16,12.5_B,,18.32481157,18.33894916,0.019993574,1.72E+11,11.23588549,1.71E+11,2235294578,60,
H07,,SYBR,,Unkn-24,9.5_A,,18.59261324,18.80531054,0.300799414,1.44E+11,11.15964688,1.27E+11,24851697258,60,
H08,,SYBR,,Unkn-24,9.5_A,,19.01800785,18.80531054,0.300799414,1.09E+11,11.03854423,1.27E+11,24851697258,60,
H09,,SYBR,,Unkn-32,17.2_A,,18.96046465,18.70529723,0.360861217,1.13E+11,11.05492581,1.36E+11,31879272772,60,
H10,,SYBR,,Unkn-32,17.2_A,,18.45012982,18.70529723,0.360861217,1.59E+11,11.2002095,1.36E+11,31879272772,60,
H11,,SYBR,,Unkn-40,17.2_C,,18.34568,18.27367089,0.10183625,1.70E+11,11.2299446,1.78E+11,11887359652,60,
H12,,SYBR,,Unkn-40,17.2_C,,18.20166179,18.27367089,0.10183625,1.87E+11,11.27094415,1.78E+11,11887359652,60,