"Sample","SQ.Mean_SCNAG","SQ.Mean_mtDNA","mtDNA.Mean","Cq.Mean_SCNAG","SQ.Mean_Telomeres","Cq.Mean_Telomeres","Telomeres.per.cell","Plate_ID","Treatment","Time_Point"
"10.1_A",49222.9630889806,806594.702559691,16.3865531845697,28.3754320124351,1.67e+11,18.36718651,3392725.45819952,"Plate2","Constant-Warmth","A"
"10.1_B",56504.8034906822,1104546.1688939,19.5478278068172,27.38775363976,184264064307.366,18.6340680860648,3261033.62765878,"Plate5","Constant-Warmth","B"
"10.1_C",18988.7896160149,388949.614590834,20.4831178003467,29.758738533765,1.77e+11,18.28618599,9321289.22270646,"Plate2","Constant-Warmth","C"
"10.1_D",55551.3419331412,851119.108154412,15.3213059943498,27.4080892379619,251815052690.111,17.9560665138176,4533014.75584843,"Plate4","Constant-Warmth","D"
"10.2_A",45686.4270561861,1122234.38198974,24.5638465141867,27.3032724224535,238352141520.426,17.6227118947433,5217132.45877809,"Plate3","Cold-Dormancy","A"
"10.2_B",53051.105860083,1263676.18867938,23.819978267978,27.0808861214764,270109830220.859,17.4452254418947,5091502.35120917,"Plate3","Cold-Dormancy","B"
"10.2_C",46151.4695666065,1274230.68937764,27.6097533045757,27.7602074814163,2.93769e+11,17.60231823,6365322.76780543,"Plate6","Cold-Dormancy","C"
"10.2_D",88910.4073921223,1204352.49378455,13.5456863724961,26.3325810336253,396106271449.917,16.8906411303393,4455117.04499302,"Plate3","Cold-Dormancy","D"
"10.3_B",33829.433709251,705412.771410168,20.8520419665572,28.1427228774769,169521557162.866,18.5575346436008,5011066.94897197,"Plate4","Constant-Warmth","B"
"10.3_C",53107.9823809394,691088.248694586,13.0128884154827,27.5541391586939,2.199e+11,18.05428699,4140620.4894525,"Plate6","Constant-Warmth","C"
"10.3_D",68142.8549433871,1024255.56696745,15.0310046125657,27.1058097223666,252962220161.234,17.9483936885358,3712233.95866514,"Plate4","Constant-Warmth","D"
"10.4_A",75338.943559629,1180559.77805756,15.6699805210724,27.0398581807011,3.15993e+11,17.49433385,4194284.98821329,"Plate6","Cold-Dormancy","A"
"10.4_B",26721.7118846205,377264.985516417,14.1182940354038,29.2604907049995,1.69e+11,18.369533,6324445.10777271,"Plate2","Cold-Dormancy","B"
"10.4_C",21152.1879724001,465876.361719103,22.0249726565871,29.5997816520697,1.81e+11,18.25321301,8557034.39455877,"Plate2","Cold-Dormancy","C"
"10.4_D",22671.36539,445046.1704,19.6303205715304,28.66400258,1.8e+11,18.35019757,7939530.63274236,"Plate1","Cold-Dormancy","D"
"10.5_A",57119.0619987104,1010607.34964655,17.6929962482466,27.4491787335973,3.47613e+11,17.33872807,6085761.70259673,"Plate6","Constant-Warmth","A"
"10.5_B",43104.6645772362,848739.755124335,19.6902066968538,27.3897432432326,279917540392.759,17.3901534511598,6493903.69089161,"Plate3","Constant-Warmth","B"
"10.5_C",91017.6673479869,1366951.57906022,15.0185301259586,26.762520782814,3.97e+11,17.13195233,4361790.53548092,"Plate6","Constant-Warmth","C"
"10.5_D",23048.7897524766,545638.61469151,23.6732002222755,29.4978625657427,1.89e+11,18.18513101,8199996.70393505,"Plate2","Constant-Warmth","D"
"10.6_A",15656.00958,334561.9468,21.3695542973729,29.19663076,1.76e+11,18.38831288,11241689.5953381,"Plate1","Cold-Dormancy","A"
"10.6_B",12816.70411,294290.4442,22.9614760295812,29.50372,1.35e+11,18.81697751,10533129.1759064,"Plate1","Cold-Dormancy","B"
"10.6_C",38509.5593051229,670352.171860076,17.4074225713328,27.9470770385194,189584173435.273,18.6054031735821,4923041.88508469,"Plate5","Cold-Dormancy","C"
"11.1_A",49103.6466723961,1043951.73129168,21.2601670555467,27.5907605757609,183893084862.146,18.4304578440825,3744998.53522127,"Plate4","Cold-Dormancy","A"
"11.1_B",59502.359095297,773465.458678086,12.998904084447,27.306752232191,230842583414.277,18.0862324290848,3879553.46517551,"Plate4","Cold-Dormancy","B"
"11.1_C",61637.2494233776,727711.783121065,11.8063636831442,27.2607092646684,199050792820.703,18.5126666997354,3229391.23148489,"Plate5","Cold-Dormancy","C"
"11.1_D",23478.6582410798,354807.239263799,15.1119044206285,28.6703286747049,127678981071.269,19.213663749316,5438086.78333558,"Plate5","Cold-Dormancy","D"
"11.2_A",49628.0693564214,963060.335425839,19.4055571356057,27.1790679346816,205084449145.051,17.8433853143101,4132428.51887236,"Plate3","Constant-Warmth","A"
"11.2_B",58300.8257393457,1348203.30473644,23.1249435602174,27.3415724005408,254498372717.793,18.1265531535662,4365261.88935329,"Plate5","Constant-Warmth","B"
"11.2_C",61750.4512470421,1129059.03880479,18.2842232891193,26.8612370439016,314310298768.142,17.2279830221274,5090008.12821101,"Plate3","Constant-Warmth","C"
"11.2_D",27753.8636418078,337836.74113093,12.1726021822065,29.2058993812294,1.07e+11,19.05526536,3855319.07848742,"Plate2","Constant-Warmth","D"
"11.3_A",36980.47775,560953.8437,15.1689182463307,27.94945224,2.19e+11,18.03927778,5922043.55715767,"Plate1","Cold-Dormancy","A"
"11.3_B",14571.5698704508,323795.955564599,22.2210755905727,30.1387671800525,1.69e+11,18.35178684,11597926.7506866,"Plate2","Cold-Dormancy","B"
"11.3_C",80658.640335251,1132284.64489781,14.0379832860009,26.9397333440637,3.45003e+11,17.35004378,4277322.28768082,"Plate6","Cold-Dormancy","C"
"11.3_D",26844.3092063388,475476.448763996,17.7123741612886,28.4860369314932,164611422865.478,18.5969643485722,6132078.92966037,"Plate4","Cold-Dormancy","D"
"11.4_B",61678.0253017692,951586.281229171,15.4282870856093,27.3338964301004,2.77375e+11,17.70006811,4497144.6255437,"Plate6","Constant-Warmth","B"
"11.4_C",48867.7778478285,624008.474612203,12.7693237158303,27.5986095720048,187553124078.4,18.401741598324,3837971.20185063,"Plate4","Constant-Warmth","C"
"11.4_D",63427.7639664818,733588.052136795,11.5657246332136,27.2177366150044,147868325796.903,18.980475587509,2331287.06657614,"Plate5","Constant-Warmth","D"
"12.2_B",47212.6406745463,831254.942124671,17.6066182752795,27.2511961306611,227746691664.786,17.6868873233368,4823849.89297095,"Plate3","Constant-Warmth","B"
"12.4_A",23316.02608,523111.8914,22.4357225200016,28.62001912,1.64e+11,18.50903193,7033788.66695795,"Plate1","Cold-Dormancy","A"
"12.4_B",47817.0299218841,661823.988193858,13.8407590198522,27.631520398803,131774637912.784,19.1616551241039,2755809.76334282,"Plate5","Cold-Dormancy","B"
"12.4_C",99594.9740456166,1382493.77178477,13.8811600186929,26.6798869894513,3.96343e+11,17.13364645,3979548.20308971,"Plate6","Cold-Dormancy","C"
"12.4_D",77356.7132155994,1057498.44887794,13.6704159848494,26.9177765643767,224569195855.723,18.1283770688353,2903034.35242693,"Plate4","Cold-Dormancy","D"
"12.5_A",50604.0322939319,1329634.88707834,26.2752754435694,27.548170202961,202095396073.686,18.4891348560879,3993661.9062256,"Plate5","Cold-Dormancy","A"
"12.5_B",28214.2945021097,550156.880832059,19.4992251459955,29.1830797397163,1.71e+11,18.33894916,6060757.60594381,"Plate2","Cold-Dormancy","B"
"12.5_C",42312.2774273585,840859.438901775,19.8727057494213,27.8131378950119,214504787844.961,18.1973034005866,5069563.75045568,"Plate4","Cold-Dormancy","C"
"12.5_D",66235.3799232715,1283686.64679795,19.3806791519125,27.2297694243729,2.85728e+11,17.64479303,4313827.44887994,"Plate6","Cold-Dormancy","D"
"12.6_A",46993.6735300269,1236429.47455582,26.3105516483149,27.6563334555529,189300185232.06,18.3857434977556,4028205.73520615,"Plate4","Constant-Warmth","A"
"12.6_B",30806.5651662746,839853.402119923,27.2621565431563,28.2810800591769,170510425072.442,18.5458046213957,5534872.97763101,"Plate4","Constant-Warmth","B"
"12.6_C",27329.5168519345,460471.808277112,16.8488821361845,28.4484865014875,127000419795.955,19.2211043985875,4647005.67097531,"Plate5","Constant-Warmth","C"
"12.6_D",30367.7181278196,782305.614109823,25.7610931060757,28.3052162867513,199503533307.748,18.3072926252229,6569592.50174891,"Plate4","Constant-Warmth","D"
"13.1_A",48074.2904383218,1093607.75905275,22.7482870590846,27.2261796410052,151256164821.96,18.276463970964,3146300.51619832,"Plate3","Cold-Dormancy","A"
"13.1_B",74981.9980701929,1307896.78577381,17.4428105336623,27.0466631206718,2.5603e+11,17.81655187,3414552.91389171,"Plate6","Cold-Dormancy","B"
"13.1_C",56058.7716064272,1141706.61387467,20.3662438750936,27.0016196331938,248000415007.276,17.5679938421936,4423935.9497282,"Plate3","Cold-Dormancy","C"
"13.1_D",49998.7974868644,794176.272785171,15.8839074678509,27.565968230194,132174200632.346,18.9285334585288,2643547.59066097,"Plate4","Cold-Dormancy","D"
"13.2_B",19519.40953,477617.2985,24.4688394782606,28.87731781,1.99e+11,18.19708469,10194980.5240856,"Plate1","Constant-Warmth","B"
"13.2_C",25958.598727507,286865.204545975,11.0508740304999,29.3029323235989,1.69e+11,18.35412268,6510366.8258071,"Plate2","Constant-Warmth","C"
"13.2_D",42865.0376891781,762818.741878023,17.7958257591969,27.7917464927795,129880290532.149,19.184594818304,3029981.95111675,"Plate5","Constant-Warmth","D"
"13.3_A",23093.3201402697,421888.507872975,18.2688545999626,28.7229224528846,82408309893.8315,19.9095416730228,3568491.20842219,"Plate5","Cold-Dormancy","A"
"13.3_B",15419.72953,303341.6813,19.6723088242132,29.2316751,1.49e+11,18.65694014,9662945.10614545,"Plate1","Cold-Dormancy","B"
"13.3_C",50402.2199342891,915369.976641709,18.1613027726776,27.5542308247539,207534020751.66,18.4472175015964,4117557.14375733,"Plate5","Cold-Dormancy","C"
"13.3_D",24454.3662191725,350202.067519896,14.3206356027061,29.3938888875663,1.42e+11,18.61795903,5806734.00926949,"Plate2","Cold-Dormancy","D"
"13.4_A",46432.0157304718,922710.4280782,19.8722888412672,27.2745014860121,193880771598.325,17.921747248656,4175583.77658559,"Plate3","Constant-Warmth","A"
"13.4_B",60065.4171310034,695214.960727053,11.5742967240331,27.2926912801002,182517835228.97,18.4408555292632,3038650.92339068,"Plate4","Constant-Warmth","B"
"13.4_C",67106.3797100675,851300.987898231,12.685842859893,26.7402567056556,338351201845.669,17.1172412203666,5042012.44810869,"Plate3","Constant-Warmth","C"
"13.4_D",16829.40927,309979.1967,18.4188994234377,29.09180293,2.16e+11,18.05443023,12834675.0937384,"Plate1","Constant-Warmth","D"
"14.5_A",40289.7803049721,587356.090741286,14.5782897373804,27.4795115676905,215083250735.903,17.7773013582446,5338407.13719057,"Plate3","Cold-Dormancy","A"
"14.5_B",59389.713225825,1008628.93131774,16.983226160438,26.9171724428273,330294436821.705,17.1540160562407,5561475.52970638,"Plate3","Cold-Dormancy","B"
"14.5_C",31594.7464828393,573680.926881242,18.1574784020767,29.0176631522145,2.12e+11,18.00878699,6709976.29669692,"Plate2","Cold-Dormancy","C"
"14.5_D",18523.68893,458699.8528,24.7628782006328,28.95516277,1.76e+11,18.38830378,9501347.202768,"Plate1","Cold-Dormancy","D"
"15.1_B",65226.7745649651,900597.564088256,13.8071761189306,27.9676330904193,2.11e+11,18.02248657,3234867.91133366,"Plate2","Constant-Warmth","B"
"15.1_C",55963.5530989074,737851.102846576,13.1844935138863,28.1895134850703,1.75e+11,18.3034822,3127035.19182767,"Plate2","Constant-Warmth","C"
"15.1_D",51516.3870195876,987284.983195476,19.1644841634583,27.1232881314093,249277170504.366,17.5585187374368,4838793.73003362,"Plate3","Constant-Warmth","D"
"15.2_A",14648.21912,368743.4572,25.1732619630556,29.29272421,92720322637,19.42830409,6329801.72384259,"Plate1","Cold-Dormancy","A"
"15.2_B",51807.7747959617,993195.898266753,19.170788596467,27.115057367905,247197419999.663,17.5691839433387,4771434.80825452,"Plate3","Cold-Dormancy","B"
"15.2_C",17608.86109,465084.6234,26.4119650341338,29.02493377,2.32e+11,17.94108344,13175184.8580231,"Plate1","Cold-Dormancy","C"
"15.2_D",48118.7031728342,711203.474572315,14.7801879036057,27.2232446842387,255244553532.128,17.5255734742165,5304476.98507861,"Plate3","Cold-Dormancy","D"
"15.3_A",14395.29243,317055.3711,22.0249343764113,29.32014924,1.31e+11,18.8701184,9100197.20940118,"Plate1","Constant-Warmth","A"
"15.3_B",50802.1865033729,624810.802580748,12.2988958858939,28.3308590281485,1.36e+11,18.6867994,2677050.1303319,"Plate2","Constant-Warmth","B"
"15.3_C",54180.7940584152,837989.225948173,15.466536445455,27.4453836631319,235141642259.83,18.0625596988675,4339944.55685369,"Plate4","Constant-Warmth","C"
"15.3_D",26414.2028625997,576716.842384578,21.833588747104,29.2873476578436,1.63e+11,18.40916598,6170922.54677859,"Plate2","Constant-Warmth","D"
"15.5_B",29776.11140687,843255.079496305,28.3198523801112,28.3314650097746,186512487006.97,18.4082043285245,6263829.56654096,"Plate4","Constant-Warmth","B"
"15.5_C",43320.4908357434,760730.979673055,17.5605346337715,27.8551891042295,2.54523e+11,17.82560818,5875348.94202988,"Plate6","Constant-Warmth","C"
"15.5_D",30121.0051736988,521618.17885909,17.317422703893,28.387367059716,2.11518e+11,18.11517203,7022275.61066569,"Plate6","Constant-Warmth","D"
"17.2_A",44183.140445309,783370.068541594,17.730067637706,28.5414287218205,1.36e+11,18.70529723,3078097.17981329,"Plate2","Cold-Dormancy","A"
"17.2_B",11153.76876,357318.935,32.0357130122178,29.6896782,1.25e+11,18.94744421,11206974.3142138,"Plate1","Cold-Dormancy","B"
"17.2_C",73065.5765116845,1009697.45723837,13.8190582411527,27.8050530003267,1.78e+11,18.27367089,2436167.73449443,"Plate2","Cold-Dormancy","C"
"17.2_D",72373.3955666208,1113108.24315307,15.3800748802568,27.0166742238991,227011378829.021,18.1122138182168,3136668.89679169,"Plate4","Cold-Dormancy","D"
"17.3_A",46428.82815,1019365.601,21.9554453906673,27.61848174,1.68e+11,18.46667333,3618441.53070661,"Plate1","Constant-Warmth","A"
"17.3_B",39289.801969336,874428.457770439,22.2558631996387,27.5163399759791,167407852333.607,18.1300775816717,4260847.44494924,"Plate3","Constant-Warmth","B"
"17.3_C",42142.7817914206,571318.57055741,13.5567360831818,27.4144421579523,176975548168.32,18.0499157253331,4199427.29562168,"Plate3","Constant-Warmth","C"
"17.3_D",16789.54387,321482.4806,19.1477793017613,29.09459966,1.87e+11,18.29532585,11137884.474285,"Plate1","Constant-Warmth","D"
"17.4_A",51494.2823269303,784370.756726715,15.2321912508043,27.5249071394764,169450537378.95,18.7662055374537,3290667.03567459,"Plate5","Cold-Dormancy","A"
"17.4_B",62273.1592366884,876034.403271012,14.0676081639181,27.2445970955904,171194692894.732,18.7520010894529,2749092.78721598,"Plate5","Cold-Dormancy","B"
"17.4_C",74840.3885188141,1399614.7289006,18.701329009653,26.9670340425584,250083096576.181,17.9667820148963,3341552.62319774,"Plate4","Cold-Dormancy","C"
"17.4_D",50286.2626552539,701026.136449782,13.9407086435472,27.1595664107955,169287035867.805,18.1159563019654,3366466.84261229,"Plate3","Cold-Dormancy","D"
"17.5_B",26954.7728761817,522403.067878687,19.3807260138446,29.2484223524693,1.88e+11,18.19018215,6974646.0437114,"Plate2","Constant-Warmth","B"
"17.5_C",32564.05975,441144.027,13.5469603724701,28.13273097,1.97e+11,18.20420154,6049614.2530263,"Plate1","Constant-Warmth","C"
"17.5_D",50200.6831414561,901640.390773538,17.9607195430565,27.1616018767432,194556287831.092,17.9148066496971,3875570.52327095,"Plate3","Constant-Warmth","D"
"2.2_B",67392.4269605294,1094034.18235016,16.2337851846605,27.9218765910264,2.13e+11,18.00594786,3160592.5117484,"Plate2","Cold-Dormancy","B"
"2.2_C",82669.4365439965,1338005.12955991,16.1850036179674,26.8308555941803,243256633490.861,18.1977668609696,2942521.97257206,"Plate5","Cold-Dormancy","C"
"2.2_D",13977.4842600427,249770.725124445,17.8695050180426,30.2058052327271,89280357555,19.32774295,6387441.10842785,"Plate2","Cold-Dormancy","D"
"2.3_A",60356.6418515931,1026603.01119607,17.0089484719895,27.2852305346663,213707278349.715,18.2031204722012,3540741.69459569,"Plate4","Cold-Dormancy","A"
"2.3_B",51350.7063724475,1071954.3815419,20.8751633086992,27.604287045085,2.48288e+11,17.86556625,4835142.83521561,"Plate6","Cold-Dormancy","B"
"2.3_C",24371.93604,610022.3003,25.0297021664102,28.55330786,2.35e+11,17.92195641,9642237.67920244,"Plate1","Cold-Dormancy","C"
"2.3_D",50577.5023734817,668245.276250867,13.2123028004885,27.1499739263721,245436317887.568,17.5793692578646,4852677.69996196,"Plate3","Cold-Dormancy","D"
"2.4_A",54344.9484469442,805783.421757237,14.8272000394647,27.4436279321966,233110494590.897,18.0714015629399,4289460.221284,"Plate4","Constant-Warmth","A"
"2.4_B",15723.02683,355171.6909,22.5892695306175,29.1999208,2.39e+11,17.93173207,15200635.5127488,"Plate1","Constant-Warmth","B"
"2.4_C",35317.7171863326,780086.021727071,22.0876682830722,28.0806950913056,275908317897.26,17.8169471329008,7812178.69891184,"Plate4","Constant-Warmth","C"
"2.4_D",56752.2146948634,789134.804865421,13.9049164708077,27.3820765604869,248453900322.987,18.1640727844362,4377871.44799257,"Plate5","Constant-Warmth","D"
"3.1_A",53183.9671867933,584466.470350811,10.9895237468473,28.2658717845805,1.35e+11,18.69216457,2538358.96682644,"Plate2","Cold-Dormancy","A"
"3.1_B",53511.98403,1301750.445,24.3263349060317,27.4124059,1.9e+11,18.2699677,3550606.53130487,"Plate1","Cold-Dormancy","B"
"3.1_C",27029.11243,553130.1304,20.464235806207,28.40372876,1.58e+11,18.56643936,5845548.9579685,"Plate1","Cold-Dormancy","C"
"3.1_D",22836.757705901,262850.389935764,11.509969730416,28.3052583688985,110858693972.05,18.7423979317804,4854397.25725181,"Plate3","Cold-Dormancy","D"
"3.2_A",73973.0734789327,1531182.93017347,20.6991930734032,26.9861398528936,198301412814.422,18.3155938162081,2680724.26206406,"Plate4","Cold-Dormancy","A"
"3.2_B",15731.99977,408728.2496,25.9806925740884,29.19540123,2.02e+11,18.16832284,12840071.3801943,"Plate1","Cold-Dormancy","B"
"3.2_C",61196.7539153203,1088583.37258318,17.7882535091564,27.2715870996157,184844209258.942,18.422809852508,3020490.42527184,"Plate4","Cold-Dormancy","C"
"3.2_D",65946.007110294,1090294.34490859,16.5331366171281,27.1610844913492,209894667162.045,18.4297669160113,3182826.01721433,"Plate5","Cold-Dormancy","D"
"3.3_A",57620.573758591,857728.545979948,14.8858036293341,27.3580571083471,158698128815.959,18.869048668105,2754192.09605315,"Plate5","Constant-Warmth","A"
"3.3_B",33145.4343624079,562084.783290132,16.9581359877312,28.9482402597303,1.68e+11,18.36448338,5068571.38039314,"Plate2","Constant-Warmth","B"
"3.3_C",9798.60519,169972.2745,17.3465785388992,29.89564396,75692739665,19.75134457,7724848.40416353,"Plate1","Constant-Warmth","C"
"3.3_D",50508.4802422525,696868.397775436,13.7970573343934,27.5514811166418,195470913911.677,18.3375331854835,3870061.28424662,"Plate4","Constant-Warmth","D"
"3.4_A",76948.2646957674,1807130.23733566,23.485003131397,26.9262615693688,228980656222.216,18.0986988685889,2975774.1402947,"Plate4","Cold-Dormancy","A"
"3.4_B",75967.9880873452,1242232.39130409,16.3520506805553,26.9559765593882,234623818551.094,18.2540640857909,3088456.39404498,"Plate5","Cold-Dormancy","B"
"3.4_C",20779.3642872435,510375.515290584,24.5616520426424,29.6273446020916,1.7e+11,18.33972994,8181193.49803032,"Plate2","Cold-Dormancy","C"
"3.4_D",74663.1386367918,1460487.65920333,19.561026844961,27.053231793989,2.88582e+11,17.63045853,3865120.12847254,"Plate6","Cold-Dormancy","D"
"5.1_A",36466.9794364981,651267.581092617,17.8591040759683,28.8102055073139,1.87e+11,18.2071719,5127926.76798563,"Plate2","Constant-Warmth","A"
"5.1_B",35188.9863023049,863545.961330553,24.5402340923356,28.0788847800634,152380203886.829,18.932881903772,4330337.98068937,"Plate5","Constant-Warmth","B"
"5.1_C",18412.25913,367461.8925,19.9574582296246,28.96924294,1.4e+11,18.75870722,7603629.6801782,"Plate1","Constant-Warmth","C"
"5.1_D",73792.3518893602,1043146.71749636,14.1362443503683,26.6026189501315,356137392107.904,17.0456010420422,4826210.07447865,"Plate3","Constant-Warmth","D"
"5.2_B",47524.962701194,826038.745549032,17.3811550519803,27.2404970592284,215489364514.005,17.7730467254171,4534235.32110612,"Plate3","Cold-Dormancy","B"
"5.2_C",22533.02236,428523.7146,19.0175870663806,28.66709228,1.48e+11,18.67187405,6568137.98146872,"Plate1","Cold-Dormancy","C"
"5.2_D",72976.7684170343,1382768.66716725,18.9480665855914,27.0883249151905,2.38449e+11,17.92781636,3267464.4982545,"Plate6","Cold-Dormancy","D"
"5.3_A",45627.0903880047,583921.700522088,12.7976974984931,28.4998255987676,1.19e+11,18.92134506,2608099.68350042,"Plate2","Constant-Warmth","A"
"5.3_B",21610.26376,606569.3574,28.0685772342466,28.73218068,2.13e+11,18.08227107,9856427.59225628,"Plate1","Constant-Warmth","B"
"5.3_C",25276.652746461,299036.558931472,11.8305442548496,28.1548090785508,153838119672.155,18.253522117395,6086174.51112842,"Plate3","Constant-Warmth","C"
"5.3_D",22038.20571874,388639.189565358,17.6347927106825,29.5400519691243,1.88e+11,18.19409595,8530640.03482533,"Plate2","Constant-Warmth","D"
"5.4_B",64928.1290697939,764912.750080353,11.780914698129,27.9744621050231,1.71e+11,18.33763556,2633681.30962445,"Plate2","Cold-Dormancy","B"
"5.4_C",22440.8389321972,418958.651537014,18.6694736682018,28.3273311467314,189943901000.852,17.9632778496886,8464206.77830935,"Plate3","Cold-Dormancy","C"
"5.4_D",17733.59411,336929.9896,18.9995320469191,29.01685241,1.83e+11,18.32729651,10319397.1207904,"Plate1","Cold-Dormancy","D"
"5.5_A",35621.2415156184,481842.286329758,13.5268246088079,28.8438392022093,1.67e+11,18.36906495,4688213.91098279,"Plate2","Constant-Warmth","A"
"5.5_B",18337.738511769,434710.395442371,23.7057800318931,29.8057819458039,1.55e+11,18.48789798,8452514.46357588,"Plate2","Constant-Warmth","B"
"5.5_C",43585.4477559712,608392.633524128,13.9586184115954,27.7660106295864,135293452097.003,19.1200228271298,3104096.87321539,"Plate5","Constant-Warmth","C"
"5.5_D",52378.4771519817,1138436.54718257,21.7348156930809,27.0995484322493,296547754590.669,17.3148453385752,5661633.76094735,"Plate3","Constant-Warmth","D"
"5.6_B",74862.4720326821,1192430.68444181,15.9282835854157,27.0492771043589,2.94176e+11,17.60148425,3929552.31122443,"Plate6","Cold-Dormancy","B"
"6.2_A",55280.3434244833,673199.279786494,12.1779142111541,27.0210600903435,219114214329.49,17.7518905089174,3963691.26448744,"Plate3","Constant-Warmth","A"
"6.2_B",43800.3546198485,1203280.74423309,27.4719406880741,27.7680966460143,248746602016.346,17.973366767413,5679100.18481048,"Plate4","Constant-Warmth","B"
"6.2_C",30958.0130905732,506531.420305011,16.3618840402665,27.8610423282319,146853327063.411,18.324418955658,4743628.94781927,"Plate3","Constant-Warmth","C"
"6.2_D",116294.279414077,1549581.78492973,13.3246604453543,26.4023128124591,4.75478e+11,16.84987463,4088576.00215239,"Plate6","Constant-Warmth","D"
"6.3_B",54133.0217827368,959123.826674347,17.7179066508387,27.4497551896993,216902634225.026,18.3778721526807,4006845.12118252,"Plate5","Cold-Dormancy","B"
"6.3_C",56992.0696730482,941919.038082078,16.5271948094827,27.4498692076758,2.34287e+11,17.95544876,4110870.18499339,"Plate6","Cold-Dormancy","C"
"6.3_D",18114.7093741082,348898.567099471,19.2605114381885,29.8269892090132,1.26e+11,18.80578442,6955673.28174168,"Plate2","Cold-Dormancy","D"
"6.4_A",25342.2172854293,290762.303458992,11.47343581598,29.3385407847177,1.35e+11,18.69485181,5327079.25591102,"Plate2","Cold-Dormancy","A"
"6.4_B",54753.6776439746,954139.016937371,17.4260261226922,27.4323937220691,246565743786.369,17.9866738631061,4503181.41896542,"Plate4","Cold-Dormancy","B"
"6.4_C",27804.8568458551,518079.285481136,18.6326902653472,29.2026982606303,1.94e+11,18.13937892,6977198.30299791,"Plate2","Cold-Dormancy","C"
"6.4_D",19205.2022377883,552679.003671855,28.7775674959777,28.9813468867767,192659972404.645,18.3591777652415,10031655.4868433,"Plate4","Cold-Dormancy","D"
"6.5_A",55719.0903614318,923154.178558101,16.5680051948066,27.4076463414505,198597080906.557,18.5163610467318,3564255.61900458,"Plate5","Constant-Warmth","A"
"6.5_B",77406.7328797158,1273803.06479832,16.4559724640195,27.0002357656937,3.1184e+11,17.50803425,4028590.12903407,"Plate6","Constant-Warmth","B"
"6.5_C",57671.6225471688,782058.753933476,13.5605471008526,27.4324294450164,2.46162e+11,17.87952338,4268338.38078108,"Plate6","Constant-Warmth","C"
"6.5_D",58422.0458390014,697019.77324348,11.9307662584141,27.3339529457002,226887618148.244,18.1126419804247,3883595.9078444,"Plate4","Constant-Warmth","D"
"7.1_A",32906.997932431,807928.5456766,24.5518763922357,28.9598003704673,1.95e+11,18.13732643,5925791.23748693,"Plate2","Cold-Dormancy","A"
"7.1_B",54118.6619563999,1204828.12010938,22.2627108016831,27.4477635645505,207295380269.245,18.2486301345245,3830386.28036019,"Plate4","Cold-Dormancy","B"
"7.1_C",83761.6908663977,1714299.21717537,20.4663874313345,26.8034749780863,209400654531.613,18.2335174009875,2499957.34763298,"Plate4","Cold-Dormancy","C"
"7.1_D",27271.26045,676938.0712,24.8223976460905,28.39206412,1.68e+11,18.45955108,6160331.32417977,"Plate1","Cold-Dormancy","D"
"7.2_A",60460.1369964253,1424097.37548941,23.5543193620883,27.3691784221007,4.43411e+11,16.95877239,7333939.71677928,"Plate6","Constant-Warmth","A"
"7.2_B",48293.6181116816,910235.224654491,18.8479401677779,27.216829958351,272248478925.99,17.4307092667844,5637359.33589404,"Plate3","Constant-Warmth","B"
"7.2_C",51350.3508378054,1217254.68704649,23.7048952380344,27.5316938064771,176444447771.382,18.4932494768372,3436090.40430312,"Plate4","Constant-Warmth","C"
"7.2_D",48314.229136549,963776.412752755,19.9480863086703,27.2166174902009,196458793074.917,17.9005507531383,4066271.91587124,"Plate3","Constant-Warmth","D"
"7.3_B",42486.365856433,711855.130206667,16.7549075063779,27.4066755920444,187661505358.071,17.966295007686,4416981.81464152,"Plate3","Cold-Dormancy","B"
"7.3_C",73266.1580969097,1420834.2841246,19.3927772525653,27.0070871036913,181604842426.038,18.6570000922101,2478700.22317572,"Plate5","Cold-Dormancy","C"
"7.3_D",69891.9448630778,1156843.41893471,16.5518847873103,27.0759644605076,189910061322.801,18.5866008061487,2717195.26041013,"Plate5","Cold-Dormancy","D"
"7.4_A",45251.9050095341,756605.719545515,16.7198644871659,27.3114101853383,181395717651.662,18.0283557323813,4008576.3817776,"Plate3","Constant-Warmth","A"
"7.4_B",59223.9544809832,1178272.94010337,19.8952087956523,27.3960009339343,2.74011e+11,17.71024996,4626692.06069286,"Plate6","Constant-Warmth","B"
"7.4_C",64287.3414351682,976081.380445546,15.1831038374778,27.202474583071,164791289899.086,18.809759213913,2563355.18346599,"Plate5","Constant-Warmth","C"
"7.4_D",21822.70971,447752.6005,20.5177361771358,28.71957662,1.98e+11,18.20147245,9073117.07075812,"Plate1","Constant-Warmth","D"
"7.5_A",50362.8154017762,1043302.02021236,20.7157207532835,27.156850785278,197153107149.446,17.8979725632093,3914656.19180799,"Plate3","Cold-Dormancy","A"
"7.5_B",84008.8465316386,1504520.91902717,17.9090772120119,26.8800036406692,3.53907e+11,17.31121919,4212734.9036594,"Plate6","Cold-Dormancy","B"
"7.5_C",19103.5766,475961.5472,24.914787276012,28.90664487,1.63e+11,18.51805896,8532433.65956928,"Plate1","Cold-Dormancy","C"
"7.5_D",20151.4987738657,403813.580531178,20.0388856959305,29.6690337517261,1.64e+11,18.3957586,8138352.47890793,"Plate2","Cold-Dormancy","D"
"8.1_A",31415.84701,221970.5068,7.06555856123645,28.18486518,2.16e+11,18.05693217,6875510.94615545,"Plate1","Constant-Warmth","A"
"8.1_B",74210.9640314925,1493054.43133011,20.1190545199832,26.5952461877189,288241528627.335,17.3483559660225,3884082.79543459,"Plate3","Constant-Warmth","B"
"8.1_C",16487.6367237936,447407.902454302,27.1359631431374,29.9612467518557,1.64e+11,18.39939333,9946847.00708675,"Plate2","Constant-Warmth","C"
"8.1_D",40186.7307152275,719903.119598869,17.913950868516,27.8925949601713,155974723357.748,18.9007475054971,3881249.37216269,"Plate5","Constant-Warmth","D"
"8.2_B",41380.5112314929,891816.026570595,21.5515951840603,27.8479155431776,213431280333.245,18.2102393739649,5157772.92211924,"Plate4","Cold-Dormancy","B"
"8.2_C",57047.4185452954,1101796.90228816,19.3137030628886,26.9759755483039,224245178714.169,17.7092023991293,3930855.84645902,"Plate3","Cold-Dormancy","C"
"8.2_D",52102.5278211383,995674.491760613,19.1099075879513,27.5085028319628,191759312756.495,18.5726949899459,3680422.44350949,"Plate5","Cold-Dormancy","D"
"9.1_B",54341.0992543509,1195208.1587449,21.9945524684837,27.4444567121774,178723894561.034,18.6821026389736,3288926.74262058,"Plate5","Constant-Warmth","B"
"9.1_C",39339.89894,674045.0284,17.1338779855035,27.86350053,2.11e+11,18.09819904,5363511.49050512,"Plate1","Constant-Warmth","C"
"9.1_D",16859.54301,386010.9082,22.8956922480665,29.08797128,2.18e+11,18.04083161,12930362.3396373,"Plate1","Constant-Warmth","D"
"9.2_A",58767.4102378843,877086.590646854,14.9247106022964,27.3253463292602,236239563176.408,18.0533092154481,4019907.67025695,"Plate4","Constant-Warmth","A"
"9.2_B",66858.0307568598,1266003.99036249,18.9357056441959,27.2157098949915,3.47048e+11,17.34090088,5190819.95193812,"Plate6","Constant-Warmth","B"
"9.2_C",21677.15107,379723.6054,17.5172283559677,28.7241874,1.98e+11,18.20266395,9134041.6164752,"Plate1","Constant-Warmth","C"
"9.3_A",34449.42263,698147.3366,20.2658646589921,28.05105894,2.08e+11,18.11712802,6037837.04110225,"Plate1","Cold-Dormancy","A"
"9.3_B",52092.0876047219,772489.747962731,14.8293106205386,27.5821102473411,2.21819e+11,18.04142168,4258209.07165742,"Plate6","Cold-Dormancy","B"
"9.3_C",33932.9489300027,850534.853613053,25.0651617508265,27.7291522116096,288614561643.718,17.3462406225319,8505437.06764407,"Plate3","Cold-Dormancy","C"
"9.3_D",65176.0193560622,945962.02752341,14.5139583065903,27.2529410294095,2.84393e+11,17.65487214,4363460.7146892,"Plate6","Cold-Dormancy","D"
"9.4_A",69401.4640224889,1155137.1205955,16.6442759798437,27.078483166012,175322552703.473,18.5032782297731,2526208.27489549,"Plate4","Constant-Warmth","A"
"9.4_B",10823.86959,260092.4579,24.0295262001581,29.73119324,1.52e+11,18.6729012,14043036.8950888,"Plate1","Constant-Warmth","B"
"9.4_C",23097.5422663337,328087.328520393,14.2044259400968,29.4732892093277,1.32e+11,18.73792512,5714893.75267425,"Plate2","Constant-Warmth","C"
"9.4_D",15784.22211,268861.9077,17.0335861866556,29.19478951,1.84e+11,18.31393988,11657210.5180545,"Plate1","Constant-Warmth","D"
"9.5_A",13599.1019430145,320574.704871456,23.5732261008696,30.2420582000338,1.27e+11,18.80531054,9338851.97215074,"Plate2","Constant-Warmth","A"
"9.5_B",16466.56278,766108.1308,46.5250787936449,29.12277229,2.07e+11,18.12340492,12570929.5112529,"Plate1","Constant-Warmth","B"
"9.5_C",46479.2953996329,667252.905796428,14.3559169746299,27.6770360129421,148157102325.006,18.977139557162,3187593.55216422,"Plate5","Constant-Warmth","C"
"9.5_D",31931.9644459311,375079.207428324,11.7461989557025,28.2205961327115,83496231790.7213,19.8790827010591,2614816.63403771,"Plate5","Constant-Warmth","D"
"9.6_C",42847.3904183538,636712.535567955,14.8600073271958,27.7938648271684,257377680937.266,17.9221622789323,6006846.12118215,"Plate4","Cold-Dormancy","C"
"9.6_D",25063.1871471565,395214.471911064,15.7687236499729,29.3541680478279,1.77e+11,18.28131518,7062150.51424859,"Plate2","Cold-Dormancy","D"
