,Cycle,A1,A2,A7,A8,A9,A10,A11,A12,B1,B2,B5,B6,B7,B8,B9,B10,B11,B12,C1,C2,C5,C6,C7,C8,C11,C12,D1,D2,D3,D4,D5,D6,D11,D12,E3,E4,E5,E6,E7,E8,E9,E10,E11,E12,F3,F4,F5,F6,F7,F8,F9,F10,F11,F12,G3,G4,G5,G6,G7,G8,G9,G10,H1,H2,H3,H4,H5,H6,H9,H10,H11,H12
,1,-18.7921634375548,-19.7751992065837,-20.3468512754162,-24.988303119887,-24.3054950951978,-22.6777903017428,-18.9295564050562,-23.3469949159144,-26.0700476834613,-12.2221316923924,-18.0017326463026,-15.9507827864022,-20.774772545687,-20.4732564731025,-27.2259051250189,-19.6393727335408,-9.00557701112302,-16.9253670499497,-20.0998777943942,-20.1847532887791,-18.0711042457297,-8.76433307790649,-21.1508641720802,-27.0980890484088,-11.8064534036007,-5.40568324494916,-14.3359164058647,-12.4698965217904,-10.3655905023938,-15.0655585865352,-6.45548676611497,1.98968142179456,-7.6283328029258,-10.1523306807699,-13.5527379457822,-12.4055034690905,-4.03452246185907,-3.14157125661131,-5.87014817296449,-9.65965362790985,-10.5354888777356,-5.30664449501046,2.96786714028804,-6.23081683699911,-1.84405274453593,-4.13342084491387,0.395800279418381,-6.41179041732494,-10.3124584083084,-10.3825876171136,-7.41788345561599,-4.70825034225527,2.76922878398454,-4.72050038721682,-25.5730796479265,-34.3072802091524,16.6404958842709,-1.78908534609764,-10.6634056990329,-9.04788751620754,0.444697652959803,3.89521146819561,-6.71456029791489,-12.9192964067352,4.27384522709826,4.67275425409434,4.64815127256315,2.94344670027704,-20.0844813966387,-0.322650988214264,0.0557559869271245,-3.07219113146857
,2,1.71272522904519,1.90022600293241,1.82374845396225,3.16944746041372,1.95871831833483,3.15346187241812,0.82723252222786,-0.511370074996194,-2.98150582313383,2.69666362971793,8.29487470699087,7.55041624179876,0.462920469920391,4.68920157753655,-5.52347762325417,3.58099990996197,5.32676645014226,-0.312234451147106,0.816839765982422,0.0970696373497049,-2.76013304427579,4.87977205980133,0.494486939501712,-5.87186616538202,5.6804826193079,3.62540078944767,-7.1209470733188,-5.61806035177369,6.2768405644083,-4.36815916116484,6.02843814572861,4.45859517790996,6.93717689373898,-1.65141783466606,2.12979694055002,-0.261528649930369,10.1122574090136,9.21117395257852,7.76582489680595,-0.144151660936132,-2.03331763665756,6.91024128577556,6.85182232635862,4.9763373427395,9.88616026181126,9.6383765219266,7.51880415510959,6.94537872172987,0.522208781545942,-1.40422689874413,7.10551414058455,5.5138007180517,8.64629333415314,-1.976855891181,47.5314440335469,-18.9050467043053,19.929160791959,4.38782312250214,-5.07884052690315,-1.69540969952413,9.14292278609173,8.46162114595882,-3.5220075770103,-7.58362888726015,3.07833387777373,1.87055936484785,3.99955710246104,1.43378790633869,-13.8640138870396,0.211892538381562,2.20427571884102,4.37065491445946
,3,5.60413262110251,4.09960645788487,-0.118828642913741,6.5918753752735,7.50519319123305,4.37109524268953,1.85051716047337,5.73469773372517,2.15793166858157,4.03711035931428,4.23145792831247,5.65578195001626,4.71768601955409,4.38598598517365,1.71170647670033,4.78137290319819,6.06813970100484,1.01131772552253,2.03974555683862,2.61781177605053,3.40905339264282,5.26613378060756,2.62627102308397,-1.67601730242814,3.75762153242886,4.84678767430523,-4.38953464560927,-3.637404325445,1.97930681575599,2.96356094160228,3.92015750744258,1.48038593456931,0.851563555811936,3.47863445431403,1.85323059748907,2.03917046466495,7.0049142092812,7.10008044179995,3.76291121940358,3.43756610829178,2.08253752975452,4.75561219084102,5.87419965343997,2.31883223732711,5.06146356806994,6.70328493518446,6.62130089064385,6.04956766960231,5.38971823948759,8.92937607747717,4.29311808562761,9.24804155183665,3.9684080697657,7.26342132262926,-18.1338631275003,-3.24792402714456,12.1510401364753,3.48390653221259,0.000177970344793721,3.57247405172075,3.16026578833407,3.8987268988767,-2.42937103881468,-4.86041471498447,7.8431147594606,2.88795166463387,1.01488690118185,3.23174458406993,-1.62204385470341,2.2935276628441,4.9414878334851,2.18075476505737
,4,2.36423790436447,4.65970986137563,6.1461155533184,3.20100294332951,3.28607433721754,2.24819484563022,5.07235780430119,6.52503600460568,4.1990475412349,3.55693940767242,7.31023546310007,3.34421824244782,4.83543472394831,2.78500160485601,2.77806274932573,1.1010408951679,3.24557358878474,0.862021097580964,1.82110141946396,1.02112162863887,-1.1840115490636,3.65641013482764,1.35750565120952,1.89062756862177,4.48320451708923,2.2150622314557,-3.06145507727751,-1.18811972413141,6.65937539980087,2.17620402479315,7.15857054680873,8.92635301089103,2.27347202042438,3.41619742373632,2.32968797184003,0.932606856666098,2.93397104585711,4.76125616521995,8.44645856193392,7.4630554181249,5.91441505012745,4.85920040273822,6.45178364401363,5.93452228465048,3.74409138843566,1.38395613377543,2.09483790394916,0.430138688706847,3.09203988871241,3.94004341610889,7.56803570229613,0.27792900867189,13.0887789597905,4.69021497435961,17.5143014778528,11.2196320582966,3.44338969266937,0.85664835565558,1.70512493722435,3.60828766772465,4.6068295782884,8.75639654750239,-1.59989338236346,-2.56649878917688,4.06792077162618,1.50883875876889,4.24942866339597,-1.38584676416076,1.11294483403981,0.757235825096359,4.31869079685475,3.00245908781017
,5,-1.42300246318928,2.34556913913411,6.63854937909764,0.434037306624305,-0.483991673100263,3.63569111538891,2.09113950155233,1.76728359197386,3.40308051924558,0.100610607602448,2.603703680546,1.0891945756257,0.436410017397975,4.38931103190998,4.82010333085054,3.02755343169474,3.29738531142812,7.2408255501964,1.49310017992912,-0.523404217725783,4.73581624652434,6.6759870895703,0.930693548889849,3.02096266255558,6.07927414493952,1.65811940175945,-5.10967123722867,-4.63488901052915,3.0229888509466,0.716688272688771,2.02209931593143,6.55610523284213,4.35407557955659,1.98967189144651,1.84299553984829,5.38146822942554,2.01903215824814,0.119283327068388,3.03217347455484,0.503359690388606,2.49186600651274,3.9644102677621,-0.49300275666883,3.13409055009424,3.37899587123457,-0.796765841348133,1.36618830600901,1.74967878529378,-0.0457955022957321,2.50752574405396,2.00050044811951,6.00667359245563,5.96207387952882,1.19269703390773,16.3748925543296,7.05679461324917,-0.119351828158415,2.09276797289976,-0.058901616687308,1.60825859686292,3.85147791129975,3.90499516396312,-2.49947135633238,-3.73003466600403,-2.97368093526484,2.55148201773318,2.82991003795723,1.11358844029201,0.89636827531649,3.86236442029349,5.17667547221618,1.79270212609481
,6,-0.581761534681846,-0.528120269646024,0.306591276455947,-0.396179260299505,1.28542919297024,2.15288133432068,1.12121343163062,0.51312777505882,-1.71555118079959,-1.39057779891618,-2.50445226133934,-1.20964911247847,-0.775998123431236,-2.72968297650959,3.54981799245161,3.26405415031604,-1.39600457202414,1.84820591724247,1.62603178469908,5.81942820759923,-1.1107477482301,4.30753531681376,3.03561403227786,7.18747429589712,-1.07419678505721,3.51328092423773,0.881097369594499,4.21981962304744,5.23604321572293,-0.894189482592537,0.41332764181152,0.912966813584262,4.88424136756612,1.20190739710733,2.79382966115145,-0.339568183376741,1.86294294644495,2.7854529997785,3.02330183771574,7.20827417813916,0.587084576490724,-0.0315317582662829,3.1143140532763,2.99970060941178,-2.88856361080934,6.37085932270247,-4.19898470145699,-0.789888952007459,0.852221078966068,0.180636425686316,2.33513083090156,2.98395707240843,1.88606267752175,1.74126959345995,3.59202443414279,-0.206678042964086,1.05597377586264,3.31298598430567,3.26717347085832,2.36212627338591,5.93498987679732,5.2128587006473,-2.48940954453474,3.61444094107082,3.5163136645906,1.2395997143135,2.4049554812791,4.434594000365,5.45503999946686,3.48932663796404,1.01491383429993,2.81516509408584
,7,2.47223778660918,1.90187342566696,4.8822307622986,0.705673568162638,3.81020735453558,2.35278500551749,0.380053446416696,3.0678384166863,2.52240122232843,1.7299488493536,4.83026253850039,4.82200339561405,3.19710469507709,4.03407721128951,3.48363064035857,4.84789674183594,2.47608498989712,3.013806998973,8.37528454124413,1.51929245592737,3.42396803069732,-1.57023007390808,6.01865902283271,2.51619609783438,0.0608159079515644,-0.377479805204985,8.90624248541508,1.84129106167893,4.11309121545992,6.91701268957195,7.19484534944786,1.47257439225586,1.34141135265918,-0.57219623893161,3.15329060414479,4.62015114970973,3.8809204290319,6.50635762581851,3.25682899989306,2.55049244784959,2.45608158260393,2.71519405719209,2.64164383180196,4.88268318567089,4.54271966502711,-0.668174806557545,4.09188364176953,4.97973986785519,7.43056944320051,3.69130748846055,2.55783806650288,-2.08438369620717,3.85365245038747,0.917364747072043,0.521327611359084,-2.29260363366939,0.261294971051484,2.82878258875098,7.62157560619426,1.8405599070029,1.77046385366657,0.795102414547728,3.06330111528814,0.268028922273061,3.14549328739622,4.54807436705414,3.76483216337465,4.9663911265111,9.38214548372071,3.6105769546748,3.39023443280212,2.52711910774178
,8,1.67654276551275,1.53582670290643,0.064766274527301,0.477035450745916,1.59489466550849,3.70993605929652,0.483457029245074,0.45885411462541,-0.712334310439473,-0.0687132804782777,-0.705763233507696,0.365387420435582,1.45722844954435,0.44532855595844,-1.89025440944351,-1.19707279902514,-4.01908101808249,-1.77470146115229,-1.16050924173805,4.28513781053243,2.45375353347481,-0.570130538895683,0.0156987379950806,-0.133427560231212,-1.84314764448209,-1.37545346938168,1.53394728369767,1.86989936714781,-0.887743515173497,2.89257171944473,-3.93571216345617,-3.06489608525408,0.232591867683823,3.45497324405642,-2.76145819901649,3.58605196690678,6.67118995007877,-0.174437082549048,0.792113527213587,-1.16131471743302,1.47613680092445,-0.0392153565044282,-3.56114909961298,1.18856519965811,0.777614860609447,1.311590950967,-0.827095089814065,-0.928576851815706,-0.526852283871904,3.96173241335146,0.595437585114269,1.98609920235003,-8.54187086874163,0.303795597541466,32.9481964698525,-1.92223211752207,1.45368644912105,2.88783446870912,2.0639414665502,4.16487714338882,5.91457702996513,-0.345874342243405,2.36575504477878,5.14903539916759,3.9471236820973,1.18542226126647,0.146654571585259,2.1965837245325,6.79959975852034,2.5047008946508,4.31546163317353,-2.05130559579084
,9,2.54578317083087,0.00789529535040856,0.380834238255829,4.40453115689616,-0.711857598744245,3.66256851694425,0.674500513501243,-4.50660268394404,2.80500156970538,7.11687174602412,1.68744977257757,1.87812050999264,-0.775966876432449,2.87309489454083,0.838675047227753,2.9156271434349,0.222592431483008,-0.44844200925354,4.58038887768498,5.01775911793357,2.93871923237793,-6.00131302995851,1.19901740679825,-1.08598868496847,2.27999856052475,-2.38081572352303,9.94017482887739,5.61260376571636,-4.56609670296893,0.855971551777202,0.00178248489783073,-1.72881780826856,3.9009964698007,-1.66408956458963,4.27841753328994,-1.19267278558573,-4.0172161232681,-3.90093430302204,0.787003841276601,-3.61157521017185,-1.74311593836228,-3.97377884556317,-2.5058795338191,-1.27167851409786,-1.14612938141727,0.49586412624376,-1.38934053216553,3.15652580884762,3.21680059349274,-0.463718134252304,0.20258582308179,-3.64636743929623,-2.73200005137642,-5.73866160278885,-16.413107802905,-2.44315339453169,0.868310375832607,3.20591872834393,1.39941228041698,-1.80467553063818,-1.481672828093,-3.69422875675536,7.13207485807561,6.0389447373359,3.21020720106708,3.02695525003719,5.18311541220783,4.20706622549551,5.02855202741921,2.67536961451378,-2.22436280672991,2.45879905293623
,10,3.98851059045001,-0.672930370125869,-0.103103720589843,0.196073864019581,1.84516172774329,0.85553246032805,0.755465628120874,-4.54230815751771,2.97024933711828,1.96599816500202,-1.01838952208618,-1.32164805660932,3.39712612007088,2.19404677692864,4.21956201217063,-0.405101885454314,0.568790425791576,-1.48112006014571,4.57345449008972,6.57974268568569,-0.856790784177974,-4.28326915001708,3.04484689328319,1.56237237339337,-3.72002129682323,0.130903764832965,3.99813715366281,5.29624414606224,-3.81351673904692,0.261005748935531,-2.03490748331296,-0.652287510921269,-1.30318242233579,-0.943504661918723,-1.3639010360921,-4.22488079934465,-2.93417379413268,-1.31650805108711,-5.84705685330118,-4.70341581176763,-4.51058072680507,-2.34338977796506,-5.23441882409497,-6.01466155337312,-7.03676804303359,-6.13868227471858,-3.99871693499335,-0.049590687316595,-2.6433548870159,-3.91811378954526,-4.65553551436733,-5.76171094068786,-15.0254311786894,-4.49081376951835,-16.5347441030103,-9.98630765663074,-7.54411008951183,-5.78096733727625,-3.38191477737382,-7.10194919095284,-5.6668883287316,-6.99606074068788,-7.45212966826239,-4.02164877032237,-11.5441191961572,-5.39846022371012,-5.3003658155867,-6.99313084082678,-1.87802913037558,-3.34169585015252,-7.05890289335093,-2.54435153093345
,11,-13.1945276799634,-11.1202928213265,-14.6620935011147,-10.4281578118639,-18.5217087616361,-13.9883548825424,-9.91106794484676,-12.7484995835098,-2.27655850977908,-4.18597842672852,-8.64783552303788,-7.6064338367687,-8.48678950480098,-10.8204494652746,-7.08939676096225,-11.0898178606831,-6.69413944912276,-10.1668065927756,-4.661245678054,-2.29899511010626,-6.60339738343509,-6.95193034937847,-8.42830453031866,-5.81730535284214,-6.99334680872653,-7.30881399462305,-0.537050251177334,-3.54247518030661,-4.14773728030877,-6.20313170172767,-10.3628535155062,-12.1006859822519,-6.01637585632443,-4.05995318860232,-0.373141305362878,-4.37486900075191,-7.60928796478765,-9.20634410377534,-10.1622041690334,-9.9101497791994,-3.83735233347761,-4.3620912829856,-4.69650427585157,-7.90010870297692,-6.19744590221535,-6.70786344401995,-8.14726391682234,-5.26377914417299,-10.0853845007682,-13.2883197705914,-10.6589913301259,-5.67137867342171,-6.70959208222894,-7.79135311287155,-20.7275962000454,-7.37722176444686,-9.55288842080063,-3.87437995561368,-2.52785723898023,-5.01157945006707,-7.2701364442396,-7.78563942513711,1.57363392489378,-4.22631440898977,-3.37243631290266,-4.20557554004108,-5.35652911971283,-1.18916824483495,-4.13003897064118,-7.56045080869126,-9.81227215751369,-4.81906514917182
,12,-7.14349045723156,-4.02621745506804,-5.98405791322693,-3.76164184708341,-9.62325409282312,-9.41712907504234,-2.85975881118065,-2.77596326529556,-2.56688141169752,-3.25862483059473,-6.73599709669224,-4.29516308380562,-5.53457485156559,-4.66038952659301,-6.32351140680203,-7.93951219938663,-6.1719064996887,-2.41117490828128,-2.58269736273041,-2.41322941937506,-4.02336136002032,-4.24619081676337,-5.65217503910571,-4.53617851284071,-5.60314659618234,-8.49298504401304,-1.70707391072347,-0.841712086683856,-7.53903927715101,-4.95813171697591,-6.51029045559289,-5.26619395273792,-5.07554855434273,-3.18935953805749,-5.15198409105687,-4.53543832948708,-10.9791799508921,-7.9438814164705,-9.90938235072645,-7.73158078884626,-3.92966486186788,-3.33638300396115,-6.40382246415811,-7.24935668672788,-5.73126669051953,-5.81177240600573,-1.75194974853321,-6.8984680862518,-1.98975422322292,-11.1618184476815,-9.36830490056309,-6.06412100700391,-15.0470100892694,-7.01975090734277,-19.0212504112715,-4.06732227123939,-10.1377775278675,-4.39477957488998,-2.49022682969007,-5.22369013813295,-10.4355455720765,-7.8892092559895,-2.77929032359725,-1.70551874948205,-5.81962607870173,-1.03112660188663,-1.23535915698994,-1.79359484357292,-9.37221305655839,-4.97745621124341,-7.50573394638832,-1.89593355135867
,13,3.69925582470478,2.28469326880258,5.22055298242685,0.331402593642906,-3.9930844013893,-7.24186960901534,0.953867704702134,-5.46021246384908,-2.94181384324202,-1.82094977267025,7.62392662767888,5.2036564745149,2.83607228899336,2.91628198080025,0.702362922067096,4.25121179382131,4.12667839296,0.533082210860812,0.0192615407831909,-0.940547017691188,0.353650618998017,-1.91479616517654,-0.103461374683775,0.577044794695667,2.47099025506714,-2.29398220266194,4.02632904468283,6.03970457294599,-0.576150079946729,3.19404497203004,2.45535008045636,0.278241172645266,0.0791684668733978,-0.413850515747072,-0.0422842257280536,2.90685252362073,0.545774458334108,4.00305056553952,2.04599049211402,1.13612128723935,6.42039330036505,3.37853796423042,7.14786117385711,1.05727192401719,6.53539971445525,5.64476535627136,16.4229400745471,0.667552519146284,4.95296859127029,-0.401829670499865,8.659581364921,7.03175968470123,0.112213665310719,-0.281908449520415,-11.4566911933575,4.20299529500153,2.41952458127707,2.57027863381109,8.74190072168994,4.98390341094455,0.226506987575249,1.35521924903151,-0.993178209457255,4.43967692585829,2.41259394018198,0.34992347340085,3.6572809502868,1.18997309092401,5.57609260044774,2.74979545621636,2.47606305423005,3.84027719372625
,14,13.3926804924263,15.7533210984193,16.8058689531799,15.951634774101,10.454038343194,6.92724283077087,13.2656831548938,5.50348930573045,-2.41717605096483,1.2462152420735,14.0882165140861,12.0064823514876,13.8066172881972,13.9962167064778,14.8886111861548,16.7662435690454,13.9159564345082,13.9893211314711,-1.90339231216467,-1.23101827799519,11.3450390885682,4.82170926245863,13.9250431941755,10.4658157643794,16.185075084582,19.8676801439192,-4.83323197316804,-3.50098580068197,5.90021860777733,10.1556067132287,2.59489908726937,2.82942814829084,13.9901602614227,12.866447405946,10.2767907080147,11.4155758825182,5.54145390824078,4.16306246903514,7.87189812079168,3.25019551379864,9.95874989737604,14.3187601423579,14.6685678562958,5.00270754901476,13.4120710063712,13.9195236636119,38.444198331531,4.97696294344769,12.4829455790768,9.56664392494895,18.5441462480917,16.8527882078565,9.90326597114836,6.72636617834314,11.9013208127762,14.9769215196038,3.82941269467347,11.7964661275855,20.0640985230875,13.127811146393,6.04055267346166,7.61909602491005,1.43670087888586,2.74953468128024,0.0820344520921026,11.1363557519885,9.6287750724232,8.60945357665014,8.84965667706183,13.1917771781614,5.95627966573738,8.28580433527577
,15,32.6858692198957,37.4211365090541,27.9623572222808,31.2681488661824,16.7278875097031,19.4313815051983,25.917864061385,19.1545025856062,-4.15047090760072,-0.746556730217435,30.618022894047,30.6146458716385,27.967577772481,27.9490418316254,27.445931186895,30.6061058162422,23.7870592254703,23.003566076552,-3.30970198266141,-2.85985117590599,22.8498089601794,16.7118596045384,29.8504953968136,27.3970270824857,34.4670964896368,37.9807503866514,1.13906058319208,3.92960239084232,14.6401430453734,23.469217060177,16.4319577710498,17.9582984391436,22.1618432108958,28.2579431662334,21.2102638397,22.5146370964335,17.6662084945442,15.801976642405,16.9450484559479,18.7402667055667,26.6323390680554,35.5181539011942,30.388932997043,15.0658873375319,36.0947104408269,32.9026300112241,72.0183958669691,9.30426317845695,19.0967655729251,18.8245234866727,36.7910649590949,33.7645327085211,23.5911203157211,14.6322167398262,31.7347787138538,37.5636128220349,20.5046729007677,24.5419332157367,40.6507852215109,32.3062889466873,17.5111892083742,17.0659736022881,6.49882170262026,5.76884029709618,16.9963236602221,19.2889392849106,26.1722299632247,25.3424225084973,21.5739057151877,24.2048490728862,15.9341255629479,19.315511152678
,16,73.8992927939453,79.0657856693074,58.7024185808114,60.0291568423859,35.9626356380782,36.8845249533279,52.9107523338384,45.1424050406467,-3.49382143193134,-3.66939025894408,68.7264434895706,60.9261369850242,55.7088197683356,58.183213979104,59.7362485188573,57.8757782270773,57.815845878476,48.7360987491161,-1.04372778801508,-6.34996893791686,43.5323653282385,40.2326118587207,52.1610201812596,50.0983587514202,77.1819183399907,79.6655179772065,-1.6951464529343,2.05839576120525,38.6208603181831,46.8865403175732,44.084138335621,50.9303292059758,51.4855690113559,49.0792782470335,48.750840514143,49.9108514820277,39.8462290472694,40.8226149533443,46.6748306029922,41.2254297641748,54.4065953188438,69.8124327486817,68.0292298185177,32.3297873935385,77.473987729235,77.2162017281139,138.136964566066,25.2122357544381,43.0284739650465,38.9390134016285,85.9403275249483,79.4671150641889,58.2076612727756,32.655707710454,87.9873462260443,84.4671459265874,39.2081355443142,43.9577991846045,74.0850901906078,64.4900965574084,35.7043908208507,41.2432387992817,4.31059328295623,3.89803679416173,36.0534506574854,40.1925909831011,46.0244640036585,48.6381261813726,38.9713906521929,43.9740949623601,31.9098885907097,34.6604934621123
,17,137.635517718194,148.279067602661,115.870395482439,113.343047919006,75.4687496240122,77.6267305570668,102.862312120009,85.2258151742676,6.98121162196821,4.58490284257095,141.489926579345,127.563813992258,123.068495599093,114.619281015209,112.770804397474,117.400659072275,114.481649162748,97.359373890898,-3.7169171430678,-1.79509323798811,87.5795777805934,80.9665832941632,101.977283298806,104.438077697987,147.44054821388,157.938271641769,-3.18888961587209,3.31671986523224,85.1308246023646,98.8341694204637,88.5147233798161,97.1680511046434,101.13832562373,91.8857040573007,93.2288030703194,90.9903012384489,85.1206225727738,79.7932839205155,95.1138033823795,88.3677093269425,111.430639719157,121.919810987796,136.554634698505,67.3134158951675,155.683645911633,148.697031638585,274.111679884193,49.4589720818585,89.1106588229063,87.3165476540839,167.7766055326,156.386556313566,130.24286829117,67.2751904250854,197.867006889609,143.997737355931,79.1954798470097,82.9512767210344,138.872963283266,129.852193715139,78.3302480483785,74.2506552356317,3.66678760467175,4.80693958974234,71.8163488483697,74.1876571923781,90.4856269168026,90.0610877818986,78.6030588898693,81.9640288251667,69.6561300932385,71.9059342221562
,18,255.344146667848,279.2822931864,222.531785568373,214.655471725019,142.106118158214,144.565114181466,191.294829487178,159.927862729189,10.7378624234334,8.81951564554993,273.700607835292,240.004969312216,229.270525421142,210.540743998594,215.686259296502,213.750884623304,217.033765532722,179.312847286325,-0.67642390126548,-4.76010295365859,162.877200275482,164.924969609979,197.225979145109,193.446010287385,282.412384663547,289.498386617275,1.5765569087489,-0.201986006266452,171.841335743592,189.936182727081,182.14797917865,193.580975481924,195.632471004485,176.615031194684,182.459058829882,181.308484943471,165.535341643976,153.521476991695,191.685858370382,177.358083645462,213.259241327163,215.931369700767,255.470933185158,135.176130919285,291.368580301792,284.818405744719,488.085957554536,96.334171475361,165.911343589771,161.914764471132,314.96195065429,292.793023384628,248.868815367771,129.493041828,377.945567721721,275.474707624797,155.628962378287,166.264619542842,260.364363789815,244.520002287593,157.745750026286,153.721857971932,6.46287919178985,6.63437631145189,138.781707306709,150.582630187159,174.978943798405,173.759209830222,150.982937398619,155.557978918787,133.087329201599,139.00391251622
,19,455.447579792309,491.576799822067,403.88554100988,386.79176734661,260.91314149095,273.564495379119,350.59586191382,303.013484187678,31.6276250925853,26.9352731350314,494.610288800775,437.603182899558,409.785750310353,393.241228197281,393.378483775963,392.982108735077,399.804117923878,336.11305483641,2.23759013684776,-3.33006160714012,309.431813921296,306.795817152244,367.022280587184,361.286725293756,496.19663528701,561.096098637087,0.543960901593437,4.07321970534804,322.42910514574,346.526460708167,341.483911983454,358.395184327319,363.468126680961,325.547297684565,333.683629773866,328.964547952029,316.570672555908,294.576701872908,351.693358766869,342.946946498954,383.366959205948,385.255828261658,459.020593751544,246.221920898169,570.068534968091,507.143809891933,877.060783397521,189.92959923659,302.966090046635,307.289523565936,611.611956387922,571.237490827189,460.224829007312,234.874470842137,714.873390758593,498.125203865522,297.998109041268,309.151536183801,460.994099150188,440.526677754094,300.399946118615,291.558278755782,8.10498815944629,8.07994375637509,262.781956591383,274.327325939591,320.577498115027,315.725468312669,282.498969423643,288.234489157968,255.644842826511,258.078486591929
,20,817.562711922815,880.570290589008,744.623648474899,714.048487312139,468.347463375914,496.859906069413,661.592219716215,578.388785417219,55.9241259773703,53.6343085761177,892.367614767338,804.128586608658,765.773342756671,734.791267061576,737.380546216475,735.572450323275,735.462349495254,631.519222613602,-0.354786859935302,4.12782130664846,588.022240853235,583.910604715427,690.219205011858,677.501211843716,896.945992921428,924.94114475587,4.74710269230945,5.21524098723467,616.128298472794,654.330078492893,651.764159717581,681.989490853283,682.68262438882,620.077700709348,629.341995953767,625.973899035231,611.212172394853,573.949305641114,674.068066337841,640.143969676927,720.098546589277,713.489933252979,838.354069828633,453.617055159415,935.779943600172,919.228426376917,1337.284594274,347.059789156072,585.796669954076,586.165335761727,998.933909365917,935.099143330933,836.900708378049,422.589734673654,1132.11019386605,888.116808261208,572.722570272029,592.320726045982,827.944518251778,811.129919200144,579.992190097052,562.330672050989,7.5195904481825,8.30605619174048,474.265517969155,529.558378580984,610.021008624875,604.708884215032,541.272953550894,554.011012148987,462.511114036934,466.886267132091
,21,1246.28509597025,1333.96027721143,1162.103286895,1117.21657128265,838.104068733426,877.950765385233,1056.25599529503,936.268328304962,105.74020892131,101.706387053557,1360.74128901993,1244.17239893616,1202.02342213028,1159.92932511954,1160.28989668892,1160.74906939068,1149.09467892449,1014.16920093965,-1.37174586916262,0.243296786245992,951.934746813373,948.230582825174,1099.12482446807,1076.21455260796,1368.96075193051,1408.8756384986,-2.69502239306485,0.494596927319435,994.187227986466,1051.00129565347,1050.69764716294,1093.41599959642,1091.26646460861,1005.9717266751,1012.71987482075,1009.72616529606,997.987298490092,942.651969190926,1087.27953036482,1025.1597422654,1142.18209252275,1130.87271761995,1294.39972738656,826.164285285876,1415.05471278481,1413.61206632097,1865.02638306144,648.263798475222,956.86399726785,958.625263618145,1505.23429813808,1402.62126288817,1288.65933659968,776.544033422182,1636.89691459196,1354.27981135255,931.851038958558,965.98905911919,1269.04190235902,1268.55166759026,956.092139202034,926.567732128604,1.61604434158562,-3.37502124675757,834.303770960721,867.754106931988,983.001073760041,972.506376280966,887.822692860918,909.543192683656,831.553348137288,817.511701690991
,22,1745.74924327377,1857.9660913348,1669.55912781712,1612.47503999937,1289.67910415128,1340.91433478947,1557.35209294544,1404.5186400408,179.659012883485,177.553033387088,1905.86918414621,1769.46698680691,1732.55264077186,1687.13541990664,1683.66305664569,1691.14072595497,1650.43277879623,1509.95047613882,2.11433768163579,-0.817898444759066,1434.77749233272,1429.57049471675,1619.99983351093,1581.98799810766,1907.97894512524,1961.40602176094,-9.97923525489614,-12.4747729077681,1478.51186526845,1562.23690981263,1565.09403361353,1617.88532764444,1609.92934654187,1508.00815844208,1508.3316944038,1511.20748896001,1509.76164351115,1438.2718497647,1613.41770826354,1519.6005423548,1672.25397722913,1660.88419163131,1827.91787412184,1290.60541345715,1958.42416388551,1983.10707279715,2377.36800890478,1047.39690390803,1442.68495735531,1455.15033471797,2077.52356312426,1924.84102447918,1818.59319751962,1225.07244880147,2154.44663465609,1897.61059537923,1397.67357291462,1457.48466909792,1783.40411632883,1820.16979367388,1460.07965276577,1417.55744501736,-6.99037851598905,-7.18308623464736,1266.74703746113,1319.48595677155,1459.7850824585,1440.33805731997,1354.37543175328,1389.13108366916,1292.64011815841,1240.99398784686
,23,2242.94703791884,2376.16692435639,2193.32859189454,2132.33292941857,1818.85693448246,1878.59131431364,2103.08624708148,1927.36255141885,341.472396296343,342.370083046501,2445.50088697942,2302.95478276489,2284.07156317373,2246.74383443201,2240.08070132314,2256.29013369591,2166.56665231077,2056.63272846029,13.5606946313928,18.8739312180255,1986.3737533081,1971.26523685787,2191.17479876451,2131.38396022741,2431.78197385977,2500.21574700912,-5.88636414515759,-11.2619139766298,2012.95001390055,2122.64295021361,2132.3056339068,2182.92641545509,2174.03720146674,2071.15480250192,2058.12136810899,2072.8317382464,2088.74071169045,2010.18632594444,2190.69851809512,2054.57998580417,2243.6005879418,2239.03806885355,2365.04706579183,1850.57204697219,2488.97817730375,2551.51811368308,2811.22454413831,1564.18756487128,1995.59211474109,2022.22664559957,2633.38028838243,2424.07622656564,2350.20859155054,1776.89503431264,2614.08652226573,2436.27384895267,1921.24323810856,2013.8211294799,2301.25121101647,2393.14752326731,2035.6896560884,1980.24730150783,-6.47691174361898,-8.36945583226225,1765.59481636755,1841.53247659054,1984.2328576149,1952.26427122616,1889.24980811177,1945.35175695177,1841.22898971097,1733.10400675044
,24,2678.01353985257,2827.14477789974,2662.45524016072,2603.91324909211,2354.73813384789,2415.27565306549,2615.20900919683,2430.56625231608,644.409341746052,651.533689837217,2912.21230477899,2774.98691005087,2779.92486681961,2761.63399156713,2754.68953745664,2779.03239149199,2628.34567578879,2574.55804992041,49.1138126294263,53.6093850382667,2526.13093738753,2495.6375155218,2724.09361643388,2643.29877633456,2877.12951791511,2953.3960929954,-1.07959116729899,1.23181447217257,2512.34807638356,2649.37541466227,2669.55840952054,2711.0271870429,2698.06155527989,2609.00870015667,2577.76617576399,2611.48483073353,2647.58339106672,2573.63944074207,2729.47406054443,2555.91244530527,2772.23467285451,2778.8106213006,2831.21768330827,2424.52637094812,2932.63754860403,3031.69153617902,3134.07990031646,2134.7392603735,2526.4799651099,2571.39123497963,3092.29666837577,2843.40182248169,2806.37814784038,2356.11822952988,2966.82469658146,2896.62864600085,2414.08112374948,2547.50193744179,2741.82768662089,2895.68575859466,2593.60628129809,2527.88066132841,-5.69284226481204,-5.14099603112845,2249.30872739064,2351.13528432966,2475.67515869131,2430.57403929528,2403.06771903462,2489.85772779558,2397.18343054117,2214.81383557246
,25,3009.63494276562,3166.32704004252,3026.02081965217,2968.72267825019,2815.14095450717,2873.16251328367,3027.42819133724,2840.45414789553,1035.36270391465,1050.41796930523,3257.54451146105,3134.37508226844,3162.91541528527,3166.01748810966,3159.3463698111,3192.0380920932,2987.18204211985,2991.79416919814,106.575546548965,109.468755225164,2973.99439890342,2930.1694751689,3149.84161723929,3050.28363793306,3206.95933607479,3287.49530047309,14.1077837199891,11.2514660799429,2913.17903137755,3071.65299410857,3101.85982739729,3127.73079357636,3113.71301733866,3046.93314918082,2999.40244282629,3049.25778337013,3109.59546054542,3044.31156261998,3159.48983247728,2959.32887568033,3189.45483776149,3207.8011359011,3184.83584821796,2926.33268133886,3258.75020560695,3391.26674577325,3356.60835789666,2666.19148977349,2968.50832064649,3024.82141773001,3426.29798984903,3148.91451365344,3145.27407621869,2869.96581657724,3211.82366691631,3237.005137483,2815.50996564546,2985.48705994111,3067.57910897773,3276.48837753969,3055.20372039858,2986.07851583114,-2.11426567827402,1.31904663707064,2654.66597914583,2778.05548842077,2871.5714983728,2814.62912172492,2826.23795842893,2943.68406246354,2873.66526691525,2617.79516508791
,26,3246.31781351119,3405.22053080701,3282.13817129441,3229.67711022568,3168.62172837214,3222.72943022761,3330.30376172016,3147.8496212193,1544.73194472355,1569.36483005785,3504.60174268272,3394.17571743538,3443.34441161163,3463.44912900723,3455.20844683055,3497.79427196417,3245.94269649883,3300.47046252973,206.938896230638,219.653245027904,3320.06648531106,3262.69825760156,3468.00104814131,3355.70657808669,3436.36526609627,3517.49520101212,33.3031377555262,34.4615799951366,3210.08372012088,3386.62774418174,3426.9657328553,3442.42553461533,3418.75654878972,3368.46894887013,3315.7748372318,3379.898268846,3459.78181162811,3407.57669077733,3479.8243954915,3274.29500435962,3499.39496587621,3530.98327525418,3436.88627510921,3315.26195736429,3490.42657329251,3647.69259833634,3513.68145147473,3109.15639059382,3299.69976100554,3366.95925120648,3662.68892014061,3391.26673125977,3390.60407910191,3273.47448876203,3385.5587323463,3482.50660898528,3114.23231626823,3317.92811380226,3299.11804377523,3550.20998521726,3408.54544445428,3336.94383318316,11.3379142553686,9.30583584769829,2957.80028729937,3101.35200697236,3162.11083650711,3099.34960449756,3147.3448062595,3288.58224119064,3247.94665928365,2918.1088004888
,27,3405.33884102195,3566.77673450526,3462.45767611561,3410.25891773104,3422.49418504771,3472.28638003244,3537.27999637408,3355.31954388323,2091.79752058297,2133.79398605036,3671.99031562311,3569.12113349731,3632.63201760939,3663.54971825303,3656.69983515546,3707.4547210341,3421.64769025914,3510.62860487372,412.566380251682,429.101018720372,3556.38612033889,3489.13237672624,3686.97398883103,3564.51876248327,3587.08644573398,3672.49703661477,90.8237373953511,92.6685204575901,3414.11975904235,3602.38830827318,3648.07215515997,3669.61173694924,3621.84818825426,3582.14907357475,3531.37409767746,3606.1129331974,3700.81395387165,3661.12625709846,3698.25021401432,3491.4135235491,3710.71469847602,3751.84291834954,3605.26977057185,3587.43551661891,3648.29117814992,3823.34845756453,3626.83025297351,3433.67503447176,3530.83904677111,3601.84805012942,3827.92149178059,3566.51409847403,3557.14413892473,3560.19893619875,3510.19458245322,3649.27355275901,3322.84029126244,3545.73758702691,3456.45420792943,3734.46638167155,3649.96222331578,3576.73811502276,31.3853299930279,27.1717540637524,3168.36232426453,3323.39428426791,3360.23947268316,3293.52521613928,3369.419855649,3527.80215187403,3507.62416253707,3125.23488190175
,28,3513.84457534012,3674.82185566309,3588.4725498931,3538.05511230742,3593.51271702688,3638.6310923576,3680.38508956936,3500.22320694701,2611.07828204157,2671.0140522505,3796.37382030304,3697.73445442041,3769.34540824467,3806.14907704691,3802.15676610339,3857.65514811449,3541.54657925892,3655.0828462502,748.967595646487,787.602711862013,3719.42129762127,3644.1963752084,3838.57645022513,3711.86735622739,3695.04541578872,3782.00926308394,165.272997543055,163.933499983706,3554.7089116222,3750.26389486973,3804.23233951927,3838.37558681288,3760.80610278542,3727.32009811044,3682.44077361374,3763.66222334161,3866.68323575429,3834.15766515624,3850.51452341869,3646.0971087347,3858.53024278964,3909.81841483109,3723.88083276492,3768.01664560016,3766.48112726231,3950.73629771803,3714.95951011719,3655.52848831656,3686.21098709255,3760.28540317115,3951.7684340367,3706.53905038527,3678.94754222189,3749.33328509738,3609.08829004488,3773.74809483332,3465.94765029631,3702.0979939807,3574.26369242423,3869.4465107885,3816.75046396182,3739.03000154551,54.9544243735372,53.2575452277997,3311.2754859577,3472.6743586545,3499.59555256481,3428.7303342544,3518.74999991745,3690.19895393963,3682.39070079891,3263.67538407159
,29,3577.07247007582,3741.67519233435,3683.32072842297,3632.2164580097,3711.1756149206,3754.74510875377,3780.69391823555,3595.19670952557,3031.92348928164,3105.42845080403,3884.08532314286,3787.05076309663,3863.36221832633,3907.56149667495,3902.90657613257,3960.87817197429,3628.13616893241,3756.45019130958,1180.75221232617,1234.19854637001,3826.66207449251,3745.67792877333,3936.73064136939,3808.83054532101,3773.34580564796,3860.82014224535,292.064507094115,295.173156264979,3649.54434379795,3852.86634881179,3906.75470693216,3952.71523037755,3856.91626494767,3828.44327988542,3784.41103512482,3869.89111353839,3977.12472576757,3946.82702318976,3952.88532372996,3742.74504146935,3956.64365371557,4013.21060215376,3806.76145765714,3887.14727546302,3848.80010323963,4041.80319429434,3779.04945748941,3795.3594859972,3790.87729886092,3868.54069111628,4037.19092877732,3787.64154804087,3761.039395772,3875.64662301929,3676.91790657493,3859.99252864516,3563.14002860366,3806.62801228224,3654.65147630035,3961.2771664158,3927.97323075066,3845.91454076801,95.9162596202368,95.2689769142721,3409.50886318433,3570.98341346382,3596.30721406231,3520.20049018829,3615.79411646845,3796.17806393774,3795.42825065656,3360.42898653567
,30,3617.71131503264,3781.39921396286,3752.75632945402,3701.31176940099,3792.71355239013,3835.71568884105,3858.75178607327,3668.86387655422,3348.69966157108,3434.08273357164,3953.46293086902,3859.9928449851,3940.61539085786,3988.82768490768,3983.19498270092,4043.23809185853,3695.2208243885,3831.66663393116,1722.23308962426,1780.52111853591,3910.90733955546,3828.2686565737,4014.9662100383,3885.2529275883,3834.95783668448,3917.24477880554,546.982154017144,561.345127817323,3723.74226404411,3931.01626012391,3988.50343130076,4036.58723357334,3932.7596058495,3904.52945789814,3866.10475615147,3953.93315212661,4060.05936921847,4032.09472783935,4031.59138874556,3816.6207083674,4030.02269703672,4089.2043274132,3872.06959587783,3976.48594739908,3916.4875769509,4110.37189776269,3824.70941489595,3893.65271074234,3864.64637522665,3946.29722875385,4101.22012469943,3847.67175427706,3824.20780288238,3962.73091297451,3728.5074811061,3925.92449255286,3637.05179251356,3888.40985307404,3717.70376222139,4031.13938090614,4012.34538318147,3927.75353213337,165.603618950532,171.367493408264,3477.39561565257,3641.45801352552,3664.98548369209,3585.93585868635,3683.19414624811,3869.79616737926,3876.6403864044,3431.35109773739
,31,3626.10184562834,3791.35809542508,3794.83981698015,3743.6182071508,3845.54695636115,3886.42529140611,3911.54146415723,3716.42700308555,3552.23210996505,3644.93993831284,3995.72865989265,3899.53461883309,3984.48317540009,4038.82100580803,4031.33058863467,4091.0125016091,3744.05453557843,3884.19571011378,2288.99757924696,2345.80659937427,3967.46145188341,3884.11945124302,4061.80515845433,3927.95265399902,3873.29419893624,3954.40216688596,885.025208239801,909.647256369697,3769.55410122938,3982.53389421895,4035.04082211388,4083.25476027191,3987.34267097727,3959.80469713697,3917.3934161301,4009.53833077307,4109.26226769039,4083.59060349567,4080.55850046302,3860.83799663477,4072.27955931593,4128.45843296714,3914.33150482333,4040.37779111792,3954.34113632066,4148.27452770013,3845.91821501506,3958.35344526597,3909.56337424022,3996.32761298474,4135.56081788669,3875.25318728718,3856.35496600343,4025.38255096421,3755.63882482987,3966.81980544858,3686.17621393863,3942.26087796927,3755.0463085072,4073.05577376,4069.40761160103,3983.98298883822,280.638067291345,295.51977002772,3526.22551165179,3690.62364074391,3713.19219054491,3630.85733477399,3726.98760326893,3922.27020657142,3935.19756802888,3481.3885806234
,32,3629.45584729089,3794.72257455765,3822.67057070993,3771.21517601346,3881.75613452657,3922.86120061743,3948.09379232749,3752.68800245548,3682.79892228245,3784.32227214997,4024.96746328929,3928.71118572037,4016.88805305571,4072.67886525211,4065.78178030359,4125.86730697819,3775.45573356178,3917.02817238451,2812.42239872785,2863.50034154108,4006.63330911404,3929.235510758,4100.75187113008,3964.59514287874,3902.61905083336,3982.43673305348,1347.54932525544,1382.73228794104,3806.10943001116,4021.46582448923,4072.34844570515,4124.05185525472,4027.55905025203,3997.46712764472,3960.35076265857,4052.10670996462,4148.10979550343,4124.3199818879,4115.72531685168,3896.23986216953,4104.08396385645,4159.46989530882,3945.35553212206,4088.25666098482,3984.33951241776,4178.00440154776,3866.08892446164,4012.63865538862,3945.50120976447,4034.59817775631,4163.72106187367,3901.78454592129,3879.85130313684,4069.6611272409,3777.83027983616,3999.49300884635,3727.20276190229,3986.53622893497,3789.18829689918,4105.84116777791,4112.83708480417,4028.06323139218,526.945589040583,562.893513609735,3567.75272634952,3731.92456036864,3756.66857557067,3668.7024282692,3762.86720022256,3962.60645026085,3981.14037230584,3521.71135556872
,33,3634.45319226201,3798.33475491262,3847.73655405277,3796.59242919612,3911.32726929885,3949.79707366052,3979.16118275445,3779.85259902932,3771.43730982967,3877.43856068047,4049.2804122683,3956.32473582387,4043.78865458024,4099.34974857036,4093.73635296995,4153.87287515891,3801.67914991757,3942.82511315364,3241.01983938748,3285.49270881941,4041.68721344953,3964.23198724749,4132.67220034233,3995.94824484213,3923.72954500989,4005.52263931908,1889.87330839693,1940.96688399883,3834.20793988265,4051.58908788179,4102.1938547018,4153.00372704554,4058.91267315247,4028.89942396023,3999.736671615,4088.73602693408,4185.46909600365,4159.52112509207,4148.48392634695,3932.45640591666,4132.63205868534,4189.41324287809,3971.05565002778,4123.90744119281,4009.19394184755,4207.39283621378,3888.46301965168,4055.11138026371,3978.35405278481,4067.63000412766,4195.01632491668,3927.61429684755,3903.40440138865,4106.2701874123,3802.90472607489,4032.07593466039,3760.86142102068,4024.20432670581,3819.05257709734,4141.47930990388,4154.53659414489,4071.1510192879,859.889617790322,921.864008161447,3603.29715532314,3767.50138170944,3794.81525413133,3706.36531729728,3800.81261872891,4003.75243623272,4028.03426799952,3555.05696286889
,34,3651.04371243309,3816.60990573951,3882.55038351884,3832.78905833459,3950.7451925454,3990.38372118528,4011.74469119316,3810.05679338822,3837.50176017671,3948.72308922517,4082.56893740772,3988.56875493214,4081.5669352753,4135.24610520152,4130.06413221906,4193.99323630224,3825.79256179147,3966.15738382571,3567.13592117353,3604.80777920688,4079.24300854158,4001.17122710923,4171.75621236619,4033.63082174435,3946.88903984058,4028.77999362423,2443.91824404617,2514.12263231569,3869.525356151,4087.95931488254,4138.37541883798,4188.81420663059,4087.41459706685,4055.18561898319,4042.7593885217,4129.94859849458,4225.20250078445,4204.91705209047,4188.02413973228,3969.92006350561,4167.52075535441,4228.86004285998,3999.50067098257,4152.88884438073,4041.97193397262,4243.80444019382,3916.52284275657,4098.73930893873,4016.64414741687,4107.02618855281,4231.73695828505,3963.14992266879,3935.05867917591,4139.56206175485,3832.54570983053,4067.59405330162,3800.13635131447,4068.10937687503,3853.35566228656,4178.75242501698,4195.65638042924,4113.77159356921,1316.61317615502,1409.6188356586,3636.37310326464,3803.75051566527,3828.96143433986,3741.15814787472,3837.37666902135,4040.6714645058,4069.61656202443,3589.38971161392
,35,3664.12048173663,3834.63039594267,3917.97408915796,3870.65991637561,3994.09060919749,4032.3340821816,4042.08320447273,3838.27085496722,3880.96546340095,3997.10831990864,4116.08340724432,4011.90684669618,4114.24252138647,4168.97967827611,4163.54610739073,4233.25772734068,3846.48599386215,3988.00154220942,3816.64831770547,3849.16259509867,4110.63677218043,4031.1744788338,4201.30823191917,4058.06809479528,3965.17698964906,4046.29904783395,2968.32847670981,3059.54678687269,3898.86944323295,4118.70885040059,4164.59357364476,4211.88174505735,4108.38137940773,4077.68532133936,4075.27845180839,4163.0503093073,4253.85765001612,4241.40635274961,4220.94641564027,3994.56894035308,4193.55362518977,4256.26490539933,4022.36915311896,4172.7224985095,4066.60054389095,4269.40047849115,3931.71287352364,4129.3621447848,4044.91869782511,4137.20356681245,4256.30271776612,3987.13737436486,3956.79039095683,4164.95132564625,3853.90402969276,4096.83398166144,3832.22473631051,4103.51352852517,3876.09333684771,4207.01978501136,4228.53888019018,4149.65056137515,1853.38676224215,1978.17111114835,3662.12408963764,3834.4237559871,3851.92710866577,3768.13585825448,3863.49332860651,4070.296306476,4099.93497495624,3614.70931554864
