,Temperature,A1,A2,A3,A4,A5,A6,A7,A8,A9,A10,B1,B2,B3,B4,B7,B8,B9,B10,C1,C2,C3,C4,C7,C8,C9,C10,C11,C12,D1,D2,D3,D4,D5,D6,D7,D8,D9,D10,D11,D12,E5,E6,E7,E8,E9,E10,E11,E12,F3,F4,F7,F8,F9,F10,F11,F12,G5,G6,G7,G8,G9,G10,G11,G12,H1,H2,H3,H4,H5,H6,H7,H8,H9,H10,H11,H12
,60,7662.94263108543,7875.07450795922,7479.50056947558,7684.74067715129,7726.48745198405,7553.41992792474,7864.60956071044,7719.00127968975,7914.58754340289,8043.72248588721,7633.28971944086,8116.97323617712,7678.71164204902,8114.64263127088,7932.16293388335,8180.76854719753,8127.84347555553,8173.01933957631,7595.62785697922,7823.10328484345,7990.19998520849,8057.60353336891,8133.89107823748,8225.84915322783,8099.53273011752,8231.19783529203,8056.45627109005,8120.34887350789,6204.34052530764,6631.05397108389,7844.34535501635,8071.99434353257,7947.49619805293,8122.62684206504,8130.10517193121,8240.21046580544,8202.87314798872,8130.32161565091,7942.75676632728,8073.65463200228,8099.98062393459,8338.71802110831,8284.59187724037,7866.19254276052,8010.87942823323,8336.62860390894,8275.05626530328,8066.17230089036,8146.33138818405,8375.15599084269,7880.54966884519,7897.1215194147,8376.34443305365,8042.97010596363,8093.20287376339,8169.75178613754,7774.93352150792,8106.07423606328,7842.74194959077,8160.78321009515,7998.33391407405,7996.93249429993,8231.27810460977,7867.00104920649,5300.61383112111,5420.04198880712,7320.26843951464,7524.72095078753,7784.093563823,7613.41189720698,7823.51632832659,7789.47577345353,8542.40757006526,7910.39838731696,7436.53287962808,7974.46567735421
,60.5,7626.7278204863,7829.56781113984,7438.70997864912,7642.69727160299,7682.11358950413,7512.5225554217,7819.81414519882,7676.57515799245,7869.53862614043,7994.92131828162,7597.48070368255,8068.40166561035,7635.44455129236,8067.50871459889,7881.622452091,8134.0851877994,8085.70090187184,8126.30705510115,7551.49701116794,7773.82815400606,7943.81876656022,8010.46438713651,8088.55858695508,8179.16393515401,8058.98022097473,8184.6672021143,8014.91814657256,8079.99843113733,6154.96737612947,6575.55633280618,7800.94867043585,8027.21010130202,7905.66883754831,8085.65150649473,8081.61399657698,8202.80042887094,8157.91683353967,8085.4639035016,7905.3288257794,8034.88358901446,8066.83562063807,8290.41365386388,8237.52918620308,7824.96305219901,7975.1472878077,8291.04342622972,8232.19223966158,8027.71879014131,8098.12245813929,8325.26148878153,7847.57005500245,7851.73043523611,8328.12602808202,8000.00497940659,8051.00331553271,8128.53217733999,7730.01650341829,8058.90322649373,7798.47468278733,8112.69145536702,7951.70593515771,7951.58939290688,8181.04534763917,7827.8770790826,5251.8959491511,5365.95503198704,7279.11369147979,7481.30225710592,7739.78391253796,7572.5160303012,7778.71234879578,7744.83572883816,8512.37838036399,7863.68865737234,7393.63233704632,7935.56851626999
,61,7590.51300988716,7784.06111432045,7397.91938782266,7600.65386605468,7637.73972702421,7471.62518291865,7775.0187296872,7634.14903629516,7824.48970887798,7946.12015067602,7561.67168792423,8019.83009504359,7592.17746053571,8020.3747979269,7831.08197029866,8087.40182840126,8043.55832818815,8079.59477062599,7507.36616535666,7724.55302316867,7897.43754791196,7963.3252409041,8043.22609567268,8132.47871708019,8018.42771183194,8138.13656893658,7973.38002205508,8039.64798876676,6105.5942269513,6520.05869452847,7757.55198585536,7982.42585907148,7863.84147704368,8048.67617092442,8033.12282122274,8165.39039193644,8112.96051909062,8040.60619135229,7867.90088523152,7996.11254602664,8033.69061734154,8242.10928661945,8190.46649516578,7783.73356163751,7939.41514738218,8245.4582485505,8189.32821401989,7989.26527939226,8049.91352809454,8275.36698672037,7814.59044115972,7806.33935105752,8279.90762311039,7957.03985284956,8008.80375730203,8087.31256854244,7685.09948532865,8011.73221692417,7754.2074159839,8064.5997006389,7905.07795624137,7906.24629151384,8130.81259066857,7788.75310895871,5203.17806718108,5311.86807516696,7237.95894344493,7437.88356342432,7695.47426125292,7531.62016339542,7733.90836926496,7700.19568422278,8482.34919066273,7816.97892742771,7350.73179446456,7896.67135518578
,61.5,7554.29819928803,7738.55441750107,7357.1287969962,7558.61046050638,7593.36586454429,7430.72781041561,7730.22331417559,7591.72291459787,7779.44079161552,7897.31898307043,7525.86267216591,7971.25852447683,7548.91036977905,7973.24088125492,7780.54148850631,8040.71846900313,8001.41575450446,8032.88248615083,7463.23531954538,7675.27789233128,7851.05632926369,7916.1860946717,7997.89360439028,8085.79349900636,7977.87520268915,8091.60593575885,7931.8418975376,7999.2975463962,6056.22107777313,6464.56105625076,7714.15530127486,7937.64161684093,7822.01411653905,8011.70083535411,7984.63164586851,8127.98035500194,8068.00420464157,7995.74847920298,7830.47294468364,7957.34150303882,8000.54561404502,8193.80491937502,8143.40380412849,7742.504071076,7903.68300695665,8199.87307087128,8146.4641883782,7950.81176864321,8001.70459804978,8225.47248465921,7781.61082731699,7760.94826687893,8231.68921813877,7914.07472629252,7966.60419907135,8046.09295974489,7640.18246723903,7964.56120735462,7709.94014918047,8016.50794591078,7858.44997732503,7860.9031901208,8080.57983369797,7749.62913883481,5154.46018521107,5257.78111834688,7196.80419541007,7394.46486974271,7651.16460996789,7490.72429648965,7689.10438973415,7655.55563960741,8452.32000096147,7770.26919748308,7307.83125188279,7857.77419410156
,62,7518.08338868889,7693.04772068168,7316.33820616974,7516.56705495807,7548.99200206437,7389.83043791256,7685.42789866396,7549.29679290058,7734.39187435306,7848.51781546483,7490.0536564076,7922.68695391007,7505.64327902239,7926.10696458293,7730.00100671396,7994.035109605,7959.27318082077,7986.17020167567,7419.1044737341,7626.0027614939,7804.67511061542,7869.04694843929,7952.56111310787,8039.10828093254,7937.32269354637,8045.07530258112,7890.30377302011,7958.94710402564,6006.84792859496,6409.06341797304,7670.75861669436,7892.85737461039,7780.18675603443,7974.7254997838,7936.14047051427,8090.57031806745,8023.04789019252,7950.89076705367,7793.04500413576,7918.570460051,7967.4006107485,8145.5005521306,8096.34111309119,7701.27458051449,7867.95086653113,8154.28789319206,8103.60016273651,7912.35825789416,7953.49566800502,8175.57798259805,7748.63121347425,7715.55718270033,8183.47081316714,7871.10959973549,7924.40464084068,8004.87335094734,7595.2654491494,7917.39019778507,7665.67288237703,7968.41619118265,7811.8219984087,7815.56008872775,8030.34707672737,7710.50516871092,5105.74230324105,5203.6941615268,7155.64944737521,7351.04617606111,7606.85495868285,7449.82842958387,7644.30041020333,7610.91559499204,8422.29081126021,7723.55946753846,7264.93070930103,7818.87703301734
,62.5,7481.86857808975,7647.54102386226,7275.54761534332,7474.5236494098,7504.61813958443,7348.93306540954,7640.63248315228,7506.8706712033,7689.34295709057,7799.7166478593,7454.24464064928,7874.11538334331,7462.37618826576,7878.97304791104,7679.46052492168,7947.35175020685,7917.13060713705,7939.45791720055,7374.97362792277,7576.72763065651,7758.29389196714,7821.90780220686,7907.2286218255,7992.42306285879,7896.77018440357,7998.54466940331,7848.76564850264,7918.59666165515,5957.47477941684,6353.56577969528,7627.36193211378,7848.07313237988,7738.35939552977,7937.75016421342,7887.64929516007,8053.16028113292,7978.09157574346,7906.03305490441,7755.61706358784,7879.79941706315,7934.25560745204,8097.19618488619,8049.27842205393,7660.04508995295,7832.21872610563,8108.70271551282,8060.73613709489,7873.90474714517,7905.28673796022,8125.6834805368,7715.6515996315,7670.16609852173,8135.25240819556,7828.14447317845,7882.20508260991,7963.65374214972,7550.34843105983,7870.21918821555,7621.40561557356,7920.32443645446,7765.19401949237,7770.2169873348,7980.11431975679,7671.38119858705,5057.02442127105,5149.60720470669,7114.49469934037,7307.62748237944,7562.54530739783,7408.93256267815,7599.49643067253,7566.27555037677,8392.2616215589,7676.84973759387,7222.03016671931,7779.97987193302
,63,7445.65376749062,7602.03432704288,7234.75702451686,7432.48024386149,7460.24427710451,7308.03569290649,7595.83706764066,7464.44454950601,7644.29403982811,7750.9154802537,7418.43562489097,7825.54381277654,7419.1090975091,7831.83913123905,7628.92004312934,7900.66839080871,7874.98803345336,7892.74563272539,7330.84278211149,7527.45249981912,7711.91267331888,7774.76865597446,7861.8961305431,7945.73784478497,7856.21767526078,7952.01403622558,7807.22752398516,7878.24621928459,5908.10163023867,6298.06814141757,7583.96524753328,7803.28889014933,7696.53203502514,7900.77482864311,7839.15811980583,8015.75024419842,7933.13526129441,7861.1753427551,7718.18912303996,7841.02837407532,7901.11060415552,8048.89181764177,8002.21573101664,7618.81559939144,7796.48658568011,8063.1175378336,8017.8721114532,7835.45123639612,7857.07780791547,8075.78897847564,7682.67198578877,7624.77501434314,8087.03400322393,7785.17934662141,7840.00552437923,7922.43413335217,7505.4314129702,7823.048178646,7577.13834877013,7872.23268172634,7718.56604057603,7724.87388594175,7929.88156278619,7632.25722846316,5008.30653930103,5095.52024788661,7073.33995130551,7264.20878869784,7518.23565611279,7368.03669577237,7554.69245114172,7521.6355057614,8362.23243185764,7630.14000764924,7179.12962413755,7741.0827108488
,63.5,7409.05403187005,7557.00895808723,7194.7883296686,7390.99138015075,7417.09211116647,7267.86472470544,7551.79058967539,7422.58720519597,7600.31903975288,7703.19416640534,7381.87644890482,7777.59874649146,7376.83197255133,7786.18222413849,7578.95668560142,7854.99865552793,7834.34090212979,7847.32968300258,7289.26527892676,7480.68936961474,7667.00622242433,7729.21105822584,7818.79573137031,7900.58190661679,7816.71911213562,7907.77870742539,7767.24307228659,7838.57640399104,5864.73666781964,6248.70037500442,7541.34549919671,7759.36037433098,7656.47979613836,7864.70935006257,7792.29677831169,7978.76389211621,7889.29621290339,7817.67881400555,7682.12350859371,7803.38023277356,7867.37390106177,8001.71522490094,7956.78065535842,7579.06508430187,7764.17045424976,8019.31276820655,7976.82427384245,7798.26056876943,7809.82059121298,8027.19132267864,7648.29097089398,7580.60872739995,8039.61705577707,7743.80006495727,7799.3214298232,7881.93467068068,7461.88696259509,7778.04555653099,7535.02267865397,7826.02283523524,7673.72430666454,7681.63845019833,7881.49672805215,7594.30571555963,4967.67915068669,5049.76475815994,7033.47167045665,7222.33410539897,7475.10965864438,7328.65295520486,7511.62598735947,7478.62129550663,8334.26689424711,7585.27002284165,7137.94948579078,7703.68788390439
,64,7372.57832208234,7512.61738208172,7155.82740806066,7350.86055962231,7375.52782106655,7228.89107620613,7508.39469242977,7381.70436716748,7558.08811906149,7657.29628234572,7346.70365286516,7730.68473261641,7336.352273454,7742.59941162495,7530.30045135006,7811.47774381703,7795.4363136603,7804.24837788122,7250.65640128218,7436.24296570094,7624.26608857256,7684.98306131661,7777.26956819358,7856.00131648335,7778.32606734864,7865.21195570678,7728.54417685945,7800.59861311524,5827.13369050797,6205.2159153348,7500.03061400238,7717.22340578059,7617.77163307718,7829.95053453157,7746.70127167406,7943.5335282527,7846.1308930003,7775.22377587237,7648.043093966,7767.21239632391,7833.85780093474,7956.01222793768,7913.23090443878,7540.68731351379,7736.15763069174,7976.91537545794,7937.73969378724,7763.12525957779,7764.49010629941,7980.05674213521,7613.27424490675,7538.05378044539,7993.39207825468,7703.52549126859,7760.04011731226,7843.55529296564,7420.60575058326,7734.92399140236,7494.97671145008,7781.51089842663,7630.95312484362,7640.3862204265,7834.53042428205,7558.38262608303,4933.92844496761,5010.67808963382,6995.26937138475,7182.10308225718,7433.56396181438,7289.94189158152,7470.34850879218,7436.67396376716,8308.61899731653,7541.73929651583,7097.87852521249,7667.84926445848
,64.5,7337.8509481023,7469.33883640954,7117.6838991542,7312.2256204121,7335.2669310585,7191.02474663228,7465.75415674296,7342.1305271036,7516.81234986905,7612.46388979702,7313.56532644912,7684.94159331414,7297.50490163375,7700.22484307966,7483.00727194212,7768.84835117174,7757.99147160175,7762.7646739765,7214.56705206427,7394.52444690465,7583.50318572789,7642.75014174663,7737.56746166161,7812.4941822053,7741.39983557399,7824.39032653755,7691.68182920718,7764.39394775458,5794.27527238833,6166.8424129975,7460.37476715241,7676.71617152921,7580.29456495779,7797.05784623705,7702.85817050687,7909.90223109259,7804.09118315909,7734.43858103037,7615.99427843389,7732.6148752693,7800.75898958452,7912.13014495696,7871.89457900526,7503.94011329049,7711.36567738627,7936.18704371286,7900.10005318793,7729.80101910568,7720.77326918192,7934.96824511383,7578.15742497894,7497.02378308111,7948.9809095333,7665.36902829018,7722.42051605166,7807.41615551995,7381.46819988533,7693.36391179402,7457.0977825395,7737.90051545173,7589.44832605369,7601.1891804144,7789.73604831109,7524.30928943714,4905.68595866519,4977.39802406345,6958.09477121072,7143.39255617097,7392.98034709804,7252.75459985033,7430.45541824943,7396.25367954804,8285.11358448693,7500.04983683466,7059.73984445947,7633.35869955333
,65,7302.78030485288,7426.87701865836,7079.64822696326,7274.51047132471,7295.73415971558,7153.64330067297,7423.53675329884,7303.40458836182,7476.11169429982,7568.44675293704,7281.60605060649,7640.99748676827,7259.70934539923,7659.12267537228,7436.11691124975,7726.99512468735,7721.3976137411,7722.56916049065,7180.1656435956,7354.40962222798,7544.10974763561,7601.58121681059,7699.02103500777,7770.10636705597,7705.37381489738,7784.64210353821,7656.47698523449,7729.23790473908,5765.11866209371,6132.48849703052,7422.09545716581,7637.64903641933,7544.19563759923,7765.71178372199,7660.75492291388,7877.36515176,7763.41408518785,7695.40506467141,7585.35595992249,7698.56078056834,7768.25277978658,7870.28879451266,7832.78360983586,7469.37957983422,7689.2225522781,7897.15002347363,7864.66763816678,7697.61560032558,7678.50271055741,7892.21333661503,7543.64972439135,7457.92334326148,7906.45158827045,7629.56249834952,7686.13020624764,7773.98628021183,7343.66794291513,7653.75721937279,7421.44998251231,7696.59288387223,7549.84347740235,7563.68504128785,7747.48946291948,7491.45340857739,4882.59912846108,4949.16681641007,6922.17854920037,7105.98577605065,7354.14886769274,7216.91194801408,7392.5890641772,7357.37203285963,8264.87584690412,7459.80816018,7022.766897625,7599.48284382313
,65.5,7269.52207772165,7385.95699674551,7042.46421338229,7238.422743095,7257.92149737521,7117.34586845632,7382.59557297531,7265.86672244369,7436.08739729637,7525.90307508011,7250.26391842068,7599.50321762412,7223.48963425761,7619.49615559208,7390.02187837284,7686.42516350681,7685.42464142342,7683.11409854689,7147.6116171235,7317.18737610228,7506.19627391417,7561.97273689749,7661.6512575689,7729.28035865596,7669.73457741004,7746.0755930156,7622.05734221233,7698.70055720309,5739.51025500924,6101.77842482372,7386.22577950943,7600.31634183519,7510.16444781638,7735.84439718587,7620.51225252293,7846.68035024416,7724.19042663061,7657.46591900479,7555.76907659671,7664.72126071688,7736.1100801734,7830.20482343982,7795.33484365096,7435.81477673056,7666.25860121174,7859.3445207532,7830.49383501311,7665.63091116488,7637.45372762191,7851.30673861264,7509.50868790459,7420.00449585221,7864.88363538593,7594.5094737791,7650.71913716179,7745.41495780315,7307.46459256804,7615.61710528254,7387.27119280266,7656.53729770365,7511.83042117363,7526.99898544802,7706.65167823759,7459.51654037549,4863.05291413331,4924.99163367447,6887.40514072697,7070.00658032186,7316.71434687241,7182.15048817781,7356.04616825928,7319.69536772489,8247.42826504196,7420.60050997617,6986.69893818834,7565.89365249358
,66,7236.38384967364,7346.13619989093,7005.28375385416,7203.22495357267,7220.16979297951,7081.90943527625,7342.48664967914,7228.62877672027,7396.20659301745,7483.870958406,7218.79309759809,7558.76082677861,7187.71653203806,7580.26485922778,7344.00149632288,7646.07591999957,7647.99574219984,7643.13960800265,7115.81359682224,7281.05938146383,7468.87131896323,7522.89613228604,7623.65957670722,7688.72515523826,7632.9124871657,7706.71320434004,7586.46236404301,7672.27510920696,5716.40184988746,6073.80482586095,7351.23416730851,7563.9897842992,7476.66737174129,7705.63905918589,7580.50485566308,7815.92290412974,7684.45058672151,7619.75942597576,7526.26596518928,7629.3988962178,7701.73692645923,7790.39394754065,7757.18062094846,7401.87251980899,7639.30736707081,7820.69666841989,7795.14471442885,7632.01262667499,7597.76116617779,7810.70319785599,7473.94955102756,7382.5920178505,7823.95598570834,7558.34863817776,7614.27206872317,7721.43562430981,7272.29148507837,7577.75476457098,7353.38321628542,7616.54127532636,7474.80838124303,7489.76256230483,7665.90113725136,7426.23723534129,4845.30498385763,4904.18890099325,6853.57661410993,7034.66583543614,7280.16841553061,7148.13464231994,7320.37235750183,7282.27190077368,8232.9043679043,7381.82508947304,6951.05592343066,7530.46891638367
,66.5,7202.07822248195,7307.405105527,6968.43913356641,7168.24586827557,7181.91358456619,7046.99096792475,7302.42695224863,7191.50708249179,7355.89723731561,7441.6109420456,7183.85369855111,7518.05830634246,7151.34731890423,7540.50123736485,7297.77382642567,7604.75665511959,7607.30761079031,7601.20192565812,7083.11395692409,7244.20441501612,7430.28799979113,7483.72421208981,7583.04538545416,7647.55403730237,7592.72521742328,7664.79173497263,7547.54747726497,7647.26987592999,5693.91954916632,6047.03278028967,7315.53794204788,7526.58811299795,7442.32537724147,7672.48348109775,7539.71604589035,7781.77668458066,7642.80549583025,7580.25417550666,7493.55187334689,7590.16283683727,7663.77955451518,7749.3399294792,7716.64411029783,7365.65017624666,7606.11466420949,7778.98858015992,7755.90391657012,7593.45546586786,7557.1735906146,7769.34766278881,7434.06984912727,7344.06714798788,7781.80997556782,7518.97314298188,7574.49983025281,7698.38494219413,7235.38869332805,7538.01801482607,7317.48968752,7574.69427452091,7436.23270396968,7449.48256685955,7623.57029878278,7388.3383695846,4828.22414763196,4885.91663643901,6819.21227293852,6998.44693305933,7242.17782014308,7113.04483279932,7283.26546840348,7243.82546557045,8219.61455152156,7342.22297200312,6915.44321033512,7490.19177115784
,67,7164.36922350134,7267.49347874908,6930.50698643207,7131.54631916662,7141.65148998007,7010.53180402255,7261.0287785766,7152.81745094331,7314.26229403292,7397.92582995959,7141.9108593899,7474.77206387218,7111.71203793657,7498.30040285976,7250.36574197764,7560.61673842709,7560.65277783941,7554.80586112798,7047.17643385657,7204.27223816841,7388.12907115107,7441.53462083304,7537.22684208123,7602.89077298893,7546.31199841987,7617.83278284117,7502.55357310865,7620.42171677347,5670.31546694028,6019.48066565792,7276.00510376845,7484.98968621188,7404.16559606636,7632.90513606909,7495.33565317177,7740.86926507251,7596.23996442745,7535.32189435507,7458.1573718749,7543.79215801981,7617.51740363179,7703.46072395303,7670.45215831878,7323.64036200255,7563.41034728566,7731.21847971457,7710.14646239532,7547.0986830335,7513.1340027681,7723.50268689264,7386.57056758209,7301.88318848958,7734.83402842493,7472.79338282904,7528.11761419187,7672.96609185244,7194.35315307465,7494.17946967272,7276.66324161158,7529.25619118769,7394.33866657875,7403.47408522786,7576.50334310364,7342.99600394922,4809.95325419601,4868.76269698393,6782.25013894679,6958.99591899989,7200.20885285024,7073.99699172954,7242.06195940529,7201.11085161343,8204.68670251693,7298.81474984443,6877.11540131441,7442.00990587478
,67.5,7120.31412968679,7223.81592040936,6888.70230368612,7090.4094171436,7096.8411226001,6969.95352268738,7215.23882322872,7109.76624112855,7267.94351703025,7350.06027441893,7090.9384714119,7426.08108098453,7066.27109167544,7450.25454361588,7200.95912957743,7510.71893184705,7504.99256011818,7500.76486827193,7005.32381852881,7158.92234587943,7339.92553398886,7393.70618728579,7483.10963185484,7551.44523756036,7490.82276665112,7563.12857860674,7448.68576596308,7588.4152163075,5643.32142735542,5988.89163726975,7229.35878125185,7436.65810731428,7358.69038493056,7582.59244308707,7444.11252603795,7689.89488387844,7541.55184320101,7482.13508996559,7417.13601393972,7488.10715572118,7559.4944238579,7649.80042511916,7614.86230719542,7272.27996469069,7508.71404152494,7673.98913965184,7653.99444599836,7490.54770109722,7462.79278040527,7669.96413185842,7329.58915281459,7252.47415334613,7680.40536874038,7416.56972995636,7471.85010480186,7639.43838233736,7146.83946643071,7442.54620205193,7227.73245117047,7476.20855795178,7345.62176223447,7348.57253103812,7521.55577940955,7287.75890628177,4788.35649252932,4850.83917653212,6739.89247429433,6913.22937162587,7151.04915727918,7027.55329436414,7193.36157242774,7151.22362545226,8182.95084825823,7249.084315991,6833.99005754712,7383.92652841561
,68,7067.19229809884,7174.09586942854,6840.2373393411,7041.03641823139,7043.80435092604,6922.18087242902,7161.72939221005,7059.54314285428,7213.94362424432,7294.7796006981,7028.50449403924,7368.57298772534,7011.44043097018,7392.35395498302,7147.54321819909,7451.04997524967,7438.26404183697,7437.22893429241,6954.30756449213,7104.75295263746,7281.84559761009,7336.43750894629,7417.66487000102,7490.23199397691,7424.26767088249,7497.55845087934,7384.16111551395,7542.09139570995,5610.41322651623,5953.0590583914,7171.50799795657,7377.29076296503,7302.07606768994,7519.13062165849,7383.04630896276,7624.29746476674,7475.74427313206,7418.52170172369,7367.92345013588,7421.3398187996,7488.41862593109,7585.3606499479,7547.90972279075,7210.24618621674,7441.68207318166,7604.71725336503,7585.24072059953,7422.29338520927,7403.24945609998,7606.09084698167,7261.07878840108,7193.73642154781,7615.38744685065,7348.48584086311,7403.39049260904,7590.03430022863,7089.33450456435,7380.61790939138,7168.58773435721,7413.26109394168,7287.5135077609,7282.69961956746,7456.21046935373,7220.47954630084,4763.62356810066,4830.75107859682,6689.38603432016,6858.13224386214,7092.02895746603,6971.12855586307,7134.35199188613,7091.37644963919,8150.15006555775,7190.65062530663,6783.44551178718,7313.75176381919
,68.5,7004.15549162134,7115.93522788244,6782.65280823512,6980.86527461347,6981.30494276369,6864.33694932234,7098.02059989928,6999.92451392765,7150.16109514952,7229.89953924935,6955.73406494146,7301.69778997138,6945.20901665727,7322.54282006648,7088.73765386027,7380.1721409362,7360.22764886767,7363.04099832816,6893.65867452059,7041.57107468003,7212.07025210338,7267.6044016236,7339.78925838702,7417.44191115406,7345.36109232217,7419.96210736672,7307.99267450312,7479.26876569176,5571.30872948904,5911.3636981373,7101.20881944094,7304.64346892853,7232.44292677005,7442.13758754473,7310.55053654,7544.41548050838,7398.35774726815,7342.60786644407,7309.5494190075,7343.41391392299,7405.78912804523,7508.50120061833,7469.00382936904,7136.2140997558,7362.48283450398,7522.96463190906,7503.80251522568,7342.54615272188,7330.98151137695,7530.16365070866,7181.31630177586,7123.88977657274,7537.91818754082,7268.53182079969,7322.78669108471,7522.86451200816,7019.44555204596,7306.17917573438,7096.91263195282,7338.60156199727,7216.71843056385,7204.62053110454,7378.9437225223,7141.76093818054,4736.12468701217,4807.78778391383,6628.02283213089,6791.61708098197,7020.47517146703,6902.25223520981,7062.64329052661,7019.59134918561,8101.87081400743,7120.71062987734,6723.06612702289,7231.51576801455
,69,6931.01473267315,7047.40458355159,6712.8968066569,6907.47272519401,6907.06026877606,6794.21416766166,7022.32335361685,6928.41369785595,7073.96650927926,7152.95434986474,6875.42924033719,7225.11989050108,6866.35321514417,7239.50182197834,7021.72285677803,7296.80212184826,7270.94022267724,7276.971989414,6824.38061394918,6970.67956019843,7130.26957041752,7185.79568232098,7250.51708579469,7331.74029285366,7254.86823576507,7330.63546333158,7220.93895298094,7399.39328301518,5527.64251354757,5864.66728678761,7018.28285544734,7218.74502225448,7149.95332754052,7352.58381311881,7225.43192243766,7451.59444854118,7309.29965822459,7254.73735967976,7242.64250946412,7254.98836276184,7311.24015029734,7418.74605988376,7377.94741004669,7050.24328726811,7271.34822268005,7429.27033699242,7411.13397153959,7252.37609414597,7245.91264333657,7440.92093555947,7091.33646879517,7041.3570437267,7447.05552096988,7177.01506112197,7230.27576870235,7438.61774610657,6937.53106686078,7219.44591765515,7013.15557865537,7251.84513592474,7133.18318133226,7115.08661348067,7289.79783448002,7052.88189957837,4705.95004438071,4781.37242448886,6554.659582425,6713.10115354121,6936.621928643,6821.16136937931,6978.54425920904,6935.31133866634,8035.37044999839,7038.36319213937,6650.86470307967,7138.88511927508
,69.5,6849.40641553397,6969.22241833399,6630.26140686125,6820.80431016126,6820.63541831473,6711.41110204828,6933.73711125482,6844.02904734101,6984.13254221073,7062.79993685155,6789.66537534667,7140.06973402525,6776.11925468887,7143.16136410564,6944.30811845479,7200.84313251712,7171.38673390094,7179.75212915915,6747.77363110859,6892.8311024554,7036.8430938188,7091.68452599023,7150.07183174943,7233.77634892163,7153.20033717382,7229.74190603234,7123.64694997671,7304.054316724,5479.97505019567,5813.77868778094,6923.11117220394,7120.61176705177,7055.6522658819,7251.15681636295,7128.12324510585,7347.4016849024,7208.97509414813,7156.37084688355,7161.80783926738,7158.10252248581,7206.96468816662,7317.35877708509,7275.86525004913,6953.770877361,7170.30622178542,7324.95114250631,7308.10145618381,7153.28582137731,7148.64043678257,7339.73437033381,6992.46946431924,6947.19703696198,7344.18216804191,7075.40199306438,7127.52640778392,7338.4634386252,6844.53325037435,7121.1832838836,6918.68204586426,7152.30990629481,7037.12052127086,7015.3574745108,7189.51846907735,6955.2194151662,4674.20480185417,4751.79470124659,6470.05308561974,6623.55345082221,6841.59539538443,6728.69419730903,6882.73779244463,6840.0662476344,7951.2086078351,6944.75376553162,6567.45471620086,7037.24556911167
,70,6762.04932236906,6883.90414988982,6537.14998464241,6722.59723559946,6723.49491286301,6617.71880515219,6834.18956528207,6748.51436592059,6882.89104929787,6960.70588533949,6699.6303528074,7048.53129464427,6675.52295368156,7035.13521203627,6855.31585017235,7093.72008651484,7063.36265095442,7073.44616739269,6665.69035810025,6809.58001752988,6932.06216923152,6985.91876163095,7039.40648400976,7124.37822483208,7041.15971729537,7117.87906593559,7016.45704360798,7194.43262453832,5429.63508590878,5759.41317066595,6817.33246857186,7010.23180957751,6950.36094266135,7139.69397552074,7019.58861762314,7232.72287121848,7098.72780273546,7047.82725106513,7067.81188312217,7053.54232425509,7093.96594587169,7205.17890632679,7164.39445633245,6848.07355337792,7060.11117980564,7211.45971465711,7196.15747502874,7045.43722992415,7039.78900006033,7227.30141692622,6885.38318431369,6843.04664700206,7229.63308915328,6964.51202294711,7015.96647989467,7224.9262100906,6741.04012268386,7012.89616283852,6814.18685957887,7041.24675170812,6930.05013157636,6906.27155301467,7079.55258559273,6849.33141486221,4641.44233112979,4719.87353538562,6374.89964077194,6524.21406040532,6735.9345739282,6626.22397116222,6776.20372873807,6734.55121256101,7851.80200561775,6840.5726370512,6473.28540604205,6926.93331153141
,70.5,6670.4475871209,6791.95871493536,6433.24770494407,6613.80949057126,6616.62646603098,6513.64600567814,6724.23252611315,6642.27262796099,6770.56796171742,6846.45176957792,6608.43136498408,6952.51806082327,6565.86388007376,6917.46388594699,6754.11558725992,6976.54672441573,6947.11321791049,6958.12660581846,6580.40886106395,6722.65189674559,6817.78918417102,6869.95782849595,6919.89898359776,7004.22561043246,6919.8957983309,6996.19843986117,6899.98328785826,7075.05505133196,5378.44910513962,5703.0393776389,6702.48121062912,6890.23568616401,6835.90499589619,7019.7884692382,6900.98461745148,7109.99745942007,6979.72558724683,6929.8552852181,6962.26054032902,6942.84009211613,6972.78442315207,7083.01047530953,7043.66511583827,6733.25227785144,6941.64944603492,7089.6786945395,7076.34362001045,6930.4505945458,6920.4312374616,7104.70800656369,6771.27298935103,6729.9539229954,7104.77077929252,6845.04256931447,6896.26485118185,7102.27284612827,6628.82311385248,6895.22664063456,6700.81814165804,6919.64316915602,6812.33991362857,6788.83236755662,6960.88839349876,6736.45945132658,4607.09820087394,4685.89526077645,6270.65316235773,6416.21130969778,6620.77533128375,6514.78589981827,6660.44200338041,6619.7334033994,7739.76970412626,6726.92256809731,6369.35639983797,6809.02195523144
,71,6574.90585010714,6695.4804104083,6319.54077729507,6495.4637521933,6500.46537247691,6400.65314755389,6604.6785066679,6526.325199278,6647.75964354691,6721.28225061219,6514.91634514921,6852.68329961672,6448.21723464996,6790.80837135943,6640.35330774104,6850.07960513515,6822.94890237507,6833.92455265521,6491.8164441597,6632.04386140872,6694.32499655034,6744.89648670212,6792.09469161849,6874.16737112997,6789.72526146521,6865.01795011784,6775.23098344398,6946.71960498663,5325.72619804347,5643.91963696791,6578.63210821213,6761.2408171322,6713.29236808321,6890.78514465479,6773.15139941712,6978.81456360813,6852.23951891637,6803.43603461713,6845.69135860471,6825.66225789277,6842.37918410098,6951.25584231665,6913.97059248379,6610.3427052386,6815.24029909903,6960.00988138532,6949.37962511425,6807.84624085986,6792.27238591739,6972.83776663055,6649.63265304316,6608.50541532449,6969.67831046075,6716.92444802363,6768.35776212514,6970.72248088755,6508.88817549898,6769.55615260409,6580.00715905205,6788.75124639845,6685.95850368511,6663.61040407682,6834.48740823584,6616.3586700595,4570.74284600204,4649.66586294151,6158.62151607919,6300.56111770054,6497.31991944334,6395.64311962689,6536.2487788513,6496.98594015551,7618.11716070637,6605.54464094457,6256.68608129828,6683.50036069279
,71.5,6479.62318413325,6596.05436158887,6197.37371473513,6368.53356166829,6375.8988629248,6279.44166597963,6475.97567843255,6401.35711779846,6515.62390579796,6586.04709434312,6418.78593075614,6749.66040831495,6322.61019330442,6655.25300068172,6514.9501160634,6714.55913294053,6690.42978303737,6701.40919105122,6399.90072595015,6537.67769787914,6561.31256864692,6611.04161752628,6654.83593023966,6734.5752337197,6650.25959498767,6723.59634729236,6641.12371688073,6809.70599770997,5270.45671294331,5581.80984858131,6445.23723460949,6622.58110526658,6581.81608722126,6752.37788537225,6636.18110159973,6838.50499509812,6716.10541991999,6668.2811975862,6718.23240138096,6702.04976488202,6702.67401249482,6810.2538520677,6774.72592481786,6478.70730009532,6681.14176545007,6822.25260659195,6814.095455485,6677.24653681971,6655.29645528505,6831.71906987718,6520.15028390452,6479.6967961692,6824.9036190979,6579.74788724087,6632.23779374437,6829.96758922205,6381.16670111646,6635.98658154983,6450.87750543698,6648.12672388871,6550.99303201369,6529.95502937745,6699.84483247395,6488.2181417365,4532.63080255462,4611.57271103127,6038.78589596907,6177.53207403428,6365.10256878669,6268.01173475119,6403.06553322935,6366.13914357757,7488.52544833902,6476.24325982328,6135.70112837957,6548.6841974542
,72,6385.03061198974,6494.94007808114,6066.33031942073,6232.45116110261,6242.74546084974,6149.85342004268,6337.94139281303,6267.29772461007,6373.84237468494,6440.53518373626,6323.99455089798,6644.74421422297,6187.82734378305,6510.85591695183,6378.4051038967,6569.35568269029,6548.93043158225,6559.77470103733,6305.76588060418,6440.92909213834,6418.29621529247,6467.46552000552,6507.54610114758,6584.54622011587,6500.52204450779,6571.17446027832,6496.50194336649,6662.29995815646,5213.29184665092,5517.45978071327,6301.80073117811,6473.10532659774,6440.41043829845,6604.5616086633,6489.16358471714,6687.04491289231,6570.61699628378,6523.19600187462,6582.34641340697,6570.08096240547,6552.21417098748,6658.25521175795,6624.92754153828,6336.82477582972,6537.22155922047,6674.91948328206,6669.46896119387,6537.1096141719,6508.17473083502,6680.23623184504,6381.60370487597,6342.29308837812,6668.63114217017,6431.56191092167,6485.89189793717,6678.46143204374,6244.42035150034,6492.79506611726,6312.0460295082,6498.47446797798,6405.73278551234,6385.66487942917,6555.73196045077,6350.660749801,4493.15349122229,4572.11085078275,5909.8632164495,6045.44050155712,6222.3309357434,6130.62700844151,6259.4879390224,6224.59580102663,7349.87447257576,6337.40111183922,6004.59568222232,6402.96651123862
,72.5,6289.53660288928,6390.03714673289,5922.42884627719,6083.58383207713,6097.87444072898,6008.51556745544,6187.20365139421,6120.70579684253,6218.82084481867,6281.45455228135,6230.77176053255,6536.95442115839,6041.47969219696,6354.39715952763,6228.88292409724,6411.43816136564,6395.37441996698,6405.86183550671,6209.66856820328,6342.04591622164,6263.25138643891,6312.47438398655,6348.07639358629,6421.8592957048,6338.51035318608,6405.91382859703,6340.29130269868,6502.84237585775,5155.23887543414,5452.50553829404,6145.51032373959,6311.40401843885,6287.53650948746,6445.50096303152,6329.76145357717,6523.05403749496,6413.37740746745,6366.69873214101,6437.29406216437,6428.93402255395,6389.14066083291,6492.99553902994,6461.6511100174,6182.42405752889,6382.19894670204,6515.24951833815,6513.25137434259,6386.78042920486,6349.18802976937,6516.3168158326,6232.6129742224,6193.98123983448,6498.53536738563,6269.90659542444,6326.99530479909,6514.409459267,6096.5236394307,6337.35448318717,6161.6672585872,6337.58182634719,6247.31463788674,6228.84292322018,6399.09208399716,6202.12215404015,4453.72137227921,4531.96352413012,5770.44916189686,5902.66484169931,6066.7982815058,5981.29500173965,6103.55615473648,6070.22745801543,7200.74315591535,6187.04655377344,5860.7039302314,6244.91021554404
,73,6194.5909552889,6282.21551929188,5765.8072500826,5921.72404130978,5940.36488161999,5854.99164720598,6022.62092841115,5960.58927008767,6049.48433328161,6108.2307234801,6138.31779930794,6426.56988848953,5882.1258743224,6183.83415255843,6065.27035319173,6239.55645335193,6228.09813828153,6238.14356541563,6111.99700261285,6241.70954287429,6093.79742207406,6143.67059989262,6173.13895934612,6243.54103551528,6160.92453251957,6224.31420244814,6169.65891387779,6328.30482902748,5096.66639258004,5387.49724779208,5973.59496552894,6133.48772819752,6120.37006122718,6271.9340734031,6154.58077605309,6343.0289500369,6241.28872631453,6195.92315507815,6280.30824440566,6275.66391978016,6209.96713320977,6311.15315591336,6282.26957182976,6012.9649336112,6212.81924112904,6340.23672348679,6342.57648456331,6222.65944233888,6175.77760556684,6337.26179842121,6069.65179655793,6031.88386463841,6311.20674727072,6092.19405977554,6152.78756124629,6334.15879121895,5934.50389967609,6167.67480693887,5996.55281293562,6162.68598417935,6073.26945443267,6056.39900048056,6227.44750873123,6039.88435729088,4415.20238336111,4492.48318544664,5618.15755780766,5747.14037090047,5895.92858001658,5816.99608824124,5932.07444337883,5900.41796000318,7038.55146872176,6022.17030691092,5701.58541572981,6071.22697488518
,73.5,6098.58981692715,6168.97435604667,5594.46928651997,5744.37393272396,5767.99531064778,5686.81818622382,5841.9859012199,5784.37751507629,5863.72289390734,5918.03378989952,6044.9555657768,6311.48921174708,5707.40810452362,5997.04974456424,5885.83092219078,6051.01940698265,6044.68759562822,6054.59871342145,6012.54201964308,6139.21911440099,5908.25115215364,5958.52880480418,5980.66074235768,6047.32150146316,5965.48176597023,6024.20535281987,5981.75776529901,6136.40123991817,5039.01616869241,5323.78646501339,5784.39340499237,5937.81517900693,5936.69176623241,6082.44844373212,5961.27059712672,6144.7868272217,6052.35060223088,6008.20793583485,6108.77891573073,6108.37814232323,6012.59447429014,6110.98392927634,6084.48245166816,5825.80482899942,6026.90380792039,6147.57332055734,6154.61468488314,6043.07630975175,5985.71204600417,6141.02143511475,5891.05669552313,5853.94610119564,6104.90783568814,5896.0638556951,5960.8908360741,6135.92727538498,5756.47758023221,5981.40439971819,5814.74641988283,5971.33427618851,5881.28519757135,5866.21472154342,6038.73806799694,5861.93666606485,4378.5372042544,4454.05157656883,5451.18935637574,5577.010117799,5707.46594325306,5635.55691084328,5743.11799751681,5712.60379929006,6860.90697025477,5840.73935347477,5525.23113153479,5879.41856304808
,74,5991.77713645766,6046.90938038178,5406.97848344388,5550.46979649724,5579.60802457018,5502.81092256874,5644.42386488756,5591.66488228465,5660.05446676664,5709.81015000807,5946.66322428472,6188.10950336714,5516.51022057892,5793.21181441054,5689.37761624108,5844.45523280523,5843.7809444639,5853.49460017541,5908.59944156967,6031.28491380767,5705.71539513447,5755.80988839565,5769.88534608244,5832.151852833,5750.70105577773,5804.2880513921,5775.9183658799,5925.86556547203,4981.61896805973,5259.975801279,5577.67561735258,5723.76002356881,5735.66091964467,5875.36294236587,5749.00654258889,5926.98712803716,5845.01159720692,5802.37335469931,5921.05460017941,5924.74978616757,5795.83957707882,5890.43770595767,5867.99462855542,5620.92495093193,5822.79139982002,5936.01542997425,5948.60073787391,5846.41644243154,5777.88671992599,5926.44015232615,5695.26821580395,5658.74605014027,5878.18222425972,5680.72947563086,5750.47660399958,5918.55731943419,5561.45184963648,5776.92374126234,5616.02512187791,5763.22608359828,5670.478293708,5657.75528308151,5831.94035050004,5667.67232537362,4342.87614905464,4416.04619553992,5269.47628706716,5391.15068309355,5500.84624570478,5436.83534883918,5536.0426704819,5506.02347377375,6667.43191053074,5642.06586462602,5331.10821669398,5668.99949137809
,74.5,5869.37364584556,5911.11704924378,5204.74951252423,5341.34851395898,5375.56881146171,5303.92340403423,5431.257955884,5383.81198461268,5439.95996646269,5485.067229562,5832.28044367631,6051.01913179948,5310.63094090772,5572.47420599384,5476.99122423752,5621.06306176108,5625.99959412238,5635.45835488032,5795.51181616329,5912.90616418829,5486.99332204527,5536.7575266934,5542.55448655952,5599.41484229805,5518.49004965612,5566.40912157599,5553.56054113439,5697.90414192702,4921.86098410736,5192.91625808709,5355.43654926219,5493.46127985577,5518.48802397412,5651.66886908199,5519.36831665688,5692.13266172333,5620.16499847197,5579.51058362889,5717.58257548251,5725.15269808883,5561.71908985595,5651.58564235265,5634.25240117035,5400.47270503745,5602.18320862568,5706.80194727843,5725.15616987642,5633.27363535228,5554.14447784677,5695.3661801866,5483.504177881,5447.59803062088,5633.57052390496,5448.78776559022,5523.73088557547,5684.16220337338,5351.01894071944,5555.66888375572,5402.02260935795,5539.23910853822,5443.33183512825,5433.21592194813,5608.63700122278,5457.6819596548,4305.04476741317,4375.51586151859,5074.98545599641,5191.31582617093,5278.57590662364,5222.63310059659,5313.39931837297,5284.1796274124,6459.84141031392,5427.95813034949,5121.75619822175,5441.23675920136
,75,5726.80237433782,5757.42330607676,4991.96482475166,5120.90242146145,5159.34502905991,5093.68040999247,5206.71823755763,5164.76716837656,5207.88544488502,5248.34885108263,5695.86998807795,5894.69677965472,5093.43979893107,5338.86010694717,5252.17312123858,5384.54763722994,5394.56600632984,5403.72541501164,5667.23965067652,5777.88100675319,5256.2066927578,5304.70592028645,5302.56808131057,5353.62315756939,5273.18463030243,5315.11315737468,5317.90881301913,5455.96923965557,4853.96926897513,5116.1778087454,5122.99782859446,5251.38935458266,5288.61963616938,5414.38822666143,5277.04262116913,5444.46168019704,5381.62182021996,5343.29287473353,5499.28738553515,5510.35338604824,5314.18573269913,5398.67085311372,5388.16669063429,5168.88432447335,5367.71141460616,5463.86763429182,5487.65133994264,5405.85003224889,5318.2557213805,5451.21177024183,5258.24695798137,5223.54448104559,5376.42415022867,5205.67368330222,5284.65368628966,5436.43624870992,5128.91335055053,5321.99488265339,5176.77018571831,5303.39757799821,5204.46195464736,5196.9074610409,5372.75543644403,5235.34772656235,4259.97468029546,4327.26362111253,4870.63139334524,4980.68505354021,5045.80857081357,4997.77919069706,5080.01961168166,5051.66872074113,6240.60518848745,5201.78151051111,4902.41361521259,5200.22089527561
,75.5,5557.2297336877,5579.64686027442,4772.18561105566,4892.83633907539,4934.61861141795,4875.2680990205,4975.32769797381,4939.05365626042,4968.67212049577,5004.57202089782,5531.2884457868,5712.46000511704,4868.79685242518,5096.91219350598,5019.3026896823,5139.51304226528,5153.539822328,5162.19102797194,5516.26808129972,5618.60190909286,5017.98510722979,5064.72635895611,5056.59866001037,5101.63686432893,5021.30530551922,5057.4103807358,5074.38415247111,5205.27727729572,4770.4603050184,5021.45036409596,4886.23755199,5004.33653145204,5051.10254293119,5168.62106268617,5028.91014638827,5190.35860754511,5134.93686447812,5098.92102519734,5269.32785091365,5283.38303829978,5060.05851255108,5138.93717435573,5135.7285603562,4931.91735649821,5124.50106206003,5212.28890658217,5240.21598085666,5168.86949295448,5074.64669206701,5198.70142645373,5024.89315826454,4991.32257043414,5113.59872526256,4957.02868532969,5038.76231903086,5181.48845280918,4899.66866989143,5080.31381362506,4945.64611093414,5060.94258494369,4959.65245702274,4954.40924671998,5128.5119482478,5004.41472361014,4200.36668763943,4262.95548140836,4659.61265102774,4762.86279670972,4808.35149656111,4768.48617961244,4841.94862115278,4814.72589790649,6014.10404388157,4968.02694129467,4678.34499611939,4951.96531657428
,76,5354.56600286213,5371.81800034285,4549.06839828795,4661.58416371314,4705.00701591462,4652.13112797274,4740.81697846738,4710.78455835049,4726.16555038679,4757.78399471597,5331.92347026327,5497.20696587079,4639.63385921667,4849.56412780476,4781.32741074438,4889.05031106609,4905.31418868406,4913.11562583362,5332.72178471438,5425.4755708417,4774.56646959141,4819.79702199893,4808.05698512634,4846.72223120841,4767.23713232878,4797.50885705862,4825.86058049507,4948.63811327854,4660.33762741465,4897.03856407309,4648.18925812017,4755.37076261667,4808.542955029,4917.06284422144,4779.0879482896,4934.09303134464,4882.40364573748,4849.46374173035,5028.45634346859,5044.66090740813,4803.04986068857,4876.1859271584,4880.74887988157,4692.90513722291,4874.79786343572,4954.28804871121,4985.04350601886,4923.88841711748,4824.0751954328,4938.89360306156,4784.93133725223,4753.01433826099,4848.93728281913,4706.72316800635,4788.93741892483,4922.02854079622,4665.62386231735,4833.02541119339,4710.79865914005,4814.12514535086,4711.8217260972,4708.49269817496,4876.83994572165,4766.05421094063,4114.84839496007,4171.48382264588,4442.2664792157,4538.97316104922,4570.3762611235,4538.55349248303,4603.1299556731,4577.43891274208,5782.2186388642,4728.22872959657,4452.33415129915,4700.28419857852
,76.5,5113.77629684148,5125.40460183485,4322.08374715736,4426.71090890009,4469.7273146615,4423.9123440139,4502.52987489985,4478.64346554212,4480.29635488977,4506.91242472705,5088.29866808182,5238.4893559985,4404.28667634043,4594.85317346458,4536.64166768448,4631.29694733095,4647.77496229016,4654.25854368613,5104.74592136033,5186.36534450463,4524.29103685269,4568.13850390635,4555.74479799874,4587.79668749969,4510.60133275536,4535.40474877031,4570.50142808928,4684.35608548979,4509.7733247199,4727.75940753853,4407.13527982681,4503.54722356588,4558.95306833988,4658.36321731512,4526.67854907917,4674.71836167851,4622.36174302541,4592.78986278949,4772.30833722897,4790.95120318071,4542.98795270408,4610.47127657516,4621.38363412422,4449.90450104773,4616.10352285082,4686.68729690137,4718.42244424099,4668.50285379267,4562.82768406792,4668.63331916081,4536.74336423005,4506.38982438424,4581.05582788089,4453.63807413376,4532.72243232649,4655.9360224009,4424.36530717679,4578.30701084328,4469.92598625814,4560.50870443785,4459.20769759851,4456.70015218377,4613.9978373803,4516.7012672891,3991.78065688532,4040.67164464345,4215.28406792945,4306.26046663893,4331.07071857193,4307.36151023072,4363.5289502254,4339.61684702222,5542.15460126024,4479.41908944778,4222.79340468217,4444.10567959147
,77,4825.70259630108,4831.44357793869,4087.77996595379,4184.49122030588,4225.00012038504,4186.10851878217,4256.34804279538,4238.38412418526,4227.35886700085,4248.72555286034,4794.94549435313,4926.97089618033,4159.47022535114,4329.3750257735,4281.17978012219,4361.97126871134,4376.54973165695,4381.438463759,4821.80747115601,4891.17438967998,4264.05489871167,4305.67640607896,4296.09110016263,4321.66016136731,4248.96310405678,4268.50062903466,4305.0329585544,4408.92243959975,4308.47386394265,4502.30076829004,4160.50219494042,4245.64179709769,4298.92400725107,4387.97615554466,4269.03659312434,4408.98611353063,4351.67579773073,4325.61561304754,4495.14866207749,4516.61141284047,4277.09097048886,4338.9241573619,4354.39734828154,4199.84015399139,4344.96791460012,4406.47244019465,4437.00656130908,4399.23018688833,4289.48431113024,4385.0952666164,4277.08686646713,4248.15897731957,4307.7408509415,4195.9437610061,4267.57923527405,4380.18361210449,4173.38939022351,4313.68012125786,4220.0444448618,4297.07140220785,4200.14049430087,4197.83315540369,4337.7459557562,4254.49961776042,3828.17592129787,3867.64692250873,3978.23305415762,4063.929124168,4088.76407300622,4073.27828362147,4120.86201809571,4098.57987154579,5291.91403635227,4219.43998011301,3988.84045974792,4182.66461316554
,77.5,4495.01619081958,4494.97374402688,3849.15773553297,3938.08353851484,3973.27253532506,3941.06708093584,4004.2148267244,3992.78099536732,3970.30847042938,3986.62621648015,4458.62228659752,4569.90113522636,3908.59605841688,4056.84374865232,4018.01110335311,4084.51525519969,4095.59600764707,4099.02590441213,4489.99595907485,4546.10920187725,3997.31285699242,4036.13093925644,4032.50422946243,4051.59661372558,3985.75210482775,4000.24206861293,4033.31488434451,4125.9379502762,4061.08260711005,4226.2492052391,3910.72358071866,3984.86710814923,4031.69522756063,4110.18371371774,4008.67086381194,4139.95955957994,4073.90154791232,4051.70610308032,4201.52073425395,4225.5406612575,4009.51380171238,4064.9781969004,4082.61021699707,3945.59154297123,4066.00839851321,4118.35861960491,4144.95416101809,4119.86026384192,4009.04872403821,4093.4769940947,4009.73230634196,3982.63977181957,4032.40469505657,3936.59993781287,3997.77550765676,4099.00017335368,3916.45239364772,4042.30191944732,3964.17169709899,4027.12209443633,3938.3028860317,3935.83807191882,4052.9266701283,3983.75399213838,3630.9448918745,3660.10659444587,3735.93543726749,3815.66195020415,3845.97419938586,3838.11063515283,3877.24408654628,3856.92270965198,5035.5024189895,3952.71869172939,3753.4892126953,3920.11014651455
,78,4137.0656862653,4132.3345060909,3611.6024643146,3692.46172105749,3720.05894314731,3694.70843999224,3751.11111147275,3746.4878781849,3714.56130218599,3725.87742683939,4096.1723576712,4184.92894946478,3657.86765564686,3783.31514291419,3753.20708323763,3805.2472931241,3812.32695471002,3814.362359023,4126.25585158161,4168.95398458955,3730.33895709519,3765.82672087036,3769.71257459916,3782.57184680971,3726.20731177984,3735.8886587266,3761.62707822813,3842.40071120049,3782.27093608405,3916.01938078246,3663.45504062582,3726.19580658597,3763.38404368273,3831.68967437878,3750.37318526667,3873.24964686368,3795.65053149683,3777.58141849611,3899.93490594134,3926.12977705332,3745.43213035572,3793.87069442803,3811.86999804299,3692.58191813321,3786.7173212501,3829.97815878353,3850.65922525974,3837.78553852603,3729.49977897373,3801.76258776984,3741.27349675752,3716.19490705219,3760.89870111336,3681.55820797267,3729.70487615677,3818.54963312693,3660.54825551544,3770.75866557315,3707.82597184683,3756.95137480065,3679.66997872607,3677.06705844576,3767.67492088743,3712.50824246394,3414.51686095193,3433.77338663165,3496.51589767763,3568.93490601868,3607.56821762402,3606.55255701868,3637.36253124967,3619.25101066182,4779.54226309267,3686.680886785,3522.09437489593,3662.23492852516
,78.5,3774.95514444903,3766.55005227805,3383.55531647589,3456.12870312635,3474.58489230102,3455.94253873375,3506.17712628001,3508.13379764404,3469.11244231273,3476.20186236962,3731.86214028753,3797.95239708824,3417.57679741889,3519.8247690712,3497.31784170221,3535.37538359731,3538.78084844011,3540.05080371463,3757.45473666048,3786.97537555366,3474.84404578644,3505.58989422128,3517.63572621355,3525.08287504557,3479.6836261861,3485.14389674159,3501.67654411221,3570.24197273509,3495.02380254831,3597.12860270151,3428.85971647709,3479.67960519684,3505.26894596305,3563.42852826606,3503.27898374263,3618.49416259477,3528.72104624898,3514.68377825001,3605.4359926993,3632.82389798494,3495.09413097668,3535.46771016796,3552.10563341787,3450.94759945854,3519.10759294366,3554.11698850934,3567.22494313844,3565.35951501485,3465.69543017454,3524.77969827403,3483.6206341433,3460.77384608596,3503.50541279797,3440.70522566829,3474.99489427865,3550.8019773095,3416.3582866932,3510.6626102749,3461.98670239473,3498.35481554907,3434.95874728243,3432.82776680509,3495.98038943174,3453.90711871696,3202.01900115839,3212.47159087173,3273.55963449687,3336.05135779687,3382.29766722725,3386.70604320315,3409.8690152833,3393.81800134754,4535.16998013907,3433.61600150434,3304.72840313516,3419.3469278972
,79,3439.71520428432,3429.87359014705,3180.5036647331,3244.32557531069,3252.6255425716,3239.66886542891,3285.23560551938,3293.74044893623,3250.08315465013,3254.76016431628,3399.92920190338,3445.68064745042,3205.23079012254,3285.17148071996,3268.18620016147,3294.62258556984,3295.0209759154,3296.43502130062,3420.2481119356,3438.83133543332,3249.39142476858,3274.28788879021,3293.65060753987,3296.67951663763,3263.14405776092,3265.0054967607,3272.18991911727,3328.86187809466,3232.62660657038,3306.52240006502,3223.73292476542,3262.58525929027,3276.09006432272,3324.49824413985,3283.99257332757,3393.43489901102,3292.43349120324,3282.21438554558,3341.89570603616,3367.98375678456,3275.11370066299,3306.77679375331,3321.57757803754,3237.86224329526,3283.47970233859,3312.17585759732,3316.90040255899,3323.11661095382,3239.92691413825,3284.77261127605,3255.65514563782,3235.70620038325,3279.07579109223,3231.26992498331,3252.77411579618,3316.20205533064,3202.4974762574,3281.27609700887,3244.8377193272,3270.3436960367,3222.21054483783,3221.52227735547,3260.6125498676,3229.153420425,3020.10509447087,3024.5528682218,3085.76955179678,3136.06520769343,3185.88522620765,3193.02817425815,3209.38314718048,3195.48030144267,4320.58042398657,3213.94404839459,3118.16863194797,3209.04313861457
,79.5,3168.17264480267,3158.81194590135,3019.55387576401,3075.15047084296,3073.69425456736,3065.43604695764,3106.85749389484,3121.44498217788,3075.48608575333,3079.17943678092,3136.10975847303,3166.06066264715,3037.8571288278,3098.79750415312,3085.11078217448,3103.33208962818,3101.97053557376,3104.53468846163,3152.00841583041,3162.17292907557,3071.82321631096,3091.48253026187,3115.59940689973,3115.32519634125,3092.52389548081,3091.87386475587,3091.76183239362,3138.13787652059,3025.35605753778,3077.92819355615,3062.78247803408,3091.33631247074,3094.28497370523,3135.02377750221,3109.42527258261,3215.45055891821,3105.84029471345,3098.80940393548,3133.13139473005,3156.06061551568,3101.90009773552,3125.45850728799,3138.17744424806,3069.07191522268,3098.61768648577,3122.80848785666,3120.0002728282,3131.20957730589,3066.65671603441,3098.7151130999,3075.14939830646,3058.45466802569,3102.97996581985,3067.17661315215,3079.10345695342,3131.98784184658,3034.65504360663,3100.01718020916,3072.62244722827,3089.90918469661,3055.73611691211,3056.9744266106,3077.97510583957,3054.5895848781,2884.09821012197,2884.97372541833,2943.25585915247,2981.14634910898,3031.3128811382,3039.14464566661,3049.85827190889,3038.09908754779,4150.53519033836,3042.99593908526,2973.34719469488,3045.13866400998
,80,2973.13543382449,2965.42156925243,2902.45879672521,2951.1082075208,2942.0662193359,2937.48157481338,2975.30776650215,2994.50968847339,2948.08248259517,2951.18733212939,2950.01549530385,2968.89927182976,2916.7766257306,2963.15838609843,2951.61719326587,2964.60261425837,2962.65892862607,2966.39910047217,2962.711194235,2967.5366908978,2943.48179512467,2958.92255749213,2985.29756823075,2982.6580803027,2968.71287279734,2966.45703616585,2961.40917150009,3000.16508205903,2880.15642395244,2918.32746492211,2946.20612291418,2966.14616461182,2962.05963740002,2997.06442600227,2981.57645183403,3085.61651059953,2970.6944180076,2965.90980546897,2983.02234404965,3002.23572309107,2975.89317477853,2993.3107715884,3003.88108978461,2946.26233604939,2965.76667905428,2986.76967739698,2978.69023920411,2992.54523675182,2944.57139255248,2966.89823970673,2944.65844239744,2930.66902019793,2975.54445114427,2948.77835579771,2954.24388665061,2999.18350724732,2914.07310289584,2968.97508957634,2946.91897093285,2958.9134953941,2935.96769444083,2939.02476651904,2948.30469941631,2930.69926327631,2793.86004902641,2793.27126703131,2844.52143453123,2871.74597337644,2919.34770392239,2926.87272428623,2933.0605874032,2923.21685947335,4026.24660876619,2921.22616899662,2869.82884046945,2927.17428124159
,80.5,2848.80529821435,2842.60894521843,2824.1152763949,2867.8061374733,2853.56105867971,2850.88241073253,2886.02424284203,2908.42101725887,2862.24523466842,2865.51301365379,2833.76655207585,2846.27874155214,2836.55178407162,2872.81874457377,2862.16461462752,2872.4668598714,2870.85328925543,2875.92865597079,2845.30946016994,2846.99789141522,2858.69783828406,2870.48971265726,2897.57528479465,2893.2890668656,2886.06707128057,2883.02844439531,2875.4361770254,2908.72821690084,2790.99502133423,2820.7899409927,2868.22434577439,2882.0926401414,2874.37057360568,2904.99302263347,2895.30218332593,2998.80587686735,2881.20721827729,2878.00649354819,2885.64854637201,2901.04940141899,2891.83699182663,2904.59437320773,2913.08351997919,2863.89904066267,2878.27562029471,2897.54445655733,2886.3443090983,2900.72350142833,2866.50799859224,2882.11645308631,2858.29227513099,2846.72017925744,2890.45924994018,2870.03596193429,2872.23284676026,2911.89211414959,2834.39127543664,2882.56093391466,2863.06856466023,2871.67060083929,2856.93898009095,2861.52377281037,2864.65128217765,2850.7872434417,2742.35999179363,2741.60370165993,2782.40615920609,2801.2745556446,2844.58765375861,2850.77407877258,2854.08333628627,2845.39853130974,3941.7035675399,2842.1248218235,2802.02893593731,2849.51594680314
,81,2780.98413055003,2776.63310566163,2776.60132432884,2817.07260411416,2799.48479514033,2797.6626040139,2830.52792672247,2855.32301903482,2809.79129795662,2813.18355429163,2772.86842870876,2782.41937175698,2788.19975198577,2818.59365483278,2807.9269640294,2817.44120641043,2816.61867276847,2822.76923396242,2784.67473769016,2784.93922179304,2807.980022877,2817.47184103099,2843.76657471357,2838.33909279681,2835.61008822948,2832.36634699105,2823.71806119954,2853.8248009291,2746.0922083131,2771.59594310593,2819.89872987051,2830.35111437773,2821.78805855692,2849.41203608145,2841.94019928205,2945.64187914727,2827.66173367168,2825.32690013922,2829.42806013419,2841.82724285079,2840.57207431304,2850.13658792732,2857.17016112034,2813.15425616606,2826.54160572151,2844.67566493734,2832.37815118859,2846.3820951975,2821.39774339551,2832.93809053345,2807.05630371971,2797.03907785461,2838.57128280584,2821.92355023343,2823.22454577889,2860.25579921418,2787.12119256989,2831.13236989367,2811.91170139502,2818.8795473228,2809.36151949339,2814.90455117135,2816.48768310507,2804.91127907632,2717.47623348002,2717.51026574342,2746.76021945236,2760.38914143577,2798.90607193705,2803.60389116508,2804.67651213607,2797.02021432298,3888.58404040169,2796.05187901215,2761.34521925843,2802.73636738419
,81.5,2751.15553706605,2747.84477821696,2748.9387295962,2787.50612753928,2768.48001812799,2767.21053164071,2797.4251284327,2823.51085289882,2778.6299774888,2782.01054936854,2746.98587070477,2755.38670022605,2759.54308177724,2787.28400730582,2776.56520786381,2785.63641094066,2786.13783185864,2792.95092504178,2759.32100560519,2758.75867050997,2778.22041378103,2786.63274248337,2811.660156052,2805.27875175533,2805.19495279414,2802.20125533919,2793.61850948242,2822.15060726215,2727.56666897827,2751.57277645302,2789.97591453459,2798.77282365609,2791.45108995582,2817.18815749137,2809.80271300676,2913.68229548865,2796.84742440606,2794.93471972609,2799.16734056678,2809.99040302533,2809.87218014085,2817.85107002492,2823.24289711593,2781.97025238687,2796.73666311957,2814.07663095331,2802.09298697081,2815.45777784274,2794.50997808532,2804.33263690157,2777.9296137621,2768.35999953616,2806.50190028783,2792.24630898451,2794.45125014978,2829.95679690833,2759.5916048705,2801.23639880475,2781.07665624073,2787.62244267099,2780.51507436585,2786.98533431998,2788.55497518337,2778.58763800893,2705.95142725956,2706.36493052762,2725.19657710734,2736.21169406433,2770.6646752019,2774.86797742035,2774.07897022134,2767.08995945987,3854.34596394878,2769.08072144114,2735.5846452012,2774.26535701235
,82,2736.62956722565,2733.71000667107,2728.79317895899,2766.34242947432,2747.21741034041,2746.27153247456,2774.14450231752,2801.22303672015,2756.68028592052,2759.71020610628,2733.8273102166,2741.93165978047,2738.76506825353,2765.47646652234,2754.75736519132,2763.02332781991,2765.0561535296,2771.74429932174,2746.76496707602,2745.62582791607,2756.67879637143,2764.47026695612,2788.3924299194,2781.21058057581,2783.06137132942,2780.12072991902,2771.57794615211,2799.36060209663,2717.74100499453,2740.71884955456,2767.4715950562,2775.18370909144,2769.92565208719,2794.27268894316,2786.31827656469,2890.25851558833,2774.97512377698,2773.51628238306,2779.13103123208,2789.67496604633,2787.64207527705,2794.73553123039,2798.49440859634,2759.36859708537,2775.64695241474,2792.15338903407,2780.93587165677,2793.93111082843,2774.13916899704,2783.52208523214,2758.36635268872,2748.52116431741,2782.74136160921,2770.40576953768,2773.86294665176,2808.31951242233,2740.17162143914,2780.01770866882,2758.89812082194,2765.4346106537,2759.28219434646,2766.59444514049,2768.40044341583,2759.69410485042,2697.92951283539,2698.47590911711,2709.10469376903,2718.79909660751,2749.75135572667,2753.86258319344,2751.84504229197,2745.26267280359,3828.00680065959,2749.44047803787,2716.16173518142,2753.37058589532
,82.5,2726.13932335628,2723.15795670407,2712.10148848173,2748.98715211215,2729.98765597483,2729.07156008884,2754.62883808418,2782.7940557654,2738.21273242659,2741.29664062649,2723.65542332343,2731.51063203069,2721.49855089397,2747.50573899649,2736.75569826563,2744.17465211341,2747.43938940935,2754.13904920071,2737.33368037736,2735.41804806853,2738.45988190095,2745.97653325482,2768.97232847651,2761.36675919099,2764.75415268694,2761.61611599686,2753.09760366792,2780.5876875332,2710.16553605165,2732.02736308343,2748.90606182016,2756.08027159089,2752.37551061446,2775.37903001606,2766.99840928925,2871.34128061936,2757.19290717539,2756.13615879843,2762.73412788434,2773.42978777118,2769.37942484822,2775.63891825174,2778.11732571727,2740.36169169174,2758.20925959375,2774.13413271899,2763.24564907624,2775.82557806197,2757.11439402117,2765.67276722234,2742.50165095074,2732.08357053507,2762.92373839383,2751.95091324585,2756.66509754312,2790.11783677521,2723.85309149031,2762.23154503988,2740.7589934091,2747.19890681282,2741.3661337377,2749.39499061651,2751.49569929497,2743.64170192943,2690.78716714751,2691.16645819689,2695.17873023342,2704.01911026357,2732.06240162625,2736.25043255793,2733.05135238701,2726.71521296102,3804.80868158672,2732.8293882251,2699.78541433762,2736.29497486302
,83,2716.4674532216,2713.81414285153,2697.9515417126,2733.99928722842,2715.11172711127,2714.51062148249,2737.98210112203,2767.31219740754,2722.64114978461,2725.53365536374,2714.57042685963,2721.80904059863,2706.9269649885,2732.37976397503,2721.70683815537,2727.97028069781,2732.40370062774,2739.0263319766,2728.71033902981,2726.1559921128,2723.01014447289,2730.6801352695,2752.72469172883,2744.70697908297,2749.19578187221,2745.44662246476,2737.0686060281,2764.57306326031,2703.53267540345,2724.07772130852,2733.39266643448,2739.86721232436,2737.14524662786,2758.96720843951,2750.36325496787,2854.95230246912,2741.98902099865,2741.17613937914,2748.43704634183,2759.41034676793,2753.75351225198,2759.24070453557,2761.21384016474,2724.23611090633,2743.33061235911,2758.68686518345,2747.79486937609,2760.39274793368,2742.84562221092,2750.25707362581,2729.14862193159,2718.14454786234,2746.22386913824,2736.13640696386,2742.09224569817,2774.5189355823,2710.19883234561,2746.70395980534,2725.25488193376,2731.75660442324,2725.85136673985,2734.82682287926,2737.11432595597,2729.63303800969,2684.27540041354,2684.39318989382,2683.35562526451,2691.48633103474,2716.85550741047,2721.59982025501,2717.15171943233,2710.90468494048,3784.39284291354,2718.53741660761,2685.78881767819,2721.68371369807
,83.5,2707.86867263862,2705.27591392111,2686.13381018097,2721.18207736609,2702.64816967884,2702.56598996076,2724.13408229503,2754.55643145029,2709.58780868208,2712.45746598068,2706.27032950548,2712.92783264712,2695.01701684338,2719.39173167672,2708.94805184078,2714.24822656967,2719.40889778497,2726.07756905713,2720.35840164857,2717.41147919948,2709.81457282449,2717.65506183773,2739.08050964695,2730.58121471002,2736.213990793,2731.61412331543,2723.6372307025,2750.88873636196,2697.02672257274,2716.96970722786,2720.86448850827,2726.33054479279,2723.99457613034,2745.20248884841,2736.5415419648,2841.36985668746,2729.15868352364,2728.59791906572,2736.53226398795,2747.43717724412,2740.41565608421,2745.3919695179,2747.00895288703,2710.84479836233,2730.62453482955,2745.54218489301,2734.2653556381,2746.84295168334,2730.71246608163,2736.62522601888,2717.71933455977,2706.24551597061,2731.80207939987,2722.63393684016,2729.69459999294,2760.81338655491,2698.67646046693,2733.20496020757,2712.13422084079,2718.27190589792,2712.53704243941,2722.16011147308,2724.64563115796,2717.02558677903,2678.43464894544,2678.25202843517,2673.1975029012,2680.71770725432,2703.71228274771,2709.06925606737,2703.81546094101,2697.5032411991,3765.42829069303,2706.14269471256,2673.72462133572,2709.38644765342
,84,2699.38227475735,2696.87349947296,2675.29372222205,2710.00303129542,2691.73011243702,2692.10031134657,2711.96191599223,2743.88776954897,2698.39029803074,2701.06704759741,2698.25613024715,2704.17680434793,2684.7081695659,2707.88816616086,2697.70351311236,2702.18699570336,2707.87603665938,2714.59297954155,2711.99980624163,2708.7729590324,2697.96077297601,2706.10884681041,2726.73109803894,2718.14057893525,2724.48450625945,2718.97885412808,2711.5930717811,2738.47499147617,2690.16883370548,2709.18418637255,2709.59619327017,2714.08730000419,2711.80730910844,2732.60539828211,2724.45404671476,2829.57608431608,2717.49423455688,2717.21295254531,2725.63351654875,2736.51886639907,2728.32524617696,2732.73945085237,2734.63640778689,2699.33159431024,2719.23466347834,2733.39245154332,2721.91463776093,2734.64111864001,2719.77423467628,2724.30452755562,2707.09003609693,2695.44699590335,2719.2287534335,2710.48086837105,2718.0752219925,2748.24047644962,2688.14783358323,2721.09623968834,2700.43423125928,2705.92455429134,2700.71260862009,2710.23101745753,2713.34250901178,2705.37729302681,2672.04615217204,2671.49492483841,2663.77737673562,2670.9454704707,2692.01715638365,2697.83894884723,2692.04741928135,2685.51119752829,3747.53165290436,2694.85882752478,2663.4315871896,2698.40635882648
,84.5,2690.85725285238,2688.53172870107,2665.63898948669,2700.04954929656,2681.85917567008,2682.67244774339,2701.01988334273,2734.33647498466,2688.05483533079,2690.49433493764,2690.48787130693,2695.45537790863,2675.30124548588,2697.17502886399,2687.49086674056,2691.44654187358,2697.46758439838,2704.35164540377,2703.67702916883,2700.2587819535,2687.03679422987,2695.52152218191,2715.37880822534,2707.07579188798,2713.7049127066,2707.42281590054,2700.732469263,2727.36840824735,2683.04452786996,2701.36818579308,2699.11691576982,2702.97508739293,2700.73605373487,2721.3572796523,2713.63900795646,2818.99064636001,2706.78290011383,2706.65608415422,2715.23841656161,2725.85962659812,2717.03289277582,2720.99260256241,2723.67193780359,2688.77897741491,2708.58186203489,2722.11043745977,2710.6297637542,2723.30084269727,2709.96230402997,2713.13879530659,2696.77282343519,2685.14292971142,2707.65772585049,2699.07507350367,2706.9758460507,2736.81477286921,2678.19489775273,2710.01714540413,2689.67047880971,2694.40008022248,2689.95629250586,2699.10551954648,2702.95801822246,2694.37249937821,2665.51979762589,2664.62558867924,2654.97698230118,2661.91680459536,2681.24498519642,2687.59615594965,2681.24580986656,2674.40763052372,3730.28508260407,2684.67960437089,2654.06788105967,2688.33970370751
,85,2682.10194959996,2680.09806981527,2656.54854366849,2690.89676644299,2672.68669955656,2674.10828241996,2691.24017077137,2725.86604932813,2678.48006796744,2680.85105311058,2682.83637035967,2686.74392760214,2666.65300067381,2687.4090853963,2677.93539035431,2681.42920157806,2687.90911769004,2694.69552803428,2695.05642282658,2691.55897876458,2677.23396926417,2685.78567940604,2705.07352440615,2696.71355094586,2703.62167010122,2696.69507234479,2690.94015291943,2716.73659095703,2675.58182242029,2693.49814260548,2689.34014390069,2692.58623861906,2690.43731178794,2710.79345355769,2703.74070903713,2808.92569168215,2697.05827428302,2696.78633796293,2705.45943564401,2715.87534933192,2706.44289271081,2710.01278020265,2713.62442395499,2679.34548040116,2698.51680848827,2711.34717390386,2700.25474634152,2713.09577595255,2700.66505867667,2703.07475306315,2686.98559787124,2675.40932413888,2696.97418813585,2688.6206120217,2696.98718570998,2726.49133855375,2669.17357892469,2700.06648399943,2679.82924009686,2683.78743650212,2680.17560099364,2689.20187639848,2693.32294638457,2684.04710151061,2658.92587041462,2657.82899730128,2647.07838801918,2653.76005785979,2671.42716306445,2678.19723301301,2671.64789238639,2664.50245998176,3714.11993256931,2675.39478856738,2645.33600992538,2678.71496487038
,85.5,2673.65391351997,2671.66315218242,2647.67887353564,2682.22661857602,2663.7195665684,2666.09271449791,2681.95389691401,2718.15841810551,2669.27236399219,2671.86762181773,2675.14963478941,2678.0290591458,2658.28601582258,2678.01494632031,2668.63051193388,2671.9289558411,2678.65032793109,2685.43390812464,2686.3075572211,2682.76970475732,2667.78780178519,2676.42013769218,2695.34526030646,2686.75039136127,2693.90283575156,2686.8648440829,2681.77312839104,2706.64528961381,2667.35992581068,2685.54373331871,2679.98847704588,2682.83429862523,2680.57017345468,2701.27876369855,2694.74223965072,2799.70768323995,2688.01515520467,2687.46366488342,2696.21200676564,2706.44175034001,2696.47047962649,2699.78377739448,2703.96312900526,2670.54143935198,2689.22379753123,2701.27562679469,2690.61174980396,2703.51152628218,2691.60493159939,2693.4233887548,2677.86429337959,2666.1449468963,2686.80309262262,2678.91244447388,2687.29438531001,2716.6437672224,2660.63645260932,2690.89254352697,2670.56718079661,2673.77216031708,2671.01949577183,2679.83457249779,2683.98372963599,2674.35017280088,2652.10343495027,2650.84472889279,2639.37546886053,2646.0317616384,2662.30585545436,2669.21004671927,2662.45535680703,2655.23172553926,3698.41206723663,2666.5677580701,2637.03746364879,2669.70267218602
,86,2664.87155076162,2663.0030327719,2639.1335397386,2673.73606505565,2655.01072267977,2657.9744835005,2672.99710097336,2710.53245928916,2660.34370448066,2663.10681031225,2667.21321673158,2668.96583535668,2649.64986312461,2669.01232550248,2659.46905756919,2662.51539891385,2670.07464719508,2676.37037435564,2677.41880067776,2673.94747985587,2658.37834793817,2667.28007224545,2685.72956478311,2676.97643101147,2684.29159402281,2677.64083750546,2672.9218320921,2697.02728872438,2659.00480740894,2677.2197890803,2670.58864263682,2673.17646811606,2671.02581824934,2691.8982256236,2685.84349435123,2790.93133486397,2679.28630671665,2678.33913724312,2686.97657633709,2697.23631113085,2686.77120794588,2690.00170920301,2694.53874551325,2661.82374487148,2680.13957346678,2691.50491735001,2681.440373963,2694.3731516305,2682.57965412676,2684.59780455847,2668.81350073596,2657.12855082813,2677.28636491332,2669.72786803175,2677.95134068741,2707.23715348525,2651.84981597247,2682.27525361666,2661.66005754233,2664.49065731671,2662.18682494964,2671.06102071026,2674.67546888966,2665.25397595699,2644.95434826654,2643.59245607113,2631.834804901,2638.41631403231,2653.61533936518,2660.5346774185,2653.67713983954,2646.37561788781,3683.33407135997,2657.95410287376,2628.9841883801,2660.81607565628
,86.5,2656.20418382415,2654.58417176467,2631.36329127553,2665.45230542643,2646.67092694691,2649.98816161993,2664.7093431939,2703.00814784168,2651.60699443579,2654.71370457229,2659.13410191524,2660.26843253501,2641.22676895019,2660.34001885504,2650.34780640181,2653.55417337554,2661.75600654072,2667.44134386396,2668.75116494474,2665.40210722364,2649.36752719254,2658.39378493264,2676.70931120594,2667.74406714588,2675.3428203271,2668.9416040275,2664.43230285848,2687.81542598009,2650.84444597639,2669.32788376096,2661.90628932726,2664.16369997447,2662.10450168141,2683.1617917289,2677.29971664636,2782.73905962636,2670.94111847354,2669.80848900993,2678.17236259399,2688.42704157538,2677.67537455768,2680.90610204291,2685.68861239129,2653.32171487082,2671.49348918972,2682.33556024725,2672.72978434611,2685.71312099883,2673.7895895104,2676.01668123201,2660.3474549766,2648.82651378783,2668.06425996894,2661.1012022185,2669.25635509115,2698.41208842317,2643.5814546263,2673.99412850711,2653.13733471907,2655.60720826036,2653.66962894943,2662.83108213224,2665.55015090081,2656.67008796937,2637.63467805094,2636.57193986272,2624.63608846948,2630.83449223453,2645.30062260748,2651.8494535972,2645.35405360281,2637.81977523488,3668.88182797811,2649.57695775922,2620.75342454132,2652.19608747347
,87,2647.53392302247,2646.1429476833,2623.6530544498,2657.37867426028,2638.29287190648,2641.94394142639,2656.52361584562,2695.29243775219,2642.95579691597,2646.43098710457,2650.75367505074,2651.20325817988,2632.93327869604,2651.78474838033,2641.11731378924,2644.548288181,2653.26114122036,2658.52417904653,2659.91559572488,2656.66767238662,2640.57304211594,2649.59337941978,2668.19948198645,2658.42123082764,2666.31010545757,2660.44118154602,2656.0328579241,2678.6762973488,2642.81272106417,2661.24585502989,2653.33740611684,2655.3120568701,2653.43700008571,2674.22300123119,2668.88994725014,2775.12638868945,2662.80751938349,2661.32164772753,2669.63867469506,2679.96385476435,2668.89516259284,2672.01143214132,2676.59779111973,2644.98228381978,2663.05234770961,2673.29643378935,2663.87981974979,2677.19994925696,2665.18243434051,2667.42369519143,2652.16393615214,2640.70673959629,2659.2616590544,2652.96585458439,2660.78304990186,2689.5098671782,2635.63037743092,2666.01273442925,2644.97146405359,2646.99243378841,2645.19640742531,2654.70159600309,2656.42438573487,2648.35104069394,2630.14147847407,2629.47699934403,2617.18302516618,2623.53694789629,2637.42835810283,2643.41040568642,2637.32648694488,2629.64238318388,3654.70530826103,2641.3072869384,2612.7101018197,2643.56202774707
,87.5,2638.9197975434,2637.55134983821,2616.13915419129,2649.1154026353,2629.91900968563,2633.58307047389,2648.6095596305,2687.39153143395,2634.41800849106,2637.86842330217,2642.19006089632,2642.29896997267,2624.63213438551,2643.13614762605,2632.01276056701,2635.36824639517,2644.88104607221,2649.79783963757,2650.95521332717,2647.99796827625,2631.75352900561,2640.91099699417,2659.79550317136,2649.37815052266,2657.17552008076,2652.14971453649,2647.5642271282,2670.00643155203,2634.77116184903,2653.09529081301,2644.89272777856,2646.58194174625,2644.61052198813,2665.40998570379,2660.18023127686,2767.93533225657,2654.41823113971,2652.87916405873,2661.37820758472,2671.55633434483,2660.37614763496,2663.23313220575,2667.69035344255,2636.71080233411,2654.91337892195,2664.64040669186,2655.3151345522,2668.61383143454,2656.75597992707,2658.85839200846,2644.22459271508,2633.01154720547,2650.613713633,2645.12632946456,2652.26211601571,2680.48943715334,2627.75777530486,2657.89948551882,2637.12233617238,2638.56523837145,2637.04034131856,2646.55420108282,2647.53104654054,2640.68774489792,2622.78088665655,2622.55215404797,2609.56421575899,2616.27691223279,2629.75146989837,2635.14651661031,2629.25306525721,2621.7149666077,3640.64913394369,2633.19140266432,2605.04836116937,2635.19223903586
,88,2630.15459796622,2628.88608100855,2608.89061670373,2640.7953641006,2621.93347019077,2625.08725861889,2640.79360742074,2679.08157684689,2626.10438486836,2629.2142015593,2633.30381778448,2633.51934639306,2616.41722896576,2634.64985061731,2623.1579862229,2626.27503179212,2636.55042116203,2641.18829905778,2641.9887604933,2639.16332346283,2622.94921026439,2632.12625051826,2651.10769769128,2640.30504022969,2648.19441825609,2643.97358606613,2639.18056863696,2661.44741355444,2627.15158220919,2644.83322218334,2636.44194906931,2637.93230186856,2636.19384040941,2656.06808160362,2651.28536162704,2761.15642870545,2645.9351600032,2644.66219927151,2652.9843062135,2663.20216137068,2651.81340410769,2654.56931196713,2658.90612064767,2628.51761293662,2646.5859838664,2655.98196870467,2646.7762003597,2660.02533771148,2648.25851479152,2650.50052576666,2636.10098879382,2625.32736645044,2642.0305992681,2637.28102230852,2643.82163503268,2671.68773342964,2619.84753057231,2649.84912070327,2629.46674488094,2630.42175009988,2628.90965043577,2638.27866798521,2638.74452413405,2632.93943007189,2615.49200431252,2615.62850868281,2602.27258311545,2608.70432989733,2622.19920735099,2626.88421973876,2621.39463828524,2613.97680894805,3626.47240187063,2625.28762372259,2597.43849733987,2626.61554145713
,88.5,2621.57732172269,2620.36147063951,2601.41011785354,2632.58753433665,2613.92393667867,2616.78680184261,2632.91146196829,2670.91238145654,2617.71389537143,2620.54986902735,2624.33020014599,2624.76932206922,2608.49219006407,2626.18887627949,2614.44817912096,2617.31203011519,2628.11952674545,2632.72351493973,2632.98632246358,2630.40593610027,2614.48751006336,2623.33808992843,2642.638472071,2631.69316323385,2639.4845950771,2635.76327104632,2630.93323392692,2652.91794706065,2619.59142534501,2636.63595344037,2628.43976066026,2629.47843182961,2627.7743861844,2646.83513555114,2642.64331385476,2754.3313347334,2637.44419739187,2636.55557060334,2644.70123317002,2654.83503174382,2643.40256052834,2645.95823816428,2650.16049021132,2620.38416622865,2638.27826026669,2647.45616048136,2638.33652217622,2651.36098811093,2640.0533101978,2641.76428969053,2628.31643149067,2617.47886243782,2633.50262703374,2629.4169586952,2635.45947766295,2663.08362662747,2612.38761813891,2641.48158430434,2621.97974462115,2622.22513534476,2620.97744096292,2629.80554222995,2630.2573593,2625.19950873249,2608.44984447478,2608.64582893069,2595.13580966373,2601.24661215996,2614.70313258137,2618.85463010429,2613.42024428485,2606.19984568323,3612.3505423697,2617.55767478592,2590.05683301921,2618.21677307901
,89,2613.22093118782,2612.06234163892,2593.86002761689,2624.5522077748,2606.07786944887,2608.73744240353,2624.97570812675,2663.04209673357,2609.56075922399,2611.96379516628,2615.64260051204,2615.85901334382,2600.56279452368,2617.87220869346,2606.32113597856,2608.3511980483,2619.74910572063,2624.55253087307,2623.762130141,2621.49955673141,2606.21579414004,2614.81090076298,2634.34468495462,2623.24514622594,2630.69223272256,2627.53098314382,2622.79449404478,2644.8296416422,2611.88125045083,2628.28345153413,2620.37807062081,2621.22621184702,2619.47266971161,2637.84665540643,2633.87755698027,2747.41244415123,2629.18803311395,2628.13617311465,2636.5280634678,2646.55192874649,2634.7909021908,2637.2035581849,2641.27225508334,2612.58578120109,2630.05846553802,2638.98099488626,2629.94035234595,2642.58809255477,2632.12637478044,2633.27154725873,2620.55961789757,2609.39954499453,2625.14043988243,2621.54732996056,2627.20724551251,2654.75628273049,2604.84484254274,2633.38405232542,2614.91085095298,2614.40351976407,2613.51524750814,2621.66718277919,2622.19899038384,2617.74931589963,2602.32286390054,2602.19413835388,2588.59188991395,2594.44663286797,2607.68302754299,2611.81477544589,2605.67258308772,2599.07573873533,3598.41336711723,2610.38668082,2583.40326923581,2610.33618497181
,89.5,2605.63517446022,2604.42449602469,2587.16608603103,2616.93624425941,2599.23180116985,2601.29579087562,2617.77380253001,2656.25266236843,2602.05938497889,2604.28093993307,2607.75796668377,2607.89495653455,2593.34108486156,2610.36822389995,2599.07112445061,2600.250230595,2612.12791510586,2617.21061838827,2615.03464342445,2613.34628327842,2598.77658367774,2607.08375170509,2626.51435027142,2615.63904868087,2622.84401820429,2619.86291665516,2615.38624713727,2637.386059405,2604.62656776427,2620.95770127702,2613.56454420755,2613.91437570989,2611.85512131961,2629.84127153921,2626.11180171987,2741.03141120396,2621.54353329396,2620.66485508901,2629.06868423394,2638.85092950472,2626.65187667138,2629.25105965506,2633.84770740591,2605.63978362031,2622.58410959363,2631.44962805348,2622.48821966988,2634.67682957326,2624.78155835745,2625.58741696109,2613.44799797997,2602.22834478428,2617.33738158607,2614.10675315111,2619.8190709007,2647.25870795316,2597.98151591379,2625.99313958834,2608.49730217559,2607.2072829575,2606.78624618155,2614.21298867081,2614.98375565364,2611.14312842458,2597.1231720398,2596.64233979945,2582.99073385162,2588.05215429216,2601.22567416657,2605.56608232031,2598.7052768619,2592.76954180945,3585.47933328436,2603.98318238972,2577.48534785002,2603.09704618317
,90,2598.84210047052,2597.88674512038,2581.19166780168,2610.16898017961,2593.22976302785,2595.10060748585,2611.09550787368,2650.46216331678,2595.46225245185,2597.60387579761,2600.71241495567,2600.84957056521,2587.12516947296,2603.73298705004,2592.80906499928,2593.47242450716,2605.31844913093,2610.80796373405,2607.61693745197,2606.23908479805,2592.17742129216,2600.10993947647,2619.55311560522,2608.66359799285,2616.17987668022,2612.9324388113,2608.86782215763,2630.76929277735,2598.29966052004,2614.66721073798,2607.70277101255,2607.39652444239,2605.27527460028,2622.92030510215,2619.60314924737,2735.57761504562,2614.66623419557,2614.19368058872,2622.23156935472,2632.04609899789,2619.37525872426,2622.24405731091,2627.28498391996,2599.26717640228,2615.78490589999,2624.65260460034,2615.48466121896,2627.70699695456,2618.15190822603,2618.68327636163,2607.15462514878,2595.66702978488,2610.38622523192,2607.30724468574,2613.41148175476,2640.94452553802,2591.77409571298,2619.43319516013,2602.45371749707,2600.61456119426,2600.4344128619,2607.21330703316,2608.31130067657,2604.58577567408,2592.30639241059,2591.60966668095,2578.22061900649,2582.22288878816,2595.56867468469,2600.00870118863,2592.75177703417,2586.98116303453,3573.24054299573,2597.96932970789,2571.97854275894,2596.46158918869
,90.5,2592.78405575156,2592.20751643674,2575.88235067814,2604.37272284333,2587.83530849307,2589.75406924672,2605.34971149414,2645.6466193058,2589.74689595937,2591.97519003531,2594.68862917922,2594.59689357134,2581.65601612607,2597.56131361647,2587.06016996999,2587.51634513789,2599.46207247255,2605.18979847315,2601.00125879553,2600.15073153588,2586.61868712402,2593.96087799691,2613.52013012902,2603.04081080889,2610.5024988761,2606.59939110789,2603.20880917602,2625.02798660568,2592.71179552627,2609.21538800729,2602.75114155904,2601.65787548038,2599.35648588995,2617.29837398157,2614.16646345723,2730.37901673909,2608.60375939546,2608.56494826259,2616.44754048573,2625.93799172679,2612.90747667276,2616.04238814552,2621.58834280915,2593.67585900427,2610.02479239915,2618.80191092,2609.4692502639,2621.58940044485,2612.70876229455,2612.59889726417,2601.93036608993,2589.86948216002,2604.48738678522,2601.26014874061,2608.07145171779,2635.3536323586,2586.32382113961,2613.71427048303,2597.15101006546,2594.82051691487,2595.09942093421,2601.05946326577,2602.50718249437,2599.04787268259,2588.15103719871,2587.38667200216,2573.94184080244,2577.74360435907,2590.79482381803,2595.61512104479,2587.4438714747,2582.01635873855,3562.21677860293,2592.68196884281,2567.3578053603,2590.85527046883
,91,2587.26626049444,2587.22177594428,2571.52992240937,2599.37460524687,2583.27051054689,2585.09056042249,2600.57726692945,2641.44171372903,2584.94536750084,2587.11620869743,2589.97891410624,2589.65734560914,2577.06835226494,2592.25459770185,2582.40183277653,2582.81880031005,2594.30801282397,2600.35426850901,2595.66415462811,2595.04103913866,2582.01537389313,2589.14266024076,2608.45611978005,2598.10558830108,2605.79837144971,2601.25187618795,2598.36157173,2620.42513922183,2587.94813357204,2604.80597761528,2598.43953474995,2597.18308300553,2594.66441652655,2612.6962531619,2609.54082730648,2726.31002407113,2603.31062117723,2603.86938059581,2611.64187100029,2620.90636452859,2607.36691456736,2610.84447186563,2617.16703901463,2589.21778033396,2605.46786993922,2614.06359173179,2604.51905563929,2616.71023787661,2608.12580932791,2607.84112397474,2597.5884800819,2585.47308294836,2599.5410374178,2596.25075770697,2603.62449190281,2630.43938940034,2581.7021887943,2609.36177100906,2592.68081825742,2589.94000608622,2590.77615868458,2596.35013442305,2597.7907888424,2594.4688543322,2584.84822950025,2584.2043036407,2570.60708868735,2574.17820886633,2586.89387401418,2592.1139315396,2583.21140389549,2577.97944832516,3552.44672578397,2588.24997354914,2563.69760718633,2585.99976023283
,91.5,2582.60244137868,2582.75821846117,2568.25076321971,2595.25729154451,2579.6326859804,2581.26784462276,2596.73940600031,2638.04104105785,2581.22178588446,2583.22793329031,2586.37650370861,2585.8782346473,2573.68497722392,2588.09018345741,2578.4513717858,2579.3608420149,2590.31002838094,2596.34226957471,2591.72307859044,2590.9403066899,2578.53789422212,2585.3193152487,2604.36943527059,2593.80851446256,2602.35484442814,2597.04417261233,2594.50776153655,2616.60958016893,2584.35359745242,2601.46332669882,2595.01705574723,2593.39953577231,2590.86048563884,2608.85948203454,2606.01813261137,2723.33642146244,2598.9883914705,2600.4113214021,2607.89730431379,2616.82906914119,2603.02875884151,2606.96769602453,2613.85520001961,2585.60802932016,2601.76611927454,2610.61098477232,2600.48567221406,2613.05723959863,2604.17822259852,2603.96100191965,2594.10775977762,2582.27661528466,2595.62624293248,2592.4480721439,2600.18509958289,2626.37466120116,2578.14276222562,2605.94770881219,2588.78846616284,2585.98827264086,2586.92608003234,2592.43767674009,2593.82461540513,2590.50770476535,2581.73409585996,2581.20254565411,2567.41742916845,2571.00454685555,2583.43592542805,2589.11889726091,2579.77611221003,2574.53225026852,3543.71687579586,2584.56950607268,2560.65734861467,2581.82082374244
,92,2578.53403317148,2578.89908977533,2565.30145863606,2592.05157852102,2576.36655300374,2578.37217583297,2593.51342500977,2634.92874361357,2578.24291365549,2579.74987586003,2583.41283401804,2582.83556988562,2570.8433436816,2584.44353646583,2574.96126677504,2576.42965926666,2586.95836654568,2592.67348996595,2588.65656207551,2587.63907631127,2575.47607875109,2582.12136965927,2600.93190217119,2590.27557325594,2599.57705377412,2593.6096013859,2591.30288339194,2613.54626759666,2581.50335042476,2598.28427289742,2591.64996631497,2589.99798937811,2587.49129659716,2605.55364151047,2602.63877695187,2720.93180305668,2595.22255426057,2597.30222112916,2604.6836207114,2613.60177138843,2599.46864099526,2603.46751090132,2610.54850465051,2582.38975813371,2598.51138126319,2607.61633468588,2597.00097526222,2609.96605311249,2600.67445099446,2600.38044280453,2591.13689004288,2579.38714038889,2592.37343650367,2589.21880566774,2597.30098673839,2622.76518547889,2575.02810846516,2602.77885998366,2585.29417112625,2582.82646619708,2583.80870067261,2589.3436948193,2590.51062714848,2586.85342389944,2578.65681563036,2578.21655973034,2564.63446998955,2568.36862576854,2580.46938821445,2586.47152164726,2576.71976895565,2571.45950984807,3535.61506407967,2581.08712628425,2557.81099817367,2578.30770918468
,92.5,2574.76402174796,2575.38082139808,2562.74248088776,2589.28333071529,2573.52863256502,2575.43909221244,2590.73811832559,2632.00030482976,2575.72423541122,2576.71390493691,2580.78293850616,2579.79000059817,2568.00941903753,2581.11719275639,2571.37984982146,2573.75746435471,2583.92163304804,2589.04138509881,2585.72720409271,2584.44369883676,2572.83515602341,2579.38805916117,2597.75675727169,2587.59529956163,2596.983859999,2590.78942772903,2588.4219314705,2610.59125792389,2578.85189912443,2595.24104270269,2588.32065094159,2586.95549335457,2584.63171547367,2602.4143140864,2599.51141537956,2718.63513428456,2592.09549153243,2594.3113275751,2601.93484502187,2610.59127753445,2596.07210540149,2600.2912954596,2607.48631081228,2579.83881557109,2595.69080077544,2605.05233666525,2594.18304254945,2607.17040925298,2597.55249200993,2597.1281398945,2588.20494853187,2576.76185145526,2589.42870926488,2586.34383884607,2594.58905478585,2619.37605302214,2572.02699199696,2599.8183795564,2582.4695359484,2580.20295432714,2581.34961584893,2586.90280526895,2587.72161535288,2584.18193930613,2576.12076316352,2575.45398962335,2562.06161468447,2566.11684575321,2577.47586583488,2584.30232794748,2573.96072410151,2568.72270128553,3528.12827046763,2578.2590843732,2555.49828004572,2575.09517231136
,93,2571.51560249746,2572.14026353882,2560.52672603446,2586.6073892738,2571.0520201434,2573.01011380146,2588.13476916553,2629.68335811835,2573.32049924902,2573.7575031678,2578.4892317775,2577.01263050017,2565.44210492867,2578.62764931682,2568.52275976356,2571.69675411742,2581.23162591583,2585.78404413204,2583.33885222532,2581.63413061729,2570.41643147347,2577.22523465128,2595.26373062171,2584.84340439361,2594.5661383507,2588.52803046091,2585.86196212269,2608.05559876819,2576.4870269892,2592.69777187212,2585.43938107965,2584.31993607938,2582.16880354567,2599.55277517662,2596.5651120813,2717.41160017043,2589.65244881499,2591.68718714396,2599.30895190906,2608.18538472467,2593.29278599891,2597.41073924553,2604.78585368286,2577.70820120736,2593.03353189941,2602.77410897941,2591.4234861143,2604.81360552333,2594.40441683167,2594.3139321107,2585.52263646818,2574.74921699387,2586.69698415751,2583.88279776523,2592.1718437603,2616.40240554433,2569.4616549349,2596.94562580796,2579.84531501282,2577.67407933023,2579.12949603697,2585.10106738842,2585.43792921388,2581.56891490461,2573.85135274448,2573.02182105046,2559.9216026581,2563.73864010088,2574.66448451026,2582.17425241947,2571.67732315352,2566.3457049158,3521.05372679688,2575.91213825699,2553.48419114486,2572.24471878389
,93.5,2568.90602942638,2569.31331541799,2558.63664063515,2584.1388960375,2568.80778092794,2570.99673427903,2585.80105669157,2627.93182922056,2571.03489620289,2571.16865033762,2575.81154496874,2573.86358691984,2562.91508403782,2576.25530112141,2565.51808359205,2569.48600307153,2578.63230623348,2583.10140812606,2580.76797854307,2578.8437935126,2567.82113833437,2575.01609572943,2592.88443866423,2582.33298432518,2592.15254147615,2586.30927909926,2583.27030945921,2605.49019698975,2574.43560395132,2590.07094975134,2582.72690602265,2581.35096844365,2579.88879493127,2596.9283015588,2593.9877403789,2716.26975819885,2587.65484521392,2589.36135542834,2596.49694113537,2605.73588164431,2590.7385138089,2594.33367386265,2601.97551746943,2575.57713834724,2590.25414680173,2600.34310289931,2588.64277939603,2602.53550924033,2591.24205712188,2591.41335251239,2582.61153690914,2572.38655976634,2584.03362037571,2581.27746979834,2590.07732529058,2613.78863538852,2566.84739150892,2593.84629677772,2577.46011159741,2575.38739498502,2576.92617707138,2583.11738627641,2583.16950081642,2579.03482194509,2571.46241184488,2570.45497376474,2557.53456641274,2561.27348674738,2572.04901481527,2579.89972082513,2569.5623172082,2564.20030470934,3513.84098231086,2573.63429227264,2551.34630485836,2569.77242674624
,94,2566.42072288958,2566.46365580953,2556.11888717782,2581.08647905993,2566.26963389323,2569.1617075072,2583.51214001654,2626.60403375307,2568.27881799529,2568.54387693565,2572.56532375847,2570.46825736602,2560.20442902264,2574.40365353266,2563.0014946483,2567.03100560964,2576.01861435658,2580.94103302519,2577.94346579714,2576.10438501248,2565.09243990833,2572.91893815531,2590.85915879709,2579.68296317828,2589.40790954161,2583.80359649735,2580.67490359271,2603.22760439567,2572.2078495662,2587.38817507887,2580.37451701171,2578.4681450272,2577.65327605757,2594.24349106761,2590.79296275452,2715.34077344238,2585.96832473416,2587.56360821067,2592.86976603181,2603.43863837246,2588.82686407964,2590.88346684319,2599.1460278678,2573.68722440344,2587.57471499145,2597.82967471718,2585.80610981806,2600.00276059547,2588.39114968637,2589.02144852317,2580.34834234916,2570.3557646333,2581.08784680105,2578.27241828211,2588.23949669975,2611.22970792374,2564.22808008847,2590.81581664717,2574.74496265217,2572.85761902862,2574.70030835284,2581.19661659893,2581.12288980446,2576.06304938319,2568.95413695121,2568.54606062755,2555.67621468004,2558.77662963157,2570.08362397196,2577.37099552831,2566.8868396322,2562.10047563037,3506.34308982271,2571.79287272114,2549.28497682015,2567.6483769556
,94.5,2564.00111952203,2563.69001174347,2553.83088029577,2577.88366734155,2563.8292759348,2567.26614584127,2581.17459192468,2625.54033059828,2565.4287846167,2565.8697919537,2569.312312962,2566.85321477322,2557.41637129002,2572.57483748716,2560.57905789134,2564.835685518,2573.38908710818,2578.92417726557,2575.177919394,2573.2905511898,2562.35422433077,2570.90907165661,2588.97225067631,2576.8870773204,2586.52659165996,2581.37749171672,2577.97480836193,2600.89650178873,2569.94407294194,2584.98326372957,2578.22800755164,2575.64936233582,2575.63400059096,2591.68900963634,2588.00452497087,2714.72615319762,2584.53222585703,2585.84532003071,2589.30106906313,2601.05158571067,2586.89192474287,2587.52732753502,2596.52368453673,2571.84886572918,2584.88860238688,2595.28110586365,2582.86667490057,2597.55331717198,2585.46506929757,2586.81905460867,2577.94867731437,2568.4168334424,2578.13524308342,2575.35903665081,2586.40566938321,2608.79603037277,2561.63710172086,2587.74671804521,2572.23520762495,2570.17488427109,2572.47564182267,2579.30157880948,2579.11498010046,2573.28926620965,2566.68682604545,2566.82535028239,2553.79591515838,2556.22597366029,2568.03897414704,2574.91376355765,2564.53576520374,2560.10887924989,3498.89240508653,2570.15672165492,2547.4202351191,2565.54643707302
,95,2561.77328253271,2560.1595911337,2550.19300234078,2573.27604224038,2560.65065660325,2565.64079490573,2578.89595043215,2625.09625835913,2561.76438970905,2563.29210739972,2564.96696748244,2562.98007076641,2554.71753994301,2572.07081600445,2559.16416864057,2561.83345845943,2570.82542753641,2578.17004462998,2571.88571142142,2570.22179711971,2559.5197529666,2568.88548648309,2587.61897428799,2573.10160496101,2583.28367655586,2577.89438093732,2575.20016875705,2599.21868262021,2567.5203080642,2582.20411372113,2576.75193577199,2572.5555762357,2573.28598449836,2588.68676503115,2583.52162050652,2714.0427145688,2583.38122903465,2585.47568952921,2583.90686555362,2598.78578229707,2586.41455246611,2583.55755711636,2593.80327097958,2570.38415607486,2582.23157070185,2592.8604062508,2579.61932879387,2594.5145493532,2583.03643102435,2585.51110560105,2577.0565467156,2567.29329144892,2574.58687647177,2571.75673801286,2585.24508156196,2606.37139141482,2559.22402966687,2585.41025761133,2568.50164648151,2567.16250931716,2569.44295540472,2576.99998005904,2577.12086754613,2568.85200402386,2563.62681034539,2565.88724413539,2552.39659042258,2553.38388140254,2567.43162604677,2571.82641857195,2560.46329232454,2558.05525982526,3490.38635259365,2569.42108597005,2545.55368003866,2564.27132768592
