,Cycle,A1,A2,A3,A4,A5,A6,A7,A8,A9,A10,A11,A12,B1,B2,B3,B4,B5,B6,B7,B8,B9,B10,B11,B12,C1,C2,C3,C4,C5,C6,C7,C8,C9,C10,C11,C12,D1,D2,D3,D4,D5,D6,D7,D8,D9,D10,D11,D12,E3,E4,E5,E6,E7,E8,E9,E10,E11,E12,F3,F4,F5,F6,F9,F10,F11,F12,G3,G4,G5,G6,G7,G8,G9,G10,G11,G12,H1,H2,H3,H4,H5,H6,H7,H8,H9,H10,H11,H12
,1,0.493661780405091,0.476740466742285,-8.98086040705311,-6.98082847304477,-3.65888073240194,-2.27043077947656,-2.63363410083412,-4.702753012833,-9.41241298611021,-8.02048772735725,0.605704896477164,-11.5367158140016,-7.94880785044688,-4.48486105723214,-1.36974425081326,-8.38578111886318,-8.6022519347971,2.66964545750216,13.8964036529205,3.56020203298249,-1.20966397099437,2.42155820736343,1.63398235305704,-6.77992788284018,-14.7475945272904,-6.93237113425585,-6.25742298092928,-9.13240474606573,-0.381182350703966,0.873342086545563,-3.4958934106171,-5.58412351967354,-3.67153444861242,-2.74681753152663,-3.02047813882109,-4.15433510941102,-11.5091756098309,-7.50636022098752,-5.71134153496678,-4.13678656923366,-4.2633579174485,-3.79709836904794,-2.75016971174546,-8.31486638165552,-2.15513368983602,-8.31019537026714,-1.19220701590984,-4.56501144048298,0.644553953623017,-7.06579385894656,0.447323281396621,0.47064161482831,-5.69666624968977,0.815761969426148,-4.14212909601702,1.21164365487039,-0.447171174536379,-7.09197579603506,-7.69980351824461,-4.70403072923591,-1.25676804417344,-4.15190075200917,-4.33146424073993,-4.70034772440067,1.02871214813285,0.179767616807567,6.4802741394742,-1.71429209889357,-5.25403114715709,-3.74024254084179,1.07079708374431,-2.41650567830038,-4.6079553627269,-5.05413747837156,-2.4958363531664,-3.94833877040764,-2.72077775652087,-4.70167218803999,1.00893059241344,-5.72886513486628,3.34326477146851,-0.881005232674852,-5.02133797741453,-3.2518847602114,-19.9276694946966,-1.32125418433725,2.40601430823563,-0.74564364085154
,2,4.27921364839767,4.84384191307163,3.75718971903007,2.90411228917219,5.82756628319703,4.93326862065442,3.52661135354037,1.08280750317181,4.61235317326782,1.17314577101934,3.64480599917033,2.93885551072026,1.71066047728391,2.14035442002796,4.76573053648053,0.223763407432216,3.88190036918832,8.74026084190518,24.4230957181508,7.26110597056049,3.91837150044785,7.12409284825299,9.25822336383771,8.51096453273567,-0.0504573548564622,6.80351506621901,6.52881948085042,7.10729979584858,9.1817722023311,8.2295744020812,8.35522844170782,11.1876636864063,7.14342528218322,5.74970010751122,6.34862367370033,7.02644120398099,-0.597880888275995,-0.659802853211659,2.08904917231848,2.83270759707557,4.91884496838384,8.1467953227916,6.39135357696659,0.365236880313205,3.73139677359313,5.44674271419399,6.3354688289387,7.42384607022677,5.06148219555007,1.9854028176801,8.21498446827218,5.99364910032136,6.00063767283882,7.21391683885849,1.99782275581128,7.99316843401448,6.59361689691423,5.72004954983413,2.57602058514249,6.47800251275112,6.71027908952692,4.23400696756789,8.36017680087343,2.05722384579667,5.51302097423832,3.89960648113492,8.31500011506569,0.718859219166916,2.91337142887051,-4.20203210254613,5.89299463396537,6.52929032554312,1.51263536967826,0.267690653299269,8.17619614290152,2.4351216365535,3.28607537142216,-0.501728431099764,2.491874491006,1.50088615131563,7.05371742402713,9.10057067252001,7.1070129447503,-1.21152986821789,-1.07553810866921,7.47523660857178,7.67415027659354,5.05199267808757
,3,7.25094733092101,5.43465818688037,3.92763032374069,2.55810597619075,17.4347831768978,6.01815347001047,5.03196352562099,5.65066091841709,5.28775444406529,2.18772977112258,5.61010898891254,5.89996130735744,0.655119462482162,1.57995608821511,4.19570717184615,3.69725816329537,4.54919778293697,5.63279364443588,13.3799671621105,2.24697600505397,-1.09059595866711,4.58728500899088,1.09736426846439,6.20521277095395,2.55432321744593,0.986010323490063,3.46960797994234,2.87648673898138,5.79957128156775,2.80711387707242,3.59251030531095,6.6403563282629,5.21808174246507,1.24856274072317,2.47886721040322,5.25138799688057,1.31982760586425,1.41428576229055,3.76187585424213,4.363325784474,4.91160577672326,1.74079201195036,3.58403632803311,2.84241569255619,5.76047583655463,0.432208652804547,1.78549725177709,1.81974329156083,1.52192262155449,3.40550919266434,5.58591798905081,5.52397056242035,5.14451560934594,5.97274735916881,4.54136032689757,3.6837511901208,1.87405623217455,4.43309968209087,7.254361909208,4.82782977415309,1.33403969284564,3.86478066300424,0.434288255600222,3.58658041419267,5.18276044667527,3.96211816390723,2.83662148954681,4.0686212962346,-0.761755032912788,3.10859652391719,3.00235495089782,6.20416272208922,0.997177054764506,2.54796006439619,4.1880959274722,2.81778365379341,1.60754714501127,-0.53940542537066,2.38022788066746,-1.17971579406503,2.32026047180489,7.71445757305992,1.51309603595109,0.0532789111771308,-3.36587853851961,1.39668841945104,4.95978350296264,4.91798758793357
,4,0.267090910846036,2.09340128762733,1.12080041393801,1.74539734886002,-2.39258992603209,0.382518292684836,-0.362131274532203,4.19901244717903,1.49279310812426,2.19980683521999,3.12171908923347,2.52170915721717,2.35926647286124,4.01132834758801,4.51479789036011,2.94482906414169,3.79278997762049,8.81439666022698,8.00358658768573,4.27357297881099,4.43341471074382,4.55966444295427,7.32975178841525,4.35359985954392,-0.659101286390523,2.94569355829026,1.12796336218298,1.4316401182823,2.48968441415172,2.43640153196884,4.76327391910854,5.87799542274797,-1.7450629691084,2.94789694821066,-0.369822731871409,1.6592035745889,-0.139300747432571,0.938087883540902,0.767549844508721,0.290270305782542,2.9826635107238,4.60335347198588,4.38477380240329,2.65041256793029,2.67287533564286,2.8632691674643,3.01277901153753,4.15247561747628,1.56740935674907,0.148881842948867,2.55210453668769,6.87793942386588,1.26367422425665,0.385771035044399,4.1153515187666,3.90735697140053,3.40641648556539,1.56560351338658,0.791189744732492,3.99361372825888,4.02600176100987,5.20076942170908,6.49549978204232,1.86098079000249,2.64049198926477,1.1323673758834,2.91689397394657,2.97787263728515,3.10672383346082,4.38633843021353,1.59878213001002,1.84730016923231,2.2852077300231,0.0651350467028351,2.39175101818182,5.24716127927331,2.71145665207041,0.709428823706276,2.86391735810503,3.20038950493199,2.08595080534406,2.17774260468286,5.40566427292742,2.90515373769495,0.179178569400392,3.06065974783178,4.7761126755654,2.83000333216569
,5,4.60252321376902,1.96555923952519,3.36984563209262,3.59626701471643,0.438182313727339,0.72183678506326,1.0475645881761,-2.13240759426435,2.12296220210783,-2.21047445871545,0.738624406467352,0.146972285717311,6.91868626021869,5.12577523796517,0.901447801064933,2.79955049633327,2.39602554508292,5.66662490052295,66.2284392381089,3.58953344730935,4.54215533465913,0.482971243673546,-2.75037852713967,-0.116754288330867,-1.24806060458286,2.23304267437743,0.287520148949625,2.61394340698871,2.97280019326217,6.35796964586416,2.81741943256748,-0.30584208223172,2.85511236282809,4.97530777778502,2.84839155590635,2.04902482821944,1.08608841561818,7.21286581691083,2.62378165253131,2.50052956925583,4.90854190724485,2.81744359720869,4.3151584199486,3.63627609433797,0.576843561488204,4.27239070217729,3.16885361131426,1.0242494208228,4.19531989998904,0.0252362679016187,5.14444135768508,3.78562532717933,1.86071630883862,2.76315733251886,3.20848891930245,2.30447925269709,2.30758864657446,0.16940556558211,3.2091572292079,3.66736356843239,5.55394889714125,2.38853665844726,1.22597332473333,4.63251169271462,0.423268431864926,-1.42675168869937,3.96432830994854,2.57766489930236,-1.54984041727448,2.25491516118882,2.54584979084984,3.13186741605296,1.91636300960408,3.48484208455466,4.94493712561234,-4.21670903322683,-1.75364331998026,5.97785860991416,0.82495735814291,3.53479318159771,2.70041227769252,1.67111767127199,-1.05832097546045,1.26208382655796,3.78074022956116,3.45455155636409,1.20681631184061,1.64032799454981
,6,1.26983530355574,5.02222000089387,3.68333453990408,3.19469334207406,-2.57457959065596,2.48001613927499,0.496183896995262,0.388002055309698,1.54682188235211,4.98877942473337,-0.975111537934026,1.39263228016853,3.02310188644833,0.610381797920581,2.34751507438887,3.61944477973384,1.12458578792257,-0.920793267331646,-7.3738720972633,2.44514390249242,2.27273599649425,1.09201325431786,2.79493417884532,-0.262020406570173,3.22656961109806,3.17534499605927,6.29052495746691,2.72109957641305,2.50518921795629,0.864846717556702,1.09338857600687,-0.379466994570976,3.87714862878329,5.33953618477108,1.3279327128389,3.40782399010322,3.08669285517453,5.03195345256245,1.90536698661617,1.49940463799521,2.27826682648174,3.46197891441898,-0.104559440943831,0.949535874385674,1.03055054808692,-2.15662957159384,2.74920394940045,2.60246920655391,3.10685495931193,3.49115054983849,2.0427162432884,1.3923370174989,1.92043981606366,0.628123752956071,-1.04689780667604,1.23932543280989,2.39874879314766,0.0418460676933137,-0.115838473335316,-2.40565611321426,-0.37993745767335,-2.85830263323669,3.24948749083296,-1.87031213557475,2.64932666235654,-0.149994442088428,2.78850020132131,0.984695685307543,6.51916310803699,2.09001297182886,4.58962293400964,1.58190273038235,2.85294967345226,1.79691567017471,1.09914625872398,-0.374133030593384,2.1706255099084,1.50429631889256,0.687085182551073,2.47941949620099,4.76710689961783,0.133837006125759,0.876834363809394,1.49139831745151,3.84425541218297,2.71612158872176,2.36138865195198,-2.72408398520884
,7,1.15046706527073,1.22754863783257,1.87587076841282,3.55485148016351,-3.48806346915035,2.84417033823956,3.57483030607909,-0.179169577860648,3.6922682384552,7.00998737622103,4.38771056509768,4.59369529563173,3.49698184264753,3.68182060210529,0.804215565792674,0.0737147980039481,-0.967070630521448,1.08390415884878,17.2081743551812,2.84240110490009,1.11137968749927,0.307886147918452,-0.163125423324345,3.91029184005265,3.92954068635299,0.190406640842866,3.125258794817,3.33626258693039,-0.124080236273585,-0.27120459555681,1.19005099667993,0.281941181824095,3.27814112998476,1.38374174295905,2.09184670344712,3.60672556525515,2.87400482548219,1.47406486566433,3.99397466854271,3.52894054266289,-0.874389651187812,0.833883680186773,-3.70601883567315,0.676459178332607,-0.62759038556851,3.27082486202653,2.70477191959844,-0.785282006193484,1.3468834338023,3.96691817484407,4.29456493552698,1.87097763379506,1.71872645824351,-2.31187078860785,0.14814287045192,1.3263573054769,3.66810200616465,4.72880823008518,-0.67468435012006,4.08447718715161,2.82162529961715,0.729450441264817,3.82995731990559,1.14291121693668,3.36079385107041,4.17187900292583,-2.74973045310662,1.22247948516724,5.28814675046806,2.18820068132254,-0.870210501090696,3.01749960065672,3.25468827925488,2.90432827137329,5.48699388570276,4.61229082010686,3.82259861706143,2.26954708505309,4.16092702039077,2.54424719764211,2.30826553600946,2.5138097951899,1.49923158644651,3.70246652656306,4.5357362311679,1.87798180251184,1.76604197878669,1.30599512505978
,8,-0.247940298249432,0.0279932961111626,-0.726808938296472,-0.171677717626608,-2.74499052335068,-1.04160578552319,3.29124383352064,0.755839792911047,-4.0375087391335,3.56427085705991,3.15530281235215,-2.28278762484297,0.0333922688550956,-0.0350393330390943,-0.694040406111526,-2.06839354985323,2.89447313697701,-0.789729113238081,-1.75161459225592,0.0625777139493948,0.267559904439622,0.053785318980772,1.43617591404063,-1.0241362154029,0.906575253489336,2.00399030790004,3.08408086152713,-2.59946494159021,-1.10401493172958,1.52327748910284,0.130077917513518,-1.90791000418994,0.855295339613349,-1.35641850934144,2.67183816100533,1.78208827215758,1.84818509105571,1.12835074593704,-1.8391445980451,0.130529165107419,-2.63916701185644,2.98795912440437,1.62358797839352,0.596140737556198,2.54431239313863,5.46184660383187,-0.35736503402768,0.256578031088338,0.986131488392857,-2.37456458234101,-1.28554026419533,-1.34996083393571,-1.00339212765402,0.640393678482269,-1.16481315668898,0.30349639989663,0.821958795115734,2.08027941383079,0.189574683944556,-0.975880152286663,-2.05437239117691,-1.26074746091354,-3.72994439202421,1.81244069553486,0.924052036498324,1.45625870047297,1.03085683744848,-1.37639443495027,0.427847260972158,-3.40557277324433,1.17972386605152,0.491570218628112,3.29519476069027,-0.563143568331725,0.838336635734322,2.70600920121069,-3.50997882651018,0.896445714074616,-0.783459682922512,4.03973995021533,-0.147719668690115,-1.68901455292371,1.07362921539425,0.791351825050242,0.70573889532443,-0.407980769364258,-0.209362626238544,1.19017546443501
,9,-3.70310586685446,-3.15905719579041,-2.4849012010468,2.4870126314263,-2.24063497259885,3.07552413739495,1.89826803994492,1.71113486579316,-1.05450559825249,-0.564378421837773,-3.4228698712709,-2.18281316613457,-3.01977872680891,2.52158715921723,1.31144236149612,0.783030519785825,-3.01546328811583,-1.4955842105569,-11.558596773752,-4.22908911501645,0.400847833683656,0.436635269340059,1.8264365391633,-4.07469149187136,1.42823462681281,1.84953163731325,-1.93353063638006,-0.962601056370204,-2.32162519781741,-3.28211691019305,-2.75253784007418,-2.44647254361735,-4.29229178198739,0.174021444087884,-0.837633555476259,-6.49126301200067,0.582010037926011,1.27437887429369,0.350384872068389,0.296570016435453,-1.7106085272685,0.634213801077294,1.56877804736814,0.579261686612426,-1.3858342199037,-0.124855407689211,-0.660752568617681,-1.4320545581445,1.01315778721664,3.76753452952471,-2.37082764249726,-2.50072856841552,0.752805101284594,-0.295697347857185,0.411554725962105,2.45645769800785,0.540884843275308,-0.816743402332122,-1.14838529969984,-1.64006351169428,0.265519527429205,4.66168486940933,-0.709452541809242,1.22799392196248,0.118089389315173,6.46128812407233,-0.0320484919584487,-1.46704575656804,-0.355134973825898,-2.59694907786388,0.423087928002587,-2.39924845622954,-1.6599368417551,0.00155928281810702,-4.94600261315145,-2.05975260125115,0.448687382735898,3.64741091535871,2.40968950647402,2.35854551235161,2.07981744756489,-4.91795774936691,-1.23562045858716,0.447896114097603,6.65984332636799,1.13489769452644,-0.942494202354283,0.489887284958513
,10,-2.46549295417208,-5.3626312557617,-2.00520343124072,-5.95190961485287,-3.03651171173033,-2.7287651462143,-5.82769231725888,-3.8915726312789,0.85899502430857,-5.04276468895705,-2.04113942950107,-5.03386131109983,-1.17859196399013,-4.3484358859032,-2.470803221408,-2.16948240830834,-2.79586992992881,-7.0476376836391,-33.65309748767,-2.79059807347721,-0.978032333243846,-0.230884959881223,-1.0287633876269,-0.877233149013591,3.05472542409234,0.788676907299305,-3.75853536005752,-1.67248311201092,-2.61325758079329,0.826305520879032,-5.37153423294922,-0.611098695685087,-1.99146460464181,-5.40010093833507,2.50326821866975,-1.31214341620307,0.398109293070775,2.6583119120296,-2.81180588049301,-3.57151734958052,-2.125259123055,-1.49038925152854,-1.61858310308253,-1.47472372174298,-0.894416140284193,-0.125557013294383,-2.88598446665492,1.37719423319231,-0.921523489490937,-1.88171562387561,-5.68883048849148,1.11071987628566,-2.66916786669117,0.282567123261742,-3.30204193408417,-1.9443717185718,-5.24268824984847,-1.43315441148934,-1.81312370093474,-4.43141657845945,0.663321604345128,-1.41773562533535,-1.64426853039549,-0.287868122997224,-0.461529342551785,-1.21097756733298,0.609894914191045,-1.44118718491291,-2.17880443794138,-0.402999992243622,-1.11546467880498,-2.53979803678703,-0.901252685687268,5.17519765290217,-4.26076839238476,-0.215618725821969,1.37364305342544,-0.724344906317128,-1.01652186692945,-8.25999621172696,-3.37132837318268,-3.00610856619369,1.11653401186641,2.09007422377226,2.02021147590312,2.74566323782528,-2.94596692665436,-0.56495612217077
,11,-7.00026932961237,1.3274904497971,-1.96167208750239,-2.64651008188503,-2.27238914044756,-2.23193412368846,-3.21915079107566,3.13080159746005,-2.44880870898805,-3.83099662908216,-1.82692278671175,-6.11136052680513,-1.11404510785587,-3.33130688728352,-4.04542813203216,-4.77427640277119,0.880364267933146,-4.28363297039232,12.0727488342563,0.909911735690002,1.50628540926618,-0.726171078985772,-0.116962160216644,0.0642012902253555,1.0360491674046,1.99825936290881,-0.528907441810134,-0.0426574294560851,-4.44874177781458,-0.374655386771792,-1.38969631634927,-2.37031318224581,-3.39179672710634,-1.36972623283827,0.322298118072013,-0.742145453102239,2.26857675879228,1.51281778258817,0.346824112093145,-1.30684581187506,-4.44357757275202,-3.10883406375387,-3.12515845148573,-4.02022785390636,0.965820682054982,-2.82569995360882,-1.1827182847228,1.68598624017113,-2.46944029582437,-1.08816918530329,-2.10711548223935,-5.04936425823462,-5.52239337571609,-3.87124221249724,-1.17550564592693,-4.41815475720159,1.35899017447946,-0.577076867121832,0.562793428807254,-0.87656833921983,-2.06995542854793,-5.91461840740749,-2.69310142583117,-0.139807338309765,-1.75091256605538,0.376088933418941,3.06268614241162,-0.946498985313156,-2.97139650838335,-5.49351998438669,-1.19981613559366,-1.05250744078239,-2.73186763164858,-1.56780827898456,-1.77654636801299,-1.16516696087683,2.95701967751938,1.08516377517753,-2.27900149645893,1.90876390282574,-1.9194480107567,-0.272564452113784,3.49044670325884,-2.19463361321141,0.22764075244595,0.566665006575931,-2.09508146499411,-0.979011331066886
,12,-0.638253063849788,-0.452139373382579,-2.07851596461614,-1.19430717318846,-4.51244993602722,-1.66930901428168,-2.35230711376471,1.94904764030662,-2.38364535752407,-2.16365080146397,-3.50095862774469,0.651480468733098,-0.0827612107086679,0.792626998440937,-2.82052729286488,-5.05375700530431,-5.65711719817909,-4.75059205501157,-38.6462408253915,-1.4479330023828,-2.04606575591379,-5.31711089532701,0.284996467561996,-1.28115514983938,-0.844466111544534,0.335243259268282,-4.94984628341081,2.53868456868759,-2.703311256289,-8.07008164480794,-4.79696775760021,-2.36685437837832,-1.76960281656511,-1.27705342271429,0.543600773084563,-1.91910346286886,1.41960531083078,-0.258605597391579,-2.21836973252812,-0.831662356730703,-5.37217816773136,-5.24631299463999,-2.71685364759242,-1.65025751740768,-3.90870394325566,-3.22557398971321,1.44004686876588,-0.159605038827067,-0.153208952891418,-3.41739648399107,-7.46805202646419,-7.16080231060869,-2.96282681079538,-2.81351859319329,1.98127593029994,-2.69414658985306,-3.40272778994085,0.103071100772922,-2.43504744052461,-3.07230253100988,-0.579904348416676,-0.855815508533397,-1.01822700445155,-0.20660255821258,-3.2057392466204,-1.66002511703027,-4.1991245629788,0.969091592286532,-1.68100666312648,-2.26346895470488,-2.53753174005169,-5.50197464200983,-1.13894910531553,-2.49360799055694,-2.56000432079099,-2.36749938175853,0.817465421740962,4.95178549771936,-0.235412347027705,-0.554210365326526,2.80273546820763,1.608230450468,1.61593569593197,0.39939354201033,5.24699592941215,-1.68548146797821,-2.62807588591386,0.451861320933403
,13,2.74850861203322,3.82610269344877,-0.0927158507420245,-2.18764503742159,2.08675619716996,-0.652192571104933,-0.504821856569379,0.252047957591003,-2.63124626326771,-1.60734823560006,-2.64413204700259,0.35690265806079,-2.67243375909538,-4.65918063343952,-2.91140752211095,-2.19996187102834,-0.634299725889377,-2.36874865406389,-27.1618969533893,-3.40416763365238,-0.459635132449421,1.02014547163481,-2.18178938141182,-3.36758272724364,-1.61551807568549,1.76037939045864,-4.19684073073995,-1.44904757815038,-3.89148538535892,-1.29547508596988,-2.63984893503766,-0.844217326946819,0.516545808313822,-1.84746160588884,-4.0842285529402,-0.737199407404205,-1.19997049207541,-1.24077886921032,-0.0451126895650305,0.685158788939589,-2.85916576450472,-1.90522083478209,-3.42970991724496,-1.33817270798272,-0.0402112230176499,-0.415618609894409,-1.3183687331898,2.27223428200614,-2.5580387099667,1.62496537953893,-1.81387227932555,-2.28905875537885,0.399286352513172,0.521750464643901,-2.94871488675653,-0.0301857125446077,0.411223821702151,-2.01392972033818,-4.00237503023936,-0.703369855504661,-4.29839799378124,-2.49572034445828,-4.5274108876838,-4.53945191341109,-0.157757256091372,-3.69289467027966,-2.41834830397966,-1.07347708373072,-0.282278147447869,1.52551948909422,-3.81129488513898,-5.16405017428087,1.01133022993326,-2.30837925652077,-1.7987759417224,0.00847897974335865,1.60051909772301,-4.3166352108442,1.06065081964289,-3.47904729300717,-0.846431769095489,0.575141264519971,2.45600007923076,-1.52818247719642,1.16233407917571,-1.00922912287433,0.428528084223672,2.57287350586921
,14,13.6151512786864,9.3220050565269,1.03278327758744,2.79731290197014,3.93850153082303,0.453787104328512,3.50356261348452,0.429527381256776,3.021301397569,3.68372947256012,5.01589854767053,2.55580383319784,-2.84706365179318,-7.80855600505947,2.24011234693353,3.88332805647178,5.06493376966546,0.401855078183416,-40.3500283655203,5.36130674226433,8.01142197694935,1.73550406483582,1.3402661447426,3.9009570994258,1.18225691055613,-1.48696015257474,4.03574537932172,-1.95206370788856,7.3957741322215,5.33728551086278,5.99492238406674,2.74458178291616,1.5916975256805,2.31159635697031,0.609993144320924,0.349413383549745,0.296160639589289,-4.78859774015518,2.26322947243898,1.37155133836222,0.635953105081626,1.19901916555455,2.64280987599705,2.29523676726194,4.33098379687954,2.07975314921077,9.768883139438,4.09181346791411,1.54905049427907,1.93662270184223,-1.01663777780868,-1.11725748407844,-0.199659828638232,0.99762853160837,0.461242019865495,2.5399789090925,2.82801521258352,0.335629013584821,-0.563040975504919,3.49213449161925,5.38591977124997,3.28520921586596,2.90519352022238,1.82829808836232,2.01292339036308,0.554447717223411,3.96055827687087,1.16577348861119,2.40621667466121,1.26871851123587,2.42578662430333,-2.0530089460708,1.76358213061712,0.528800417761886,5.02881286830643,8.03672303808207,-0.235444260381882,-1.43427133683781,1.88779883492134,3.97021004200496,-2.60733510516866,1.35118647210993,-1.31169441274687,2.6403090503959,-3.50835487765653,1.66516372645992,4.82332179754621,5.66537066088404
,15,25.7793991051144,20.3855122906812,10.6825242123305,10.7624438111893,11.6721216350866,10.9226729886373,8.05420481167448,6.09298365854238,10.3796451549374,9.17342579713022,10.4873387783568,10.1290356233785,-4.41063751893762,-1.36568892015339,13.1298782256204,12.2176300171127,9.2327251749316,0.581757509933595,-17.0929933340685,9.06922946288523,16.5200492215549,10.1793287023797,7.35994719258588,1.32623463120808,-0.649739625083384,-4.05747211069956,12.0147072883651,9.46791778860097,10.5846980947626,10.1101168221826,10.9263447924855,11.2720944531261,9.51764069890032,11.2273906896999,7.29421120820962,2.98805588356527,1.82314907755608,-4.84127477980928,7.73443448450053,8.06697547887643,16.9749700520856,14.1409568204667,11.851807313667,9.66529784451859,7.30170028722705,7.70835929320356,18.4826623118533,17.8036264815701,9.25954310921361,5.90640021304171,4.53256950777677,1.58797306908536,12.4712165055621,9.25738676418177,10.9745882132456,10.6358942708544,8.30151725250744,9.23722344263479,14.2714706371262,10.7224792093616,8.0465673004469,9.95686291775473,11.222397134678,9.67422793579226,10.9554500611007,8.41929793911595,7.84851948392543,8.75439223715239,6.26466734122414,10.42976262614,10.6072582956654,2.52546032604505,6.72609617480703,8.70330362618915,11.5869593096086,34.4993338344843,-3.05628282620319,-6.98510276710431,5.68326631006357,6.63325946412397,11.5245864437757,9.54501565050896,3.72757439980796,4.42940905429668,1.96825290515517,7.64775534920273,9.67717551997657,13.4578800012464
,16,62.6426914884078,63.5778554853068,32.7846412453478,28.8307414095543,27.2814035601364,24.8788122427195,23.7500370769253,16.6376443380973,28.7331978789748,26.1225391519492,27.3619866723943,27.2594809883417,-0.443799544178091,0.951538807038105,30.3952339414855,27.0162935812409,22.3114112365465,20.5007854040778,-0.34868450417116,25.6198020960651,32.433646984935,17.9089820284662,16.1500005041971,9.15716010605047,-3.20578085491843,-4.51874518343811,32.5678877908063,27.1107716575484,34.872236411049,30.472427822549,28.7427202127797,22.8601140525966,33.2336847589254,29.3459174466348,19.0149598105563,9.84500477428492,-0.17234633338785,-3.23255878864939,17.820153564724,21.6830675467681,43.6284548209901,34.9638408724973,26.297338302053,29.1284614557912,27.8053942091497,25.969948897005,37.4302060040181,33.0844350471871,26.426474512492,25.0127592866947,15.2210357202603,19.4263557288918,28.4276845052532,26.5331899690641,27.1209124262277,23.6532942675717,19.6203265576341,26.1577990538167,32.1926394548841,29.1040890820668,27.0974229138192,32.63706969342,32.014270332284,30.4494117441068,25.3060593319265,27.9374705871055,27.8920775474362,30.5779326685747,23.3895501695702,24.0145865571876,25.7664601352203,16.4961588481642,23.2723021954544,20.3563854101703,33.0263716119603,52.5267874484457,0.4181549923901,-2.40081529135159,10.6848568507403,16.2616464388198,28.9715528551642,26.6685280235984,20.5275746612042,13.7319819610307,11.8181388658531,22.2812403109838,29.1234319301329,30.3793258721835
,17,123.707987297379,125.705420115315,59.4138902464697,53.9533224268112,63.3913926071355,52.2319268140691,46.1543792889629,35.707756410925,59.7826138237001,57.3520298488043,61.9119942229877,59.7622757692716,3.82436250460296,1.97557019010355,57.3497438639961,54.4700285363533,53.2635164723361,54.0626817343441,125.079043629094,55.9921648543482,65.1401897666474,45.2382149607593,35.5541682114135,29.5814212993309,-3.8085299715367,-2.65646020285021,71.5023777218948,61.4239001404817,78.7495387010918,63.495295908544,51.9865725935665,54.177824421989,71.9758655362843,57.8244958096852,46.4597875215168,28.624009972943,-2.61693727680313,-3.29102263591813,44.4139546417446,48.9581576788687,86.6514450930986,79.4735586671154,55.7638603236819,57.697011587205,62.7819251698188,58.9476524340866,80.5620785049628,71.1087105816423,55.1284504070627,55.6217731240076,35.0821561600551,44.3227802428428,62.1528378074122,52.0989040266268,54.4321559209243,54.4741840973197,45.5241269456174,49.6479401859897,64.4636243724904,61.1732983313882,63.8280412128938,68.761822125769,62.2530707384135,62.3482074105268,54.1915616075194,53.4587265107816,56.6516754222243,59.6642243432107,44.1239088157281,46.0626098406942,53.4232402368789,43.2563797576913,49.7853190573269,38.8617698694497,68.3363350257873,87.7427921080412,-0.45413035932097,-0.71772852605045,24.9018824352256,31.4403401939708,57.2979782291541,63.5670195950179,46.2257110099035,40.1959979219087,33.9866029565383,48.0853555023491,55.5702853917205,61.3115877071723
,18,231.414281594467,240.147885858305,109.819909352423,106.510854343293,113.830888168755,111.33993147409,94.2733039516984,80.1164712854993,121.655767183494,114.850734981554,124.296326618799,110.167507699596,12.5155594145358,14.7725685872983,117.500571226532,109.502051501114,115.021280046592,107.514696440658,138.159812213897,115.753613596543,136.144491009646,94.6210547770866,79.823635527267,63.7129911914753,-0.444093048705781,-2.42361079351076,140.733234217776,126.8351397078,152.552190994687,143.459271924078,109.639570715049,114.79201409028,140.750758731644,119.577866982005,99.7255549015367,61.2067033054727,-1.11974199965107,-7.10537579935317,91.7929865175338,102.570102405731,178.936924036776,160.806796624182,113.632272578791,117.936635342313,129.846243963669,117.061501607239,158.705698061999,132.133869569457,109.853498339248,110.85190898007,85.9562197773716,94.5057076124745,124.629173612584,105.436545704417,116.465424831437,110.478158141098,88.9075613067907,91.4374384604384,129.721924417147,125.899884019274,131.399193144227,135.254397828295,127.675083589596,128.334447822444,114.340636415109,116.824687337052,119.588001711152,122.43770508301,89.0379068712973,98.643647125105,108.085079750128,99.1969614125273,99.8936977953854,87.4384405193136,134.979085534754,157.866353429915,-0.264719401194725,-0.618205137136101,58.2995733308494,67.5079434822751,114.599017851275,116.371786142951,101.916021634766,84.9396600112877,82.5129822168847,108.247212114322,116.214196323789,128.376238719064
,19,427.72822779448,441.90945932554,211.487404135676,209.29262920515,217.4167212388,210.733500211729,178.8150683483,153.492160956613,237.906217799998,221.833228042392,233.335085089536,217.464839471017,27.1756917766779,34.3225208107615,216.351696392847,209.348680287596,214.327955249219,220.286339823333,306.33694467689,215.324218126733,251.686960273064,184.064706606591,151.916117692518,133.738240492891,0.030235131790505,-0.722027353807334,261.581757756792,243.84591445629,287.519580489219,268.868057053201,201.989521458562,214.115121894929,260.756295962098,223.340890695372,184.650429615094,122.868372730421,-2.83677767145218,-4.98143497125011,173.914765845007,192.547871155596,334.518743993111,301.796463044696,215.959062817566,216.881694616251,242.528279511444,217.615291417888,296.255426856337,246.382391750637,207.794630506493,211.520146171247,170.563695849177,182.960116161327,236.256120090316,198.091169960938,219.62619733668,214.894439554477,172.752164874353,182.237751600476,243.743993863677,240.472218390964,250.804130256985,255.158182385214,242.162349748231,245.214828699979,221.491214977431,213.694163657251,226.61239032768,221.415016786388,161.696504954477,179.287489206863,198.041801314222,198.839959009286,185.155745333419,165.4425066468,256.04306859198,280.150953056052,-6.44487302476136,-0.220961731659372,112.512767605161,120.191392825304,214.860446697586,219.903240003726,183.054908365786,147.571189794889,152.777950192689,201.004425600431,213.951421799455,235.60409456022
,20,767.985362267987,803.791200013959,383.061196287927,372.30414397529,387.505690891539,383.512968881454,319.245408116198,286.450071362452,423.431630250257,405.197390675845,420.417088080295,387.961861170044,63.8383196410682,68.3468093992365,393.632384117165,378.951102511138,398.243383416706,401.062657564636,590.064979295411,386.532209817484,455.549611658974,339.639112930976,280.813378095557,252.342563642204,1.09767068895144,1.2916504401087,464.60110468779,442.388543465134,545.362575745961,478.969232039411,371.703455333763,390.667066313948,466.934284263715,412.698303147983,336.872582101102,231.090628992254,-3.65195417577797,-5.63265943520628,326.194413574506,354.531634775976,630.919120796886,583.142903296425,392.493042434123,397.860203970781,444.598086911361,405.117371280774,565.607575642215,448.245722086962,383.257675267359,386.006262342738,319.023358854492,339.69091428337,424.490512194473,362.710654227229,401.761500141875,391.273320700444,321.299419660812,330.358360455055,444.32477229086,442.18642908932,453.501317297288,459.248386388842,439.064045516081,443.392718002877,408.667137676158,393.490314977132,406.36004504216,407.400517615601,300.44297048414,328.464516294363,371.17984159978,367.20001525485,350.861327201453,307.498393361767,469.868084051274,525.661482746475,0.116770020580134,0.0346767579271727,208.084720722876,233.426637250689,398.44284213897,406.2429123936,348.659412971047,282.446277051795,292.841253276946,375.404687154822,389.663916792085,421.61408124372
,21,1184.33001201465,1240.19690622398,695.957310683991,683.274561261902,711.242394205213,706.085069543154,598.097155097773,543.329090318995,774.12009282677,744.919045834285,763.089715239464,706.052368689932,121.658291324392,127.881759348538,714.261520772081,712.822621961987,744.944232307463,745.594583625091,1048.14533233279,726.05720294614,827.78142515153,640.301637405303,535.120727624404,458.499264297797,9.97564930081853,1.7750771882279,828.923449576838,802.333342104878,883.043786982964,871.229729506504,690.685313498007,719.594293012781,842.112048339762,759.17700925874,633.212163272493,423.722288683627,-3.82400147285034,-3.5494466980349,614.251192892773,664.061027555408,1007.37160438202,954.797009339832,728.811084141675,726.592202649783,816.828611221145,745.483507501873,918.869662090954,809.73444510739,711.347130907896,713.592656178982,607.468275785695,649.150460708696,778.892918966018,678.207348826169,747.939075700871,730.25746321674,611.552179204539,633.871293935974,812.340320302526,812.289497347925,820.08664600226,834.620942373644,805.352082551575,806.709563214201,754.600772418735,732.364542559003,735.794291765553,748.319253369947,569.695955957371,611.673908336497,692.269688357374,690.128355647472,650.040676756829,589.068026969327,845.74963880739,852.799545272272,-1.55342894592513,-2.9413040410459,379.981428364367,413.389348032426,736.835304007518,728.403281505491,656.484562032066,503.315564750089,556.180566057488,699.904565926787,729.265432669744,760.633195677137
,22,1680.66239077128,1752.93967348215,1085.45063633877,1076.36397987338,1114.47639675372,1107.21558987296,964.499547048526,887.799672537386,1205.29382359687,1171.99804996377,1187.74023619153,1109.16325288222,242.603426521904,245.698945866758,1116.23775049881,1134.53503739337,1180.62748659806,1176.09977711427,1552.974459447,1151.31174838739,1281.48642741087,1028.39309131656,876.709643014023,822.377603942334,27.1018691482232,13.2609921118164,1265.9215235158,1242.58493117329,1328.11712591539,1341.07024195079,1093.58113181453,1127.51204878425,1285.73230773381,1190.22018564347,1007.07784475156,774.224782624392,-1.24478168095857,-4.27942506294448,988.06232844429,1063.57882560885,1479.30224584936,1444.17643185076,1154.2795230907,1134.18677678759,1273.7769177017,1176.73591716314,1374.99501687349,1250.34068137859,1126.1831531173,1130.96757307432,985.776340853684,1052.77420233116,1211.47519385802,1080.87438412011,1180.53231492968,1155.87271980308,991.805217917237,1036.48233756316,1260.22569091015,1271.14819186369,1266.42248903829,1291.29347132046,1252.48057905919,1252.49232672621,1189.99046041536,1157.4289057685,1136.57146499402,1177.53220881034,930.155851758418,983.859251186865,1099.57506676711,1102.21948573027,1034.89646442022,962.821052178288,1303.96831845511,1278.05906201415,3.34151086525708,1.63689497882524,688.354580694729,754.205748833006,1158.80430927899,1118.82331406468,1052.08297064019,894.147458259515,898.718188357195,1108.85774444868,1158.15807125506,1170.66920304563
,23,2170.38402482017,2260.40609550685,1549.9253911891,1551.32894915719,1599.93329967918,1588.90905445491,1429.16067148489,1340.86529295473,1709.98100792151,1685.1793082069,1690.26831363409,1596.95209067172,440.571124859342,451.952052499164,1596.95254894206,1648.28664042612,1704.57956763054,1690.16981958724,2068.18932496995,1666.74491069864,1806.39761684113,1516.10222329993,1325.12869899058,1261.75260593146,55.3976924481208,42.9930732686562,1759.84983737565,1754.35190826007,1809.55964680027,1872.93638169944,1587.61915793984,1610.62464841033,1787.39080505185,1702.25873476332,1456.62323620147,1202.23990506036,10.2360117089056,10.2286846353563,1447.1311338147,1554.27809256813,1966.75491696265,1978.17453818493,1666.27828146542,1614.52277709865,1805.15699872943,1696.83503353751,1866.92257949741,1762.78990498391,1625.538982393,1633.01547502685,1470.57411835822,1562.5847386695,1719.4624099733,1572.91802803355,1699.73725760743,1670.13116534252,1476.36087474643,1551.36277124475,1779.15310652337,1810.89272449313,1776.49406850872,1814.86293337351,1775.8073786172,1767.41727256846,1708.36242390337,1676.78917481434,1593.59504729467,1690.75148766899,1395.28476701303,1444.76767066429,1590.22679312861,1604.55722489303,1498.77415797013,1440.34917014904,1823.65960360758,1747.13069601984,5.2919178276461,8.3651253099838,1053.96988186949,1163.00152974266,1656.87362167268,1564.60054572211,1539.00173312743,1347.78125777598,1320.37543287971,1599.7675055518,1674.95002644858,1640.25962750877
,24,2590.14829256398,2688.83666590108,2010.72514849411,2031.38639955569,2089.26168501995,2077.06256057995,1929.76919099175,1836.48897891208,2208.38769509384,2203.41974149101,2190.85492938402,2095.35642804764,782.395182127691,800.777334122492,2071.63443415692,2175.52900213214,2234.5891232631,2203.34964122039,2512.2146006334,2193.10515199743,2319.01204214602,2032.55300647857,1821.09104920284,1771.12414775576,99.7558604285196,85.9172551267284,2220.55829709024,2247.21814126364,2244.22502148922,2379.78302817205,2095.04621222451,2085.98738270552,2261.94594670785,2210.43016161862,1912.96144555507,1705.15055643032,7.43626925596936,3.93787331188105,1934.39478296159,2067.14078173458,2399.9797960529,2473.69746084738,2188.85417800003,2092.31255636204,2330.63538213881,2224.52794176375,2312.47646571685,2263.18741407167,2138.37178414338,2148.56495528572,1997.42619009408,2112.80116561744,2222.88279219554,2083.20857413949,2228.91845368078,2199.87380970237,2005.49326054627,2119.66197892758,2285.82889283733,2345.41854015184,2265.04770074566,2318.6504953121,2291.83587396274,2275.99382519745,2234.98087288621,2212.33394037846,2037.72311535076,2208.98859423714,1909.19669005368,1936.26998665894,2095.05761596584,2124.18236776501,1978.74294132425,1966.62791978271,2328.79828536997,2180.27270935584,2.68067452102605,1.24337069421199,1473.09599910386,1637.41882729147,2151.24633821771,1992.35204780584,2047.49037723591,1850.7023915291,1769.06119694096,2104.38095068561,2205.37633501079,2095.27299963853
,25,2893.43107615277,3002.00913646081,2399.40360677016,2438.64380875241,2505.27722710352,2494.86617561372,2380.0040188336,2295.66955896399,2628.99123168847,2647.65536393388,2616.54080984025,2525.61624772383,1200.60243230961,1227.13763921331,2472.63731409615,2633.15637550411,2686.08029883898,2638.64382670316,2836.31964785853,2653.37148724049,2746.50936323527,2497.97943968674,2287.39594279417,2267.06959785075,182.089292776047,149.081733857528,2592.46261853901,2656.31521823552,2571.18596103526,2793.50192485749,2538.16188848911,2490.7702804491,2647.45577146353,2646.31913950237,2305.54476842315,2203.82192375459,18.9141365252544,18.4483939558522,2366.47297331707,2517.15062277739,2723.55213892849,2861.44251950968,2641.63946904363,2497.26724039427,2774.04750277693,2685.4874764853,2663.34895348578,2676.61744786342,2583.69141836742,2595.38370272454,2487.56086120251,2616.2264935188,2644.17577431096,2529.57849092423,2690.60073256609,2660.60003069941,2488.01386596195,2654.10918812121,2709.50325208724,2795.92520711768,2666.00788330385,2734.61291285289,2724.54761775957,2703.06751584126,2686.57553117173,2679.10893015712,2402.09502013347,2656.00807909294,2389.21177695347,2373.32805332997,2533.58492063209,2581.00825967678,2394.92999992996,2452.18636748153,2741.01851630424,2524.28598577463,1.61777557652294,4.50246853202225,1886.23407560132,2107.51461389479,2570.55770323841,2340.49715993665,2500.83480223571,2324.3542976135,2166.84097985461,2541.15310538419,2666.58617171613,2464.88949478794
,26,3101.56248144454,3208.57789803592,2686.91558909183,2742.03159955297,2816.53800978736,2806.8169891532,2726.25845499772,2661.14987160008,2938.10718933879,2981.40420196759,2932.12937357723,2846.64571660692,1703.6633115799,1730.19679110598,2769.1546453216,2984.74333921553,3030.43788442792,2965.73023979983,3053.1585683034,3000.85347561121,3060.32743159687,2862.41615520067,2664.67993940078,2675.90793656814,331.628973058114,280.536970370535,2858.0871404757,2952.95642298066,2804.53287319728,3093.10568971821,2877.18011343484,2791.54242817575,2928.67988835709,2973.19403368484,2606.08556150085,2632.73123009073,40.8514545195167,49.2360809890661,2709.77254413109,2869.38085588076,2949.28243580422,3140.67532097595,2990.67979731235,2802.59003295744,3106.77022585097,3040.72601687144,2912.08269216479,2980.41866286529,2929.4244008835,2943.34410146877,2882.39622402329,3020.57096596424,2957.75567046427,2878.50726158476,3049.4665376856,3017.46385944283,2877.70591425168,3091.89510480169,3025.66493071568,3136.99966443918,2963.03224084981,3042.56169839267,3053.43426165864,3028.37587515966,3032.58815392629,3034.10587374132,2676.11288138527,3000.82653603983,2786.33394639646,2724.68276121292,2874.47362842554,2937.73580795568,2721.54547418103,2850.55074530639,3047.23686233728,2768.54359142594,23.639481186734,30.3294746432903,2234.75623848611,2508.74635262553,2887.95119532559,2597.58025103059,2856.58285753642,2714.72024579213,2487.10038953817,2879.47233233203,3023.05123435444,2732.69669431653
,27,3229.3350744131,3339.59109174428,2885.83420005018,2950.8836870578,3030.9148020346,3019.10807057572,2969.43894971957,2923.25021496184,3145.6471592844,3211.15173278857,3144.013511644,3063.82787742893,2211.9665414409,2233.06546573453,2972.85316004973,3227.67238370927,3264.43914968203,3187.72405672124,3196.48319380779,3240.68345065511,3270.25846192801,3121.08764948702,2935.7015881771,2973.89228240766,623.184673399537,500.948905164584,3037.90003454195,3155.27282312319,2962.62877518901,3292.82643906223,3108.19270811492,2999.09958858258,3115.23978412885,3199.11628455727,2811.98050899718,2950.78125052969,86.3607650089966,101.798321243023,2943.53510999961,3113.80723074286,3093.44934143078,3323.85422674548,3228.57268997098,3012.20876195456,3330.21114533223,3283.61164452019,3077.97951207148,3183.6904313452,3165.30955670936,3181.31219203166,3162.62622134204,3300.00078061603,3164.65764133316,3114.11189094816,3291.6679234803,3261.32918739789,3148.25303575159,3402.16366253835,3236.05134416125,3366.16363326212,3162.91730960743,3246.89401473758,3296.56525683274,3244.73954122003,3266.48189523435,3273.05014076082,2860.93861851555,3238.57719208534,3070.74069143948,2967.68736997917,3110.10203833499,3182.09047526693,2943.54190213966,3132.6236879682,3251.41400395801,2928.88620664903,53.4116983298131,56.9036910832479,2490.06810518651,2807.01848018135,3105.5660312888,2769.69929651497,3101.46537283672,2995.362967937,2708.52004178449,3109.19429819518,3264.48130584341,2908.86845366344
,28,3312.08538614469,3418.57826539824,3014.58792422305,3087.19247653725,3171.78336786975,3154.7765405248,3127.87472117214,3096.12228621505,3277.77084071772,3353.45921223335,3276.14047642354,3198.7529378376,2654.03921906403,2661.76388196748,3104.02469199455,3387.18922750626,3417.53001350304,3329.81518462298,3304.70352653121,3390.74762767398,3402.00946274899,3287.13870920178,3113.18871128768,3165.73434431517,1001.76718694718,875.725118228261,3150.28158615974,3281.58378328111,3069.78159063295,3419.31704439533,3258.07227386168,3127.89408532274,3238.40540600278,3338.56165986853,2939.79311046471,3162.97887431263,160.813873558586,179.405042505127,3091.60582014009,3268.55061169809,3187.58691489975,3439.15031890257,3377.35871615621,3141.43099468567,3467.43574154007,3431.72716970281,3178.17449303406,3315.83114391423,3316.2993939169,3330.83346188123,3339.03231146099,3478.99031486153,3299.00263347742,3267.30452129261,3442.21858002114,3417.3982471616,3324.5367616307,3593.85928048876,3367.57519873024,3510.63315615751,3286.17097421551,3374.50825342509,3459.52990107085,3376.74418579356,3412.32922100988,3426.06296499608,2974.51672123517,3384.23193851833,3247.31138571809,3119.38921304897,3253.33093787666,3330.3645307159,3078.4317733328,3309.11926528024,3373.71244381358,3026.83310491726,101.012738722083,108.682789659106,2647.97554690633,2995.31095658882,3237.06638529768,2875.86414423281,3249.98032944298,3171.78511217533,2845.18660853922,3249.19559335738,3410.00213398017,3017.57518926284
,29,3354.10182200221,3458.74124880854,3093.61314150481,3172.03560982071,3257.44522676868,3237.38091586337,3227.70665513898,3199.87767914363,3363.47655790898,3442.68784839002,3361.08991756657,3288.52536707135,2978.29925704641,2976.08215995563,3184.77366209269,3480.68443104101,3507.02729209824,3416.81884170602,3365.48086235354,3485.28223281939,3485.78151321961,3395.9793665699,3225.71889589415,3289.82218795444,1481.206698649,1307.47756151891,3223.07339934643,3358.76850701483,3131.897626076,3499.52286348475,3353.30347863828,3209.92616792287,3317.06034794603,3424.96324209507,3015.13139583967,3290.14290338461,290.26056254522,320.763472290686,3179.62019612134,3361.10263845462,3253.55224775509,3515.39431980037,3467.46379757234,3221.47645359734,3550.08963226316,3520.36306401169,3241.64365087311,3399.08125827739,3406.09873092298,3420.45515897438,3445.7965544575,3584.68726305592,3384.14815246942,3360.35093307389,3531.64300076645,3516.44319768518,3430.22190672719,3708.48577197592,3450.18651321229,3600.88478157681,3364.06618555658,3454.33114649995,3565.93740282763,3459.51020764884,3499.1579913749,3523.3586728767,3047.64367029786,3474.22515409981,3352.75441298024,3213.14892339867,3342.69604137909,3422.39460633316,3161.23817139867,3416.6499597589,3455.73162998007,3096.22518208704,173.027801313793,187.187042645198,2744.78460424087,3111.47159961465,3321.78827820098,2945.26499893352,3341.08433592012,3278.16090096966,2925.60016239026,3337.04106096821,3499.369346843,3091.30390524054
,30,3378.13164303096,3478.80680370609,3149.07641543757,3228.06125832588,3318.58060615085,3296.83788003526,3296.60106835625,3270.26764104837,3428.31292434203,3508.52917235878,3426.50769050345,3354.2548292517,3201.72597475938,3189.19618957548,3250.11525206285,3554.1804620831,3578.98723245204,3486.89159327012,3413.97778752265,3555.04434570128,3553.20108493833,3475.55130484806,3303.17529922316,3373.53415680965,2008.77984836692,1795.23278589401,3286.44591985261,3424.30819742603,3189.49507146047,3566.02197183338,3426.49977307404,3273.89989707405,3384.9201506783,3493.3842620092,3071.48404574434,3376.14161624345,552.371117325882,590.601736574983,3250.71161259912,3430.77234452979,3314.22945251873,3581.39503363771,3539.26758312902,3284.14412157719,3622.64407772961,3592.58050578743,3296.77675038046,3462.47679190414,3480.75547264659,3491.64928955137,3527.51393606885,3668.65036754115,3457.00445678853,3436.73786112452,3609.65937275742,3596.79658325038,3510.19430540899,3796.12393246893,3524.64971882215,3679.0547280767,3434.80839267528,3527.75107864308,3641.96157821161,3527.73697416243,3572.05361952706,3599.17292325349,3112.77296331526,3549.68064169394,3436.13960110108,3289.43463377539,3418.42990413749,3499.20229151138,3232.99530598396,3498.95139872299,3527.02086934192,3158.5940009778,322.138993570461,343.004470526595,2817.91644594469,3197.06564906158,3394.47624231222,3009.80276716172,3419.1369118639,3359.75934110352,2991.79633401422,3409.16623168476,3572.2808472063,3149.67505937523
,31,3396.56690231784,3501.44321401148,3208.55000019817,3287.9911805,3379.97214256221,3357.47427584024,3364.25643168345,3339.94219471487,3493.06083648398,3582.18972112301,3486.62395221508,3415.84904487871,3345.40813238695,3326.5855769597,3311.73357925218,3621.2902455369,3646.4364085743,3553.74405160328,3452.68127320254,3626.6940539143,3623.0154628074,3558.86017891961,3376.2499971167,3453.97427571455,2508.46697293272,2264.94600477152,3347.86821757294,3485.66285673604,3244.90276068627,3633.80753272693,3494.85764890997,3340.42330214579,3446.09872060051,3565.32266609372,3131.04919529487,3447.7913744189,902.981792773966,947.758435191839,3316.56705250432,3497.31196318856,3373.14901914325,3649.94940684738,3607.14788561551,3348.21080097503,3694.28049896591,3668.09845411674,3354.87936024192,3521.07694225105,3546.23923679213,3558.38316785781,3598.32522879644,3738.50867018293,3522.26491493801,3504.74916828398,3686.06145243337,3671.33023427054,3580.00354571338,3877.983182059,3593.80072959049,3752.00109255715,3501.67513860723,3596.70150357705,3713.49452226276,3596.8812656204,3639.6351586715,3666.77595648924,3178.5312959043,3625.1497852374,3513.16697772173,3362.21375490531,3493.87258116821,3573.99654951568,3304.68537018615,3580.70812742656,3602.76263847687,3220.05361898842,602.098515354298,647.481993147544,2884.02635614902,3274.92375030433,3467.15262894792,3074.14019878302,3491.41455360083,3434.92829986915,3055.00157765403,3477.94410304412,3643.90798514683,3207.68054528918
,32,3412.99703432209,3523.61399516757,3265.822341109,3345.40562951522,3440.37479722912,3417.13772486257,3431.96154469563,3408.30235629241,3553.43750578056,3645.84766755124,3535.40623191778,3466.96876792245,3441.63887901156,3417.86047198309,3370.36034310104,3689.36053863521,3712.70046476978,3616.74426872361,3502.70488677858,3689.87901355436,3688.94131788706,3666.61502071178,3441.33845697944,3522.08409415897,2923.67692596364,2662.70155490507,3404.71410467412,3548.67825387945,3299.83599788879,3695.0577895843,3551.07854236026,3400.28196694286,3502.3271557148,3632.13357150611,3185.18354274092,3512.14397021455,1366.47827716702,1404.24447312278,3381.43340820519,3561.9052458444,3426.70571538097,3711.89485870709,3670.46642380744,3407.10791020737,3763.09759534609,3734.68396348511,3406.99655732354,3571.18199501676,3610.05149964232,3621.25129393084,3658.74347899272,3803.50572503871,3578.21238513652,3564.40473465451,3753.55337266693,3738.10288674535,3641.52636117687,3949.94015573175,3657.10594514884,3818.40877615508,3558.52032264411,3656.97159713225,3776.74503062358,3658.35632346106,3703.45270406202,3723.54401791252,3236.82276901617,3692.35036414707,3580.98575396379,3424.02923531241,3558.83196965786,3639.7053321585,3368.40829042156,3649.54262989154,3668.03690607193,3273.47962706653,965.517270349653,1034.63063484582,2944.45646585146,3344.58106344464,3531.57803657889,3130.52734320983,3552.79510658001,3499.86463226082,3108.76084740748,3535.74581277998,3703.09214838676,3252.04654941571
,33,3427.5465486951,3541.96761850467,3316.74261506023,3399.68350140024,3490.56216250342,3466.4333714406,3488.03521581628,3467.44382728453,3605.02056785633,3700.87981616929,3576.35593358335,3508.629275606,3501.97774391486,3475.51087942154,3417.68314165579,3740.85404324621,3760.64122322545,3665.98914318565,3542.51819238185,3744.34791028251,3740.71318819944,3763.9997020346,3497.46054398231,3578.52533031835,3225.78137858183,2954.34258538468,3447.15532987838,3594.97168732956,3342.50963554817,3743.41409117803,3599.3526512073,3450.66463362446,3547.1143035669,3686.84525725901,3229.91512591476,3562.36618759468,1894.513821321,1899.64316266826,3429.73878351308,3612.7235653411,3466.29216585607,3758.84879186173,3717.75925069865,3455.15147866766,3814.99714347848,3788.70529819734,3448.87455279102,3612.42128429058,3653.17457999919,3668.73242927083,3704.90706460349,3851.13688370283,3621.33803397755,3611.08021165441,3804.02219956349,3794.75884858902,3691.66161876357,4003.60075402198,3700.08356660698,3863.83654947953,3598.05617625758,3700.00955877251,3820.10046399526,3705.94294718911,3751.23811144973,3768.88715629766,3278.16201076728,3740.62737823579,3629.40147621016,3468.95075304991,3604.12579301905,3686.17433913232,3413.24537971621,3701.77700409101,3714.22714713242,3312.14889170759,1426.69602555438,1518.19074119798,2990.37298533647,3395.59130252352,3575.15427233238,3168.05399292874,3594.88149342312,3545.54935683307,3143.50351607382,3575.10145480391,3742.77218378129,3284.7930119266
,34,3434.15693532647,3544.58730501408,3346.79725083359,3430.23536076147,3524.06712622053,3497.3954654587,3525.74776209269,3505.54978121612,3639.70651656521,3735.7498317443,3604.19819713273,3537.76144995672,3539.22937607901,3509.12111729389,3449.90189147235,3778.15453411578,3796.19428507652,3701.53128509987,3566.78380675959,3779.08170348568,3774.63149298143,3838.49673593201,3537.0562056543,3616.96164936035,3420.81655829856,3146.91658212627,3477.31897556076,3629.8174946621,3370.86563326562,3775.0840369248,3632.27682851895,3484.2220163242,3581.76630089165,3724.82515314914,3259.34482008339,3600.7202048354,2409.36582999439,2359.5366553545,3467.04146095783,3653.09123776568,3496.0596602602,3794.36284506315,3752.25197209566,3487.73724578201,3851.19246953769,3825.42043268985,3475.23371322295,3643.43286431001,3688.14869498386,3705.2604524763,3743.42952599464,3890.52040630958,3654.11114614628,3644.78427225669,3841.4376112514,3842.56106791467,3730.71126372477,4042.24276727888,3734.57082319997,3901.62291851596,3629.42341317517,3731.9114452052,3853.47162218086,3740.90118500249,3785.33378311848,3801.09201103671,3310.69847797467,3778.5653024867,3668.13721752506,3506.08768082156,3637.14819475661,3722.96323334887,3447.84531506021,3741.59422766024,3747.499475688,3344.20635459902,1938.72563200886,2045.24002324046,3027.14760398393,3436.70141783768,3611.86256279929,3197.77269513477,3631.1797118485,3581.73154222045,3173.33630586512,3607.17467535831,3771.9061750368,3310.1496234796
,35,3440.13600542228,3546.15177350231,3372.42238220093,3453.71634044427,3552.54952267862,3522.11625428863,3560.56811066258,3539.36129472724,3673.43605919692,3771.65540174493,3631.68276242681,3565.0283239346,3564.21227764964,3530.12709224016,3477.59553996714,3808.75182328226,3828.04597839916,3731.91797892783,3590.43580065653,3812.43788717558,3805.60763212087,3871.76367734034,3574.96725306668,3653.92022422451,3551.54342654862,3279.15217372208,3503.21077591249,3657.96882198744,3395.07462971427,3807.4857953488,3663.22279576012,3515.39488039399,3611.31310407555,3761.58579181118,3286.6419307026,3633.66133593758,2886.64861490966,2771.91404619998,3497.54887376679,3688.06656818048,3521.69142755538,3827.28118361551,3780.73138261817,3513.13201621079,3880.84839877746,3862.79902844256,3498.8304534373,3675.61186108189,3718.06779358096,3736.93676942966,3781.57110009678,3925.5322013369,3683.25197060415,3674.54550478183,3877.69249819828,3885.51254377913,3765.04818548002,4078.12376130964,3764.49032765445,3935.88928277095,3659.85233645283,3762.55287601419,3882.19100585396,3770.28360200497,3812.19378628877,3827.47051057182,3337.42598662382,3813.28328118626,3698.8693552291,3541.04842077263,3663.75982575765,3753.52270424805,3477.52947822671,3779.64140083968,3775.12242843551,3370.44426251864,2455.09718550014,2571.34748159994,3057.23637492849,3469.72404142001,3644.93904634993,3222.60129109909,3666.76036410051,3613.00455151551,3202.90726947453,3635.1378480441,3798.81721466247,3336.77808799645
