Tortoise_ID,Plate_ID,Treatment ,Time_Point
11.3_A,Plate1,Cold_Dormancy,A
3.1_B,Plate1,Cold_Dormancy,B
9.1_C,Plate1,Constant_Heat,C
8.1_A,Plate1,Constant_Heat,A
12.2_A,Plate1,Constant_Heat,A
15.5_A,Plate1,Constant_Heat,A
3.1_C,Plate1,Cold_Dormancy,C
7.1_D,Plate1,Cold_Dormancy,D
9.1_D,Plate1,Constant_Heat,D
5.3_B,Plate1,Constant_Heat,B
15.2_C,Plate1,Cold_Dormancy,C
10.6_D,Plate1,Cold_Dormancy,D
9.2_C,Plate1,Constant_Heat,C
14.5_D,Plate1,Cold_Dormancy,D
17.3_A,Plate1,Constant_Heat,A
13.4_D,Plate1,Constant_Heat,D
5.1_C,Plate1,Constant_Heat,C
15.3_A,Plate1,Constant_Heat,A
3.3_C,Plate1,Constant_Heat,C
9.4_B,Plate1,Constant_Heat,B
13.3_B,Plate1,Cold_Dormancy,B
15.2_A,Plate1,Cold_Dormancy,A
10.6_B,Plate1,Cold_Dormancy,B
17.2_B,Plate1,Cold_Dormancy,B
7.5_C,Plate1,Cold_Dormancy,C
13.2_B,Plate1,Constant_Heat,B
10.6_A,Plate1,Cold_Dormancy,A
5.4_D,Plate1,Cold_Dormancy,D
2.3_C,Plate1,Cold_Dormancy,C
17.3_D,Plate1,Constant_Heat,D
2.4_B,Plate1,Constant_Heat,B
3.2_B,Plate1,Cold_Dormancy,B
9.3_A,Plate1,Cold_Dormancy,A
17.5_C,Plate1,Constant_Heat,C
9.4_D,Plate1,Constant_Heat,D
9.5_B,Plate1,Constant_Heat,B
10.4_D,Plate1,Cold_Dormancy,D
5.2_C,Plate1,Cold_Dormancy,C
12.4_A,Plate1,Cold_Dormancy,A
7.4_D,Plate1,Constant_Heat,D
15.3_D,Plate2,Constant_Heat,D
10.1_A,Plate2,Constant_Heat,A
7.1_A,Plate2,Cold_Dormancy,A
13.3_D,Plate2,Cold_Dormancy,D
8.1_C,Plate2,Constant_Heat,C
5.3_D,Plate2,Constant_Heat,D
9.6_D,Plate2,Cold_Dormancy,D
2.2_D,Plate2,Cold_Dormancy,D
5.5_A,Plate2,Constant_Heat,A
3.3_B,Plate2,Constant_Heat,B
14.5_C,Plate2,Cold_Dormancy,C
12.2_D,Plate2,Constant_Heat,D
3.1_A,Plate2,Cold_Dormancy,A
6.4_C,Plate2,Cold_Dormancy,C
9.4_C,Plate2,Constant_Heat,C
12.5_B,Plate2,Cold_Dormancy,B
6.3_D,Plate2,Cold_Dormancy,D
5.1_A,Plate2,Constant_Heat,A
7.5_D,Plate2,Cold_Dormancy,D
3.4_C,Plate2,Cold_Dormancy,C
13.2_C,Plate2,Constant_Heat,C
15.4_A,Plate2,Cold_Dormancy,A
5.5_B,Plate2,Constant_Heat,B
9.5_A,Plate2,Constant_Heat,A
10.1_C,Plate2,Constant_Heat,C
10.4_B,Plate2,Cold_Dormancy,B
10.5_D,Plate2,Constant_Heat,D
10.4_C,Plate2,Cold_Dormancy,C
11.3_B,Plate2,Cold_Dormancy,B
17.5_B,Plate2,Constant_Heat,B
6.4_A,Plate2,Cold_Dormancy,A
17.2_A,Plate2,Cold_Dormancy,A
15.1_C,Plate2,Constant_Heat,C
11.2_D,Plate2,Constant_Heat,D
5.3_A,Plate2,Constant_Heat,A
15.1_B,Plate2,Constant_Heat,B
15.3_B,Plate2,Constant_Heat,B
5.4_B,Plate2,Cold_Dormancy,B
2.2_B,Plate2,Cold_Dormancy,B
17.2_C,Plate2,Cold_Dormancy,C
7.2_D,Plate3,Constant_Heat,D
10.2_A,Plate3,Cold_Dormancy,A
7.5_A,Plate3,Cold_Dormancy,A
13.1_A,Plate3,Cold_Dormancy,A
17.4_D,Plate3,Cold_Dormancy,D
7.4_A,Plate3,Constant_Heat,A
3.1_D,Plate3,Cold_Dormancy,D
17.3_C,Plate3,Constant_Heat,C
2.3_D,Plate3,Cold_Dormancy,D
9.3_C,Plate3,Cold_Dormancy,C
10.2_B,Plate3,Cold_Dormancy,B
17.5_D,Plate3,Constant_Heat,D
14.5_A,Plate3,Cold_Dormancy,A
5.6_C,Plate3,Cold_Dormancy,C
13.4_A,Plate3,Constant_Heat,A
15.2_D,Plate3,Cold_Dormancy,D
5.4_C,Plate3,Cold_Dormancy,C
10.2_D,Plate3,Cold_Dormancy,D
7.2_B,Plate3,Constant_Heat,B
6.2_A,Plate3,Constant_Heat,A
15.1_D,Plate3,Constant_Heat,D
7.3_B,Plate3,Cold_Dormancy,B
12.2_B,Plate3,Constant_Heat,B
6.2_C,Plate3,Constant_Heat,C
8.1_B,Plate3,Constant_Heat,B
13.4_C,Plate3,Constant_Heat,C
14.5_B,Plate3,Cold_Dormancy,B
5.5_D,Plate3,Constant_Heat,D
5.1_D,Plate3,Constant_Heat,D
5.3_C,Plate3,Constant_Heat,C
13.1_C,Plate3,Cold_Dormancy,C
5.2_B,Plate3,Cold_Dormancy,B
2.2_A,Plate3,Cold_Dormancy,A
10.5_B,Plate3,Constant_Heat,B
11.2_C,Plate3,Constant_Heat,C
11.2_A,Plate3,Constant_Heat,A
17.3_B,Plate3,Constant_Heat,B
17.5_A,Plate3,Constant_Heat,A
8.2_C,Plate3,Cold_Dormancy,C
15.2_B,Plate3,Cold_Dormancy,B
7.1_B,Plate4,Cold_Dormancy,B
3.2_C,Plate4,Cold_Dormancy,C
10.3_A,Plate4,Constant_Heat,A
15.4_B,Plate4,Cold_Dormancy,B
2.3_A,Plate4,Cold_Dormancy,A
11.4_C,Plate4,Constant_Heat,C
9.2_A,Plate4,Constant_Heat,A
13.4_B,Plate4,Constant_Heat,B
15.5_B,Plate4,Constant_Heat,B
8.2_B,Plate4,Cold_Dormancy,B
11.1_B,Plate4,Cold_Dormancy,B
10.3_B,Plate4,Constant_Heat,B
9.4_A,Plate4,Constant_Heat,A
2.4_A,Plate4,Constant_Heat,A
11.3_D,Plate4,Cold_Dormancy,D
13.1_D,Plate4,Cold_Dormancy,D
17.2_D,Plate4,Cold_Dormancy,D
6.5_D,Plate4,Constant_Heat,D
9.6_C,Plate4,Cold_Dormancy,C
2.4_C,Plate4,Constant_Heat,C
6.2_B,Plate4,Constant_Heat,B
3.4_A,Plate4,Cold_Dormancy,A
12.5_C,Plate4,Cold_Dormancy,C
11.1_A,Plate4,Cold_Dormancy,A
8.2_A,Plate4,Cold_Dormancy,A
3.2_A,Plate4,Cold_Dormancy,A
6.4_B,Plate4,Cold_Dormancy,B
10.1_D,Plate4,Constant_Heat,D
10.3_D,Plate4,Constant_Heat,D
12.4_D,Plate4,Cold_Dormancy,D
12.6_B,Plate4,Constant_Heat,B
12.6_A,Plate4,Constant_Heat,A
15.3_C,Plate4,Constant_Heat,C
17.4_C,Plate4,Cold_Dormancy,C
12.6_D,Plate4,Constant_Heat,D
12.2_C,Plate4,Constant_Heat,C
3.3_D,Plate4,Constant_Heat,D
7.1_C,Plate4,Cold_Dormancy,C
6.4_D,Plate4,Cold_Dormancy,D
7.2_C,Plate4,Constant_Heat,C
12.4_B,Plate5,Cold_Dormancy,B
11.1_D,Plate5,Cold_Dormancy,D
10.6_C,Plate5,Cold_Dormancy,C
7.3_C,Plate5,Cold_Dormancy,C
15.4_D,Plate5,Cold_Dormancy,D
3.4_B,Plate5,Cold_Dormancy,B
14.4_C,Plate5,Constant_Heat,C
5.5_C,Plate5,Constant_Heat,C
5.1_B,Plate5,Constant_Heat,B
9.1_A,Plate5,Constant_Heat,A
14.4_B,Plate5,Constant_Heat,B
11.2_B,Plate5,Constant_Heat,B
6.3_B,Plate5,Cold_Dormancy,B
7.3_A,Plate5,Cold_Dormancy,A
3.2_D,Plate5,Cold_Dormancy,D
2.2_C,Plate5,Cold_Dormancy,C
7.4_C,Plate5,Constant_Heat,C
11.1_C,Plate5,Cold_Dormancy,C
9.6_B,Plate5,Cold_Dormancy,B
11.4_D,Plate5,Constant_Heat,D
7.3_D,Plate5,Cold_Dormancy,D
13.3_A,Plate5,Cold_Dormancy,A
10.1_B,Plate5,Constant_Heat,B
12.5_A,Plate5,Cold_Dormancy,A
9.1_B,Plate5,Constant_Heat,B
17.4_B,Plate5,Cold_Dormancy,B
6.5_A,Plate5,Constant_Heat,A
3.3_A,Plate5,Constant_Heat,A
17.4_A,Plate5,Cold_Dormancy,A
2.4_D,Plate5,Constant_Heat,D
12.6_C,Plate5,Constant_Heat,C
8.2_D,Plate5,Cold_Dormancy,D
11.4_A,Plate5,Constant_Heat,A
14.4_A,Plate5,Constant_Heat,A
13.3_C,Plate5,Cold_Dormancy,C
9.6_A,Plate5,Cold_Dormancy,A
8.1_D,Plate5,Constant_Heat,D
9.5_D,Plate5,Constant_Heat,D
9.5_C,Plate5,Constant_Heat,C
13.2_D,Plate5,Constant_Heat,D
6.1_B,Plate6,Constant_Heat (excluded from experiment),B
15.1_A,Plate6,Constant_Heat,A
15.4_C,Plate6,Cold_Dormancy,C
9.3_D,Plate6,Cold_Dormancy,D
12.5_D,Plate6,Cold_Dormancy,D
5.2_A,Plate6,Cold_Dormancy,A
6.3_A,Plate6,Cold_Dormancy,A
9.3_B,Plate6,Cold_Dormancy,B
14.4_D,Plate6,Constant_Heat,D
10.5_C,Plate6,Constant_Heat,C
15.5_C,Plate6,Constant_Heat,C
10.2_C,Plate6,Cold_Dormancy,C
6.5_C,Plate6,Constant_Heat,C
5.4_A,Plate6,Cold_Dormancy,A
2.3_B,Plate6,Cold_Dormancy,B
7.4_B,Plate6,Constant_Heat,B
9.2_B,Plate6,Constant_Heat,B
7.5_B,Plate6,Cold_Dormancy,B
6.5_B,Plate6,Constant_Heat,B
6.1_C,Plate6,Constant_Heat (excluded from experiment),C
3.4_D,Plate6,Cold_Dormancy,D
13.1_B,Plate6,Cold_Dormancy,B
12.4_C,Plate6,Cold_Dormancy,C
5.6_D,Plate6,Cold_Dormancy,D
10.3_C,Plate6,Constant_Heat,C
11.3_C,Plate6,Cold_Dormancy,C
6.1_A,Plate6,Constant_Heat (excluded from experiment),A
6.1_D,Plate6,Constant_Heat (excluded from experiment),D
10.5_A,Plate6,Constant_Heat,A
6.2_D,Plate6,Constant_Heat,D
5.2_D,Plate6,Cold_Dormancy,D
6.3_C,Plate6,Cold_Dormancy,C
11.4_B,Plate6,Constant_Heat,B
10.4_A,Plate6,Cold_Dormancy,A
7.2_A,Plate6,Constant_Heat,A
5.6_B,Plate6,Cold_Dormancy,B
9.2_D,Plate6,Constant_Heat,D
13.2_A,Plate6,Constant_Heat,A
5.6_A,Plate6,Cold_Dormancy,A
15.5_D,Plate6,Constant_Heat,D
,,,
,,,
,,,
,,,
,,,
,,,
,,,
,,,
,,,
,,,
,,,
,,,
,,,
,,,
,,,
,,,
,,,
,,,
,,,
,,,
,,,
,,,
,,,
,,,
,,,
,,,
,,,
,,,
,,,
,,,
,,,
,,,
,,,
,,,
,,,
,,,
,,,
,,,
,,,
,,,
,,,
,,,
,,,
,,,
,,,
,,,
,,,
,,,
,,,
,,,
,,,
,,,
,,,
,,,
,,,
,,,
,,,
,,,
,,,
,,,
,,,
,,,
,,,
,,,
,,,
,,,
,,,
,,,
,,,
,,,
,,,
,,,
,,,
,,,
,,,
,,,
,,,
,,,
,,,
,,,
,,,
,,,
,,,
,,,
,,,
,,,
,,,
,,,
,,,
,,,
,,,
,,,
,,,
,,,
,,,
,,,
,,,
,,,
,,,
,,,
,,,
,,,
,,,
,,,
,,,
,,,
,,,
,,,
,,,
,,,
,,,
,,,
,,,
,,,
,,,
,,,
,,,
,,,
,,,
,,,
,,,
,,,
,,,
,,,
,,,
,,,
,,,
,,,
,,,
,,,
,,,
,,,
,,,
,,,
,,,
,,,
,,,
,,,
,,,
,,,
,,,
,,,
,,,
,,,
,,,
,,,
,,,
,,,
,,,
,,,
,,,
,,,
,,,
,,,
,,,
,,,
,,,
,,,
,,,
,,,
,,,
,,,
,,,
,,,
,,,
,,,
,,,
,,,
,,,
,,,
,,,
,,,
,,,
,,,
,,,
,,,
,,,
,,,
,,,
,,,
,,,
,,,
,,,
,,,
,,,
,,,
,,,
,,,
,,,
,,,
,,,
,,,
,,,
,,,
,,,
,,,
,,,
,,,
,,,
,,,
,,,
,,,
,,,
,,,
,,,
,,,
,,,
,,,
,,,
,,,
,,,
,,,
,,,
,,,
,,,
,,,
,,,
,,,
,,,
,,,
,,,
,,,
,,,
,,,
,,,
,,,
,,,
,,,
,,,
,,,
,,,
,,,
,,,
,,,
,,,
,,,
,,,
,,,
,,,
,,,
,,,
,,,
,,,
,,,
,,,
,,,
,,,
,,,
,,,
,,,
,,,
,,,
,,,
,,,
,,,
,,,
,,,
,,,
,,,
,,,
,,,
,,,
,,,
,,,
,,,
,,,
,,,
,,,
,,,
,,,
,,,
,,,
,,,
,,,
,,,
,,,
,,,
,,,
,,,
,,,
,,,
,,,
,,,
,,,
,,,
,,,
,,,
,,,
,,,
,,,
,,,
,,,
,,,
,,,
,,,
,,,
,,,
,,,
,,,
,,,
,,,
,,,
,,,
,,,
,,,
,,,
,,,
,,,
,,,
,,,
,,,
,,,
,,,
,,,
,,,
,,,
,,,
,,,
,,,
,,,
,,,
,,,
,,,
,,,
,,,
,,,
,,,
,,,
,,,
,,,
,,,
,,,
,,,
,,,
,,,
,,,
,,,
,,,
,,,
,,,
,,,
,,,
,,,
,,,
,,,
,,,
,,,
,,,
,,,
,,,
,,,
,,,
,,,
,,,
,,,
,,,
,,,
,,,
,,,
,,,
,,,
,,,
,,,
,,,
,,,
,,,
,,,
,,,
,,,
,,,
,,,
,,,
,,,
,,,
,,,
,,,
,,,
,,,
,,,
,,,
,,,
,,,
,,,
,,,
,,,
,,,
,,,
,,,
,,,
,,,
,,,
,,,
,,,
,,,
,,,
,,,
,,,
,,,
,,,
,,,
,,,
,,,
,,,
,,,
,,,
,,,
,,,
,,,
,,,
,,,
,,,
,,,
,,,
,,,
,,,
,,,
,,,
,,,
,,,
,,,
,,,
,,,
,,,
,,,
,,,
,,,
,,,
,,,
,,,
,,,
,,,
,,,
,,,
,,,
,,,
,,,
,,,
,,,
,,,
,,,
,,,
,,,
,,,
,,,
,,,
,,,
,,,
,,,
,,,
,,,
,,,
,,,
,,,
,,,
,,,
,,,
,,,
,,,
